Employee_ID,Job_Title,Industry,Country,Education_Level,Years_Experience,AI_Replacement_Risk,Future_Demand_Score,Remote_Work_Possibility,Average_Salary_USD,Automation_Level,Job_Growth_2030,Work_Hours_Per_Week,Company_Size,AI_Tool_Usage,Performance_Score,Upskilling_Needed,Job_Satisfaction,Hiring_Trend_2026
AIJ-100000,Data Engineer,Healthcare,Japan,PhD,1,0.25,0.78,Yes,207392,Low,3,37,Enterprise,High,2.08,Yes,3.86,Growing
AIJ-100001,Healthcare Analyst,Retail,UK,Bachelor,24,0.73,0.33,No,140785,Low,-5,42,Startup,Moderate,4.54,No,4.23,Growing
AIJ-100002,HR Specialist,Education,Canada,High School,21,0.8,0.69,Yes,124800,Medium,-5,57,Startup,Low,3.14,No,3.54,Stable
AIJ-100003,Cybersecurity Analyst,Government,UK,Bachelor,5,0.29,0.94,No,199878,Medium,7,59,Enterprise,High,3.67,No,4.37,Declining
AIJ-100004,Healthcare Analyst,Education,UAE,PhD,20,0.11,0.92,No,178682,Low,6,34,Startup,High,3.68,No,3.99,Stable
AIJ-100005,Machine Learning Engineer,Energy,Japan,High School,12,0.73,0.88,No,70066,High,19,46,Medium,High,4.58,Yes,3.72,Declining
AIJ-100006,UX Designer,Media,UK,High School,20,0.46,0.95,No,218659,High,22,49,Startup,Low,3.12,Yes,3.16,Growing
AIJ-100007,Digital Marketer,Technology,Germany,High School,2,0.15,0.49,Hybrid,110612,Medium,42,32,Enterprise,Low,2.39,No,4.79,Declining
AIJ-100008,Robotics Engineer,Energy,Pakistan,PhD,16,0.73,0.74,No,216895,Low,5,37,Startup,Moderate,2.06,Yes,3.35,Declining
AIJ-100009,Product Manager,Education,India,PhD,6,0.86,0.88,Hybrid,48574,Low,36,59,Enterprise,High,3.42,No,4.23,Declining
AIJ-100010,Cloud Architect,Technology,Australia,Master,25,0.43,0.57,Yes,44200,Low,2,36,Enterprise,Moderate,2.42,Yes,2.11,Declining
AIJ-100011,Cybersecurity Analyst,Education,UK,PhD,15,0.64,0.63,No,33868,Low,45,42,Startup,Low,3.14,No,2.06,Stable
AIJ-100012,AI Engineer,Manufacturing,USA,High School,18,0.25,0.25,No,172133,High,44,46,Startup,Low,4.88,Yes,4.41,Declining
AIJ-100013,Teacher,Technology,Japan,High School,13,0.9,0.65,Hybrid,181760,High,26,46,Medium,Moderate,2.61,No,1.95,Stable
AIJ-100014,Teacher,Government,Canada,High School,17,0.73,0.26,Yes,150136,High,6,34,Medium,Low,4.64,No,2.14,Stable
AIJ-100015,Cloud Architect,Healthcare,Singapore,Bachelor,8,0.14,0.89,No,99328,High,3,52,Medium,Low,4.06,No,3.02,Stable
AIJ-100016,UX Designer,Finance,UAE,PhD,17,0.09,0.46,Yes,64293,Low,-6,60,Enterprise,Low,3.64,No,3.33,Declining
AIJ-100017,Cloud Architect,Manufacturing,Singapore,PhD,19,0.86,0.37,Hybrid,95412,Low,5,57,Startup,Low,4.64,Yes,1.72,Stable
AIJ-100018,Digital Marketer,Education,UAE,Master,9,0.39,0.23,Yes,153388,Low,-9,51,Startup,Moderate,2.98,Yes,4.87,Stable
AIJ-100019,UX Designer,Technology,Canada,PhD,11,0.84,0.41,Hybrid,182198,Medium,17,49,Enterprise,Low,3.16,Yes,2.02,Growing
AIJ-100020,Healthcare Analyst,Healthcare,India,Master,21,0.9,0.93,No,193356,Medium,15,52,Medium,High,2.38,No,3.66,Stable
AIJ-100021,Teacher,Manufacturing,UAE,PhD,14,0.31,0.54,Hybrid,182039,Low,22,45,Enterprise,Low,3.98,No,3.06,Growing
AIJ-100022,IoT Specialist,Government,Canada,PhD,13,0.23,0.22,Hybrid,94184,High,2,52,Enterprise,Moderate,3.48,Yes,1.59,Growing
AIJ-100023,Blockchain Developer,Technology,Singapore,Bachelor,3,0.21,0.96,No,165779,Low,41,44,Enterprise,High,4.96,No,4.8,Stable
AIJ-100024,UX Designer,Media,UAE,Bachelor,8,0.46,0.79,No,197159,Low,35,39,Startup,Moderate,3.01,Yes,1.55,Declining
AIJ-100025,DevOps Engineer,Energy,Japan,High School,24,0.54,0.53,Hybrid,84220,Medium,20,30,Medium,Moderate,4.26,No,3.15,Growing
AIJ-100026,Prompt Engineer,Finance,UAE,Bachelor,19,0.49,0.51,Hybrid,205341,Low,15,48,Enterprise,High,2.08,No,1.54,Stable
AIJ-100027,UX Designer,Energy,India,High School,15,0.24,0.46,Yes,129385,High,24,31,Medium,Low,3.95,Yes,4.02,Declining
AIJ-100028,Blockchain Developer,Retail,Pakistan,Bachelor,19,0.48,0.29,Hybrid,87138,High,35,33,Startup,Moderate,2.32,Yes,4.72,Growing
AIJ-100029,Teacher,Healthcare,Japan,High School,11,0.27,0.75,Hybrid,109058,Medium,32,41,Startup,High,3.94,Yes,4.4,Stable
AIJ-100030,UX Designer,Government,Singapore,PhD,14,0.69,0.54,No,166772,High,27,38,Medium,Low,4.49,Yes,2.12,Stable
AIJ-100031,Business Analyst,Manufacturing,India,Master,8,0.49,0.46,Hybrid,157808,High,7,47,Startup,High,4.84,Yes,1.97,Stable
AIJ-100032,Digital Marketer,Energy,Germany,Master,21,0.45,0.21,Hybrid,107132,Medium,20,47,Enterprise,Moderate,3.28,No,2.41,Stable
AIJ-100033,Machine Learning Engineer,Education,Germany,PhD,8,0.22,0.29,Hybrid,170473,High,38,46,Enterprise,Moderate,4.94,Yes,2.18,Stable
AIJ-100034,Software Developer,Transportation,Canada,High School,18,0.09,0.24,No,106581,Medium,20,44,Medium,Low,4.9,No,4.76,Stable
AIJ-100035,Software Developer,Finance,Japan,Master,2,0.12,0.7,Yes,44053,Low,25,54,Medium,High,3.79,Yes,4.1,Stable
AIJ-100036,Business Analyst,Education,India,High School,5,0.1,0.96,Yes,56013,Low,25,32,Startup,Low,3.23,No,2.17,Declining
AIJ-100037,HR Specialist,Education,Australia,High School,17,0.88,0.82,Yes,193855,High,-1,59,Medium,Low,2.21,Yes,4.17,Growing
AIJ-100038,Data Engineer,Transportation,UAE,High School,19,0.68,0.94,Yes,161195,Medium,37,40,Enterprise,Moderate,2.08,Yes,4.85,Growing
AIJ-100039,Machine Learning Engineer,Government,Australia,PhD,2,0.47,0.71,No,102917,Medium,16,40,Medium,High,2.31,Yes,2.32,Growing
AIJ-100040,Product Manager,Technology,Singapore,PhD,13,0.28,0.29,Yes,135952,Low,23,41,Enterprise,Moderate,3.88,Yes,1.81,Growing
AIJ-100041,Machine Learning Engineer,Retail,Singapore,High School,17,0.08,0.7,No,92730,Low,4,56,Startup,Moderate,4.84,Yes,2.99,Growing
AIJ-100042,Software Developer,Energy,Germany,Bachelor,2,0.93,0.39,No,174510,Medium,11,59,Enterprise,Moderate,4.46,No,3.9,Growing
AIJ-100043,Business Analyst,Education,Japan,PhD,7,0.74,0.5,No,114352,Low,10,53,Medium,High,4.74,No,2.54,Growing
AIJ-100044,Blockchain Developer,Healthcare,Singapore,PhD,0,0.92,0.46,Hybrid,56309,Low,16,57,Enterprise,Low,2.22,No,2.35,Growing
AIJ-100045,AI Engineer,Government,Canada,Bachelor,20,0.85,0.59,Hybrid,171824,Medium,4,53,Startup,Moderate,4.94,Yes,2.77,Growing
AIJ-100046,Digital Marketer,Media,Australia,Bachelor,5,0.31,0.5,Yes,68160,Low,29,57,Medium,High,4.05,No,4.65,Declining
AIJ-100047,Robotics Engineer,Media,UK,High School,14,0.65,0.91,No,151963,High,9,50,Medium,High,2.75,No,1.8,Stable
AIJ-100048,Prompt Engineer,Retail,USA,High School,19,0.32,0.75,Hybrid,35751,Medium,43,58,Medium,Low,3.82,No,1.88,Declining
AIJ-100049,Cybersecurity Analyst,Retail,Pakistan,PhD,5,0.45,0.66,Yes,64448,Low,40,47,Medium,High,3.51,No,4.32,Stable
AIJ-100050,Prompt Engineer,Media,Pakistan,High School,25,0.73,0.38,No,207294,Low,6,47,Startup,Moderate,3.11,No,3.34,Growing
AIJ-100051,Digital Marketer,Healthcare,UAE,Master,20,0.85,0.64,No,189929,Low,-2,31,Startup,Moderate,4.99,Yes,1.39,Growing
AIJ-100052,DevOps Engineer,Government,UK,PhD,20,0.9,0.75,Yes,171608,Medium,29,43,Medium,Low,4.07,Yes,2.77,Declining
AIJ-100053,Cybersecurity Analyst,Education,Japan,High School,1,0.3,0.96,No,149201,Low,-2,55,Enterprise,Low,2.21,Yes,3.35,Declining
AIJ-100054,Cloud Architect,Technology,UK,High School,11,0.94,0.63,Yes,75743,High,10,30,Startup,Moderate,2.16,No,3.1,Growing
AIJ-100055,Digital Marketer,Government,USA,Master,14,0.51,0.29,Hybrid,162078,Low,-7,45,Medium,Moderate,4.06,No,3.85,Stable
AIJ-100056,HR Specialist,Media,Pakistan,PhD,19,0.11,0.42,Hybrid,195957,Medium,19,46,Enterprise,Moderate,2.3,Yes,4.41,Growing
AIJ-100057,Cloud Architect,Manufacturing,Australia,Master,21,0.36,0.56,No,139049,Medium,-1,51,Medium,Low,2.27,Yes,1.37,Declining
AIJ-100058,AI Engineer,Retail,Japan,Master,11,0.42,0.89,Yes,140870,High,22,36,Startup,High,3.45,Yes,2.4,Growing
AIJ-100059,Teacher,Media,USA,Master,0,0.81,0.97,Yes,192981,Medium,34,54,Medium,Moderate,3.05,Yes,4.48,Growing
AIJ-100060,Machine Learning Engineer,Manufacturing,India,Master,24,0.24,0.53,Hybrid,119363,High,-5,58,Startup,Low,2.47,Yes,3.7,Stable
AIJ-100061,Cloud Architect,Retail,Japan,PhD,16,0.73,0.29,Hybrid,142699,Medium,-8,37,Medium,High,2.16,Yes,2.21,Declining
AIJ-100062,Software Developer,Energy,Singapore,Bachelor,16,0.06,0.79,Hybrid,76057,High,41,41,Startup,Moderate,4.59,Yes,2.74,Stable
AIJ-100063,Prompt Engineer,Technology,Pakistan,Bachelor,25,0.69,0.53,Hybrid,60192,Medium,43,52,Medium,Low,3.31,Yes,1.97,Growing
AIJ-100064,Cybersecurity Analyst,Media,Canada,Bachelor,24,0.36,0.46,No,74074,Medium,36,60,Enterprise,Low,2.71,Yes,2.02,Declining
AIJ-100065,HR Specialist,Government,Pakistan,Master,4,0.73,0.8,No,147677,Low,20,44,Enterprise,Moderate,4.39,Yes,2.41,Declining
AIJ-100066,Teacher,Government,Singapore,PhD,14,0.8,0.26,Hybrid,53670,High,40,53,Startup,Moderate,4.73,Yes,2.29,Stable
AIJ-100067,Cybersecurity Analyst,Media,UK,High School,7,0.86,0.47,Hybrid,217253,Medium,18,46,Enterprise,High,2.48,No,4.67,Stable
AIJ-100068,Teacher,Finance,Pakistan,High School,18,0.55,0.51,Hybrid,96059,Low,12,39,Enterprise,High,3.99,Yes,3.38,Declining
AIJ-100069,Product Manager,Healthcare,Australia,Master,0,0.65,0.85,No,209677,Medium,1,60,Startup,Moderate,4.84,No,1.77,Declining
AIJ-100070,AI Engineer,Manufacturing,Japan,Bachelor,19,0.74,0.86,No,168027,Low,0,35,Enterprise,High,4.43,Yes,3.88,Declining
AIJ-100071,Digital Marketer,Retail,UAE,Bachelor,11,0.72,0.55,Hybrid,169987,High,18,44,Medium,Moderate,3.51,No,4.87,Declining
AIJ-100072,Product Manager,Healthcare,India,High School,24,0.38,0.94,Yes,216489,Medium,18,58,Enterprise,Low,4.49,Yes,4.79,Declining
AIJ-100073,Financial Analyst,Education,USA,Master,3,0.39,0.51,Hybrid,51392,High,11,55,Startup,Low,2.11,No,3.78,Declining
AIJ-100074,Product Manager,Energy,Canada,Master,7,0.8,0.63,No,189614,Low,-7,37,Medium,High,4.38,No,1.25,Stable
AIJ-100075,Digital Marketer,Government,Australia,Bachelor,21,0.31,0.2,Hybrid,122488,Low,23,41,Startup,High,3.63,Yes,2.56,Stable
AIJ-100076,Financial Analyst,Education,Canada,Master,4,0.72,0.48,Yes,47710,Medium,24,40,Enterprise,Low,4.49,No,4.92,Stable
AIJ-100077,AI Engineer,Manufacturing,India,PhD,17,0.31,0.23,No,82289,Medium,-8,54,Enterprise,Low,2.86,Yes,4.46,Stable
AIJ-100078,Healthcare Analyst,Finance,UAE,PhD,11,0.72,0.91,Hybrid,131356,Medium,41,32,Enterprise,Moderate,2.24,Yes,3.18,Stable
AIJ-100079,Machine Learning Engineer,Transportation,Pakistan,PhD,1,0.33,0.68,Hybrid,141703,Medium,29,43,Medium,High,4.94,Yes,1.3,Growing
AIJ-100080,Cybersecurity Analyst,Education,Pakistan,Master,12,0.66,0.55,Hybrid,63090,Low,28,34,Enterprise,Moderate,4.85,No,2.78,Declining
AIJ-100081,Data Scientist,Finance,UAE,PhD,17,0.63,0.4,Yes,59739,Medium,39,38,Enterprise,Moderate,2.64,No,3.78,Stable
AIJ-100082,Healthcare Analyst,Manufacturing,Canada,Master,9,0.21,0.76,Yes,53013,High,35,59,Enterprise,High,2.52,No,3.04,Declining
AIJ-100083,Data Engineer,Finance,Japan,High School,2,0.37,0.65,No,152527,Medium,35,53,Medium,High,3.23,No,4.29,Declining
AIJ-100084,HR Specialist,Finance,UK,PhD,16,0.66,0.47,Yes,174520,Low,23,34,Medium,Low,2.49,Yes,2.38,Growing
AIJ-100085,Data Engineer,Healthcare,Singapore,Bachelor,18,0.3,0.69,Hybrid,191068,Low,0,51,Enterprise,High,4.71,No,4.37,Growing
AIJ-100086,Business Analyst,Government,Australia,High School,15,0.9,0.81,Hybrid,99377,High,8,50,Medium,Moderate,2.73,No,2.19,Declining
AIJ-100087,Software Developer,Manufacturing,Pakistan,Master,12,0.49,0.36,Yes,189032,Medium,22,47,Startup,Moderate,2.73,Yes,2.07,Declining
AIJ-100088,Healthcare Analyst,Government,Pakistan,Bachelor,24,0.83,0.53,Yes,71864,Medium,22,44,Medium,Moderate,3.49,Yes,4.78,Growing
AIJ-100089,IoT Specialist,Retail,Singapore,High School,3,0.5,0.9,No,201510,Low,6,53,Medium,Moderate,3.1,No,1.2,Growing
AIJ-100090,Teacher,Government,Canada,Bachelor,3,0.5,0.8,No,103327,Medium,40,40,Enterprise,Moderate,4.26,Yes,3.41,Stable
AIJ-100091,Blockchain Developer,Finance,Japan,Bachelor,10,0.69,0.84,Hybrid,166139,Medium,0,42,Enterprise,High,4.53,No,3.03,Growing
AIJ-100092,Data Scientist,Government,UAE,Master,20,0.15,0.53,Hybrid,110655,High,4,53,Startup,High,3.44,No,1.59,Growing
AIJ-100093,Business Analyst,Energy,Singapore,PhD,23,0.45,0.53,Hybrid,138255,Low,35,34,Enterprise,Low,3.68,No,3.1,Stable
AIJ-100094,UX Designer,Government,UAE,Bachelor,7,0.74,0.77,No,198639,High,9,37,Medium,Moderate,4.11,No,2.27,Stable
AIJ-100095,Robotics Engineer,Technology,India,High School,11,0.79,0.95,No,68397,High,6,53,Medium,Low,2.61,No,4.73,Growing
AIJ-100096,Digital Marketer,Technology,Canada,PhD,10,0.65,0.62,Hybrid,197233,Medium,-4,51,Startup,Low,4.89,Yes,2.63,Stable
AIJ-100097,Digital Marketer,Media,USA,Bachelor,13,0.87,0.27,Yes,180505,Low,43,42,Medium,Low,4.81,No,4.51,Declining
AIJ-100098,Product Manager,Transportation,India,Bachelor,25,0.54,0.59,Yes,65179,Medium,0,53,Medium,High,2.77,Yes,1.06,Stable
AIJ-100099,Cloud Architect,Finance,UK,PhD,10,0.51,0.27,Yes,205441,Low,6,42,Startup,Moderate,4.26,No,2.21,Growing
AIJ-100100,Machine Learning Engineer,Energy,Singapore,Master,22,0.11,0.29,Yes,110427,High,8,41,Enterprise,Low,2.66,Yes,2.91,Stable
AIJ-100101,Product Manager,Transportation,Singapore,Master,2,0.66,0.67,Hybrid,51461,Low,-7,56,Enterprise,High,2.61,Yes,1.66,Growing
AIJ-100102,DevOps Engineer,Transportation,Japan,High School,17,0.78,0.56,No,164544,High,41,39,Enterprise,Low,3.19,Yes,3.98,Growing
AIJ-100103,Cybersecurity Analyst,Transportation,USA,Master,13,0.68,0.63,Yes,45795,Low,39,50,Enterprise,High,4.89,No,4.97,Stable
AIJ-100104,Machine Learning Engineer,Media,Australia,Bachelor,23,0.17,0.88,Yes,61098,Low,38,30,Medium,Moderate,4.02,No,3.13,Declining
AIJ-100105,AI Engineer,Energy,Japan,High School,7,0.22,0.89,Yes,59581,Low,-4,49,Startup,Moderate,3.79,Yes,1.98,Declining
AIJ-100106,Digital Marketer,Government,Pakistan,Master,7,0.1,0.6,No,105828,Low,32,46,Startup,Moderate,2.9,Yes,3.23,Growing
AIJ-100107,Healthcare Analyst,Energy,Australia,Bachelor,9,0.9,0.73,No,167484,Low,38,47,Medium,Low,4.55,No,4.43,Declining
AIJ-100108,Cybersecurity Analyst,Transportation,Pakistan,High School,17,0.4,0.4,Hybrid,116576,Low,-7,38,Medium,High,3.81,Yes,4.49,Declining
AIJ-100109,Cloud Architect,Transportation,Germany,Bachelor,12,0.91,0.21,Yes,79813,High,10,54,Medium,Moderate,3.4,No,2.23,Stable
AIJ-100110,AI Engineer,Government,Germany,Bachelor,0,0.87,0.49,No,138509,High,27,48,Enterprise,Moderate,2.89,Yes,2.32,Stable
AIJ-100111,IoT Specialist,Transportation,UK,Master,5,0.79,0.96,Yes,198216,High,24,45,Startup,High,4.97,Yes,3.1,Declining
AIJ-100112,Software Developer,Technology,Germany,PhD,11,0.81,0.38,Yes,215380,High,30,51,Enterprise,Moderate,3.98,Yes,1.03,Growing
AIJ-100113,Machine Learning Engineer,Healthcare,Canada,Bachelor,7,0.5,0.75,Yes,142872,High,23,38,Medium,Moderate,4.38,Yes,2.49,Stable
AIJ-100114,Cybersecurity Analyst,Energy,Australia,PhD,17,0.64,0.88,No,38305,Low,30,30,Enterprise,Low,2.25,No,3.58,Stable
AIJ-100115,IoT Specialist,Retail,USA,High School,21,0.24,0.89,No,178579,High,26,51,Startup,Low,4.79,No,1.06,Declining
AIJ-100116,Data Engineer,Manufacturing,Australia,Bachelor,25,0.56,0.65,Hybrid,132015,High,-5,46,Enterprise,Moderate,2.16,No,1.93,Declining
AIJ-100117,Financial Analyst,Media,Australia,PhD,5,0.76,0.56,Hybrid,89805,High,32,42,Startup,High,2.89,Yes,3.85,Declining
AIJ-100118,Robotics Engineer,Transportation,Pakistan,Master,3,0.34,0.28,Yes,31361,Low,1,43,Medium,High,3.66,No,1.41,Declining
AIJ-100119,Data Engineer,Education,Japan,Bachelor,21,0.06,0.53,No,52203,Low,-2,38,Medium,Moderate,3.48,Yes,1.67,Stable
AIJ-100120,Business Analyst,Transportation,Canada,Bachelor,9,0.7,0.59,Yes,191656,Medium,11,56,Enterprise,Moderate,4.41,No,2.76,Stable
AIJ-100121,Robotics Engineer,Transportation,Japan,Bachelor,10,0.33,0.96,No,113660,Medium,42,55,Medium,Moderate,2.34,Yes,3.37,Growing
AIJ-100122,Cybersecurity Analyst,Energy,UAE,Bachelor,20,0.24,0.83,No,211622,Low,6,51,Startup,High,3.27,No,1.3,Growing
AIJ-100123,Teacher,Healthcare,Canada,Bachelor,21,0.92,0.75,Hybrid,170746,Medium,0,50,Enterprise,Low,3.69,No,4.87,Stable
AIJ-100124,HR Specialist,Education,UAE,Master,12,0.72,0.64,No,210267,High,27,52,Enterprise,Low,3.03,Yes,2.93,Stable
AIJ-100125,Financial Analyst,Transportation,Canada,PhD,23,0.46,0.36,Hybrid,156596,Medium,10,32,Medium,Low,4.43,Yes,1.09,Stable
AIJ-100126,Blockchain Developer,Education,Australia,Bachelor,5,0.55,0.46,Hybrid,141770,High,17,42,Startup,High,3.84,Yes,2.8,Stable
AIJ-100127,Data Engineer,Finance,Pakistan,Master,6,0.78,0.25,No,56673,Low,6,51,Medium,High,4.9,No,3.39,Growing
AIJ-100128,Teacher,Government,Canada,Bachelor,10,0.21,0.73,Yes,107973,Low,9,33,Startup,Moderate,4.08,No,2.67,Declining
AIJ-100129,Data Engineer,Finance,UAE,Master,4,0.88,0.94,Yes,75412,Medium,43,44,Enterprise,Low,4.6,Yes,2.94,Declining
AIJ-100130,Machine Learning Engineer,Healthcare,Japan,High School,25,0.42,0.86,Yes,158109,Medium,-8,38,Startup,High,2.87,No,3.26,Stable
AIJ-100131,Blockchain Developer,Media,Germany,PhD,3,0.54,0.8,Hybrid,218476,High,38,37,Medium,Low,3.35,No,4.45,Declining
AIJ-100132,DevOps Engineer,Finance,Japan,Bachelor,25,0.67,0.88,Yes,189976,Low,41,31,Enterprise,Moderate,3.6,Yes,2.29,Growing
AIJ-100133,Software Developer,Finance,Germany,Bachelor,22,0.76,0.93,No,102698,Low,38,56,Enterprise,Moderate,3.47,No,3.51,Stable
AIJ-100134,IoT Specialist,Manufacturing,Japan,High School,24,0.68,0.89,Hybrid,149195,Low,36,44,Enterprise,High,4.09,Yes,4.18,Stable
AIJ-100135,HR Specialist,Finance,Japan,PhD,25,0.34,0.42,No,173474,High,38,31,Startup,Low,3.88,No,1.07,Declining
AIJ-100136,Cybersecurity Analyst,Manufacturing,India,High School,11,0.84,0.44,Hybrid,101832,High,0,31,Medium,High,2.92,Yes,2.72,Declining
AIJ-100137,Blockchain Developer,Technology,USA,Master,3,0.12,0.67,No,166169,High,-2,45,Startup,Low,3.15,Yes,1.41,Stable
AIJ-100138,Teacher,Finance,UAE,Master,23,0.18,0.62,Yes,32221,High,37,34,Medium,High,4.06,Yes,1.35,Declining
AIJ-100139,Cybersecurity Analyst,Education,Singapore,Master,24,0.33,0.31,Hybrid,102605,Low,44,57,Enterprise,Moderate,2.62,Yes,3.99,Stable
AIJ-100140,Cybersecurity Analyst,Media,USA,Master,10,0.15,0.59,Yes,185695,Medium,45,56,Enterprise,Moderate,3.1,Yes,4.05,Declining
AIJ-100141,Product Manager,Retail,Singapore,PhD,13,0.24,0.93,Hybrid,134326,Medium,-5,50,Enterprise,High,3.85,No,1.33,Declining
AIJ-100142,Cybersecurity Analyst,Retail,Australia,Bachelor,1,0.62,0.86,Yes,208534,Low,17,33,Medium,High,3.83,No,3.66,Growing
AIJ-100143,Product Manager,Media,India,Bachelor,11,0.06,0.59,Yes,120886,High,39,57,Medium,High,4.66,Yes,2.34,Stable
AIJ-100144,Financial Analyst,Technology,UAE,Bachelor,11,0.61,0.59,Yes,163898,Medium,39,33,Enterprise,High,4.17,Yes,3.96,Declining
AIJ-100145,Machine Learning Engineer,Technology,Singapore,PhD,7,0.47,0.5,No,69343,Low,16,59,Enterprise,Moderate,2.81,Yes,3.29,Declining
AIJ-100146,Robotics Engineer,Retail,Pakistan,High School,17,0.91,0.25,No,151921,Low,13,36,Medium,High,4.35,Yes,2.86,Growing
AIJ-100147,Data Scientist,Manufacturing,USA,PhD,23,0.26,0.47,Hybrid,211786,Medium,-4,36,Enterprise,Low,3.26,Yes,4.89,Declining
AIJ-100148,Blockchain Developer,Healthcare,Japan,High School,16,0.52,0.75,Yes,127646,High,42,42,Startup,High,3.7,No,3.65,Declining
AIJ-100149,Healthcare Analyst,Transportation,India,Bachelor,2,0.77,0.75,Yes,115524,Low,39,54,Enterprise,Low,2.47,Yes,2.8,Stable
AIJ-100150,Robotics Engineer,Government,USA,Bachelor,10,0.29,0.29,Yes,71317,Low,35,37,Medium,Moderate,3.54,No,2.04,Declining
AIJ-100151,Cloud Architect,Technology,USA,Bachelor,4,0.14,0.28,Yes,66645,Medium,13,51,Enterprise,High,2.25,No,4.67,Declining
AIJ-100152,Cloud Architect,Technology,UAE,High School,5,0.78,0.27,Hybrid,116913,Medium,42,53,Medium,Moderate,2.09,No,1.69,Declining
AIJ-100153,Digital Marketer,Retail,UAE,PhD,17,0.18,0.69,No,191736,Low,-5,38,Medium,Low,3.26,Yes,3.52,Growing
AIJ-100154,Product Manager,Manufacturing,Australia,Master,5,0.54,0.58,Yes,178282,Medium,28,37,Startup,Moderate,2.18,No,3.12,Growing
AIJ-100155,Digital Marketer,Government,Australia,Master,5,0.27,0.62,Yes,44656,Low,27,40,Enterprise,High,3.08,Yes,3.81,Stable
AIJ-100156,Teacher,Education,USA,PhD,0,0.49,0.27,No,90980,High,2,55,Startup,Moderate,4.15,No,1.24,Declining
AIJ-100157,HR Specialist,Healthcare,Pakistan,Master,10,0.39,0.94,Yes,133703,Low,36,60,Medium,High,4.88,No,1.7,Growing
AIJ-100158,HR Specialist,Energy,Japan,High School,5,0.67,0.3,Hybrid,30471,Medium,41,60,Enterprise,Low,3.92,Yes,4.75,Declining
AIJ-100159,Healthcare Analyst,Transportation,USA,Master,6,0.62,0.96,Yes,215851,High,-6,41,Medium,Low,4.16,Yes,2.54,Growing
AIJ-100160,HR Specialist,Education,UK,PhD,2,0.54,0.28,Yes,155695,Medium,-9,40,Medium,Low,2.22,Yes,4.55,Declining
AIJ-100161,Data Scientist,Energy,UK,PhD,5,0.58,0.68,Yes,156546,Low,11,36,Startup,Moderate,4.09,No,3.64,Stable
AIJ-100162,Financial Analyst,Technology,Australia,High School,9,0.54,0.59,Hybrid,44288,High,28,45,Startup,Low,2.08,Yes,3.55,Declining
AIJ-100163,Machine Learning Engineer,Manufacturing,Australia,Master,5,0.29,0.71,No,131587,Low,6,44,Medium,Moderate,2.68,No,3.26,Declining
AIJ-100164,AI Engineer,Energy,Singapore,PhD,17,0.92,0.67,Hybrid,175123,Medium,26,58,Startup,Moderate,2.9,No,4.61,Growing
AIJ-100165,Machine Learning Engineer,Education,Germany,Bachelor,1,0.16,0.8,No,75319,Low,33,43,Startup,High,2.44,No,2.28,Growing
AIJ-100166,Blockchain Developer,Technology,Japan,PhD,3,0.55,0.88,No,166233,Low,-1,48,Enterprise,High,4.28,Yes,4.7,Growing
AIJ-100167,Teacher,Transportation,USA,Bachelor,8,0.29,0.72,No,179952,Low,29,49,Enterprise,High,3.21,No,4.56,Stable
AIJ-100168,Robotics Engineer,Retail,UAE,High School,7,0.39,0.47,Yes,109444,Medium,37,44,Medium,Moderate,4.19,Yes,1.75,Declining
AIJ-100169,Product Manager,Energy,UK,High School,5,0.76,0.25,Yes,216009,Low,43,31,Startup,Low,3.37,No,3.82,Stable
AIJ-100170,Teacher,Transportation,UK,PhD,18,0.66,0.39,Hybrid,158132,Medium,12,35,Medium,High,4.49,Yes,2.14,Stable
AIJ-100171,DevOps Engineer,Media,USA,High School,15,0.63,0.74,Yes,100538,High,1,49,Startup,Low,2.76,No,3.85,Growing
AIJ-100172,Teacher,Energy,Japan,High School,0,0.25,0.44,Hybrid,166482,High,43,56,Medium,High,3.94,No,2.19,Declining
AIJ-100173,Robotics Engineer,Education,UK,Bachelor,1,0.29,0.76,Hybrid,200778,Medium,32,40,Enterprise,Low,4.16,No,4.99,Stable
AIJ-100174,Digital Marketer,Media,UAE,Master,16,0.78,0.47,No,217005,Low,43,51,Enterprise,Low,2.88,No,1.51,Stable
AIJ-100175,Healthcare Analyst,Manufacturing,India,Master,14,0.25,0.89,Yes,140224,Medium,-7,57,Enterprise,High,3.74,Yes,2.89,Declining
AIJ-100176,Software Developer,Education,Pakistan,PhD,18,0.42,0.89,No,69525,Low,10,57,Enterprise,Low,4.34,No,2.33,Declining
AIJ-100177,IoT Specialist,Healthcare,UK,PhD,20,0.74,0.33,No,71532,Medium,17,60,Medium,Moderate,2.01,Yes,3.92,Declining
AIJ-100178,Financial Analyst,Retail,UK,High School,12,0.61,0.4,Hybrid,211803,High,9,35,Startup,Low,2.89,No,2.82,Growing
AIJ-100179,Data Scientist,Education,Germany,Bachelor,6,0.37,0.35,Hybrid,135746,Low,27,46,Startup,Low,3.1,Yes,2.5,Growing
AIJ-100180,Cloud Architect,Energy,UAE,PhD,3,0.64,0.22,Hybrid,210813,Medium,20,52,Startup,Low,4.09,Yes,2.2,Growing
AIJ-100181,Teacher,Healthcare,India,High School,25,0.43,0.91,Yes,164108,Medium,2,49,Startup,Moderate,4.49,Yes,2.43,Stable
AIJ-100182,Data Scientist,Technology,Canada,High School,18,0.67,0.58,Hybrid,91474,Medium,-1,60,Startup,High,2.23,Yes,4.62,Growing
AIJ-100183,Robotics Engineer,Manufacturing,Pakistan,PhD,23,0.1,0.84,Yes,40340,Low,44,54,Startup,Low,4.56,Yes,2.31,Stable
AIJ-100184,Prompt Engineer,Transportation,Australia,Bachelor,3,0.41,0.96,Yes,101259,High,36,31,Startup,Low,3.25,No,4.21,Growing
AIJ-100185,IoT Specialist,Transportation,Canada,PhD,14,0.84,0.77,Yes,64250,Low,6,50,Medium,Low,4.11,Yes,4.91,Growing
AIJ-100186,Prompt Engineer,Finance,Singapore,High School,0,0.7,0.58,Hybrid,203987,Low,22,57,Medium,Moderate,4.61,Yes,4.01,Stable
AIJ-100187,Digital Marketer,Healthcare,UAE,PhD,25,0.25,0.71,Hybrid,135716,Medium,-5,57,Medium,Moderate,2.95,No,3.98,Declining
AIJ-100188,Teacher,Government,India,Bachelor,20,0.55,0.2,Hybrid,53827,Medium,11,41,Startup,Low,4.53,No,3.24,Growing
AIJ-100189,Robotics Engineer,Media,Singapore,Master,22,0.25,0.47,Yes,196110,Low,0,45,Startup,High,4.23,No,1.43,Growing
AIJ-100190,Healthcare Analyst,Healthcare,Australia,High School,20,0.46,0.82,Hybrid,217901,High,-3,54,Medium,Moderate,3.98,Yes,4.86,Declining
AIJ-100191,HR Specialist,Finance,UK,High School,12,0.88,0.82,Hybrid,76452,High,28,58,Medium,High,4.64,No,4.92,Growing
AIJ-100192,Teacher,Media,India,Master,22,0.46,0.31,Hybrid,138198,High,30,36,Startup,Low,3.87,No,3.75,Growing
AIJ-100193,HR Specialist,Government,Australia,Master,13,0.15,0.48,Yes,155926,High,-4,30,Medium,Low,2.16,Yes,1.8,Declining
AIJ-100194,Financial Analyst,Transportation,Canada,Bachelor,23,0.32,0.8,Hybrid,38468,High,14,37,Enterprise,High,2.86,Yes,4.71,Stable
AIJ-100195,Digital Marketer,Manufacturing,Japan,Bachelor,24,0.61,0.82,Hybrid,146146,Low,8,44,Startup,High,2.22,Yes,3.94,Declining
AIJ-100196,Healthcare Analyst,Transportation,UK,High School,4,0.19,0.87,No,31479,High,-7,54,Enterprise,High,4.53,No,2.96,Growing
AIJ-100197,Data Engineer,Media,Australia,High School,11,0.11,0.6,Yes,139033,Low,32,40,Medium,Moderate,2.88,No,4.99,Growing
AIJ-100198,Digital Marketer,Technology,Pakistan,PhD,25,0.27,0.71,Yes,192825,Medium,6,47,Enterprise,Moderate,2.07,No,3.06,Growing
AIJ-100199,Machine Learning Engineer,Media,Singapore,High School,20,0.34,0.27,Yes,55154,Low,32,50,Startup,High,3.27,Yes,1.82,Growing
AIJ-100200,UX Designer,Media,Canada,Bachelor,8,0.08,0.26,No,76659,Medium,18,50,Medium,Moderate,2.95,No,3.69,Growing
AIJ-100201,Robotics Engineer,Government,Canada,Master,24,0.37,0.6,No,105978,Medium,15,56,Enterprise,Low,3.42,Yes,1.55,Stable
AIJ-100202,Data Scientist,Government,Japan,PhD,17,0.84,0.31,Hybrid,40950,Low,9,36,Enterprise,High,4.71,No,1.85,Growing
AIJ-100203,HR Specialist,Technology,Singapore,PhD,20,0.8,0.35,Hybrid,77541,Low,8,51,Startup,Moderate,2.29,No,4.81,Stable
AIJ-100204,Blockchain Developer,Manufacturing,Japan,Master,22,0.11,0.35,Hybrid,157365,Low,26,48,Medium,Moderate,4.88,Yes,1.02,Declining
AIJ-100205,Blockchain Developer,Transportation,Pakistan,Master,15,0.66,0.46,Hybrid,155817,Low,1,50,Enterprise,Low,4.53,Yes,4.57,Declining
AIJ-100206,Prompt Engineer,Government,Germany,High School,17,0.62,0.84,No,181755,High,24,45,Enterprise,Low,3.1,Yes,4.57,Growing
AIJ-100207,Machine Learning Engineer,Media,UK,PhD,5,0.5,0.72,Yes,190965,High,26,51,Startup,High,4.2,No,1.16,Stable
AIJ-100208,Prompt Engineer,Transportation,UAE,High School,1,0.09,0.36,Hybrid,124699,Medium,-4,52,Enterprise,High,4.49,No,3.31,Growing
AIJ-100209,UX Designer,Energy,Germany,PhD,11,0.64,0.86,No,165440,Medium,40,45,Enterprise,Low,3.51,Yes,2.76,Declining
AIJ-100210,Cloud Architect,Education,Australia,Master,23,0.19,0.32,Yes,187816,Medium,33,45,Medium,Low,3.77,No,1.09,Declining
AIJ-100211,Machine Learning Engineer,Media,Australia,High School,23,0.57,0.24,Hybrid,97701,High,42,39,Startup,Low,3.35,No,4.47,Declining
AIJ-100212,Healthcare Analyst,Transportation,Japan,High School,7,0.64,0.41,No,219841,Medium,-2,33,Startup,Low,3.57,No,4.31,Growing
AIJ-100213,Cybersecurity Analyst,Transportation,UK,High School,24,0.84,0.62,Hybrid,60806,High,17,46,Medium,Moderate,4.62,No,1.92,Stable
AIJ-100214,Robotics Engineer,Government,Singapore,PhD,8,0.74,0.92,Yes,51972,Low,35,53,Startup,High,3.57,Yes,2.5,Declining
AIJ-100215,DevOps Engineer,Government,Pakistan,Master,21,0.64,0.4,No,170536,Low,16,47,Enterprise,Moderate,2.54,No,2.02,Stable
AIJ-100216,Cloud Architect,Education,Singapore,PhD,25,0.45,0.75,No,72413,High,29,52,Enterprise,High,2.16,No,4.86,Declining
AIJ-100217,Cybersecurity Analyst,Government,USA,PhD,12,0.13,0.41,Hybrid,127212,High,23,39,Enterprise,High,2.17,Yes,3.56,Stable
AIJ-100218,Product Manager,Education,Japan,Bachelor,21,0.23,0.82,Yes,163837,Medium,5,50,Startup,Low,2.26,No,4.12,Stable
AIJ-100219,HR Specialist,Manufacturing,Pakistan,Master,7,0.88,0.63,Hybrid,176568,Low,19,59,Medium,High,2.01,Yes,2.63,Declining
AIJ-100220,Data Engineer,Government,India,PhD,12,0.9,0.83,Hybrid,97552,Medium,39,37,Medium,Moderate,4.04,Yes,2.93,Stable
AIJ-100221,Product Manager,Media,USA,Master,7,0.77,0.53,No,122562,Low,15,51,Enterprise,Moderate,2.23,Yes,2.91,Stable
AIJ-100222,UX Designer,Education,Germany,Bachelor,7,0.71,0.39,Hybrid,93453,Medium,-1,54,Startup,Low,4.76,No,3.46,Growing
AIJ-100223,UX Designer,Transportation,UK,Master,12,0.49,0.98,Yes,180606,High,-2,31,Enterprise,Moderate,3.43,Yes,3.01,Stable
AIJ-100224,Prompt Engineer,Government,Canada,Master,11,0.67,0.21,Hybrid,85247,Medium,1,47,Medium,Low,2.81,No,2.46,Stable
AIJ-100225,HR Specialist,Education,Canada,Master,25,0.3,0.34,Yes,64377,High,17,57,Medium,Low,2.44,Yes,2.89,Declining
AIJ-100226,Healthcare Analyst,Transportation,India,Master,17,0.81,0.61,Hybrid,218890,Low,15,33,Enterprise,Low,2.18,No,2.91,Growing
AIJ-100227,Financial Analyst,Technology,Australia,High School,11,0.37,0.64,Hybrid,97558,High,2,48,Enterprise,High,3.95,Yes,4.92,Stable
AIJ-100228,Robotics Engineer,Transportation,UK,Bachelor,20,0.45,0.26,No,190868,Medium,30,49,Enterprise,Moderate,4.55,Yes,1.32,Stable
AIJ-100229,Blockchain Developer,Manufacturing,Japan,PhD,13,0.29,0.71,Yes,101106,Low,44,30,Startup,High,2.7,No,4.76,Growing
AIJ-100230,Data Engineer,Technology,USA,PhD,16,0.14,0.25,Yes,154042,Low,6,49,Startup,Low,3.96,No,2.24,Declining
AIJ-100231,Healthcare Analyst,Transportation,UAE,Master,17,0.2,0.23,No,123543,Low,34,47,Startup,High,3.79,No,3.09,Growing
AIJ-100232,Software Developer,Retail,USA,High School,16,0.45,0.49,Yes,98106,Medium,8,45,Enterprise,Low,4.06,No,4.79,Stable
AIJ-100233,DevOps Engineer,Media,Australia,PhD,7,0.77,0.63,Yes,79432,High,37,50,Medium,Moderate,2.66,Yes,2.69,Declining
AIJ-100234,Blockchain Developer,Government,UAE,Master,22,0.11,0.31,Hybrid,58929,Medium,2,40,Startup,Low,2.15,Yes,1.74,Declining
AIJ-100235,Business Analyst,Manufacturing,Australia,Master,25,0.26,0.32,No,159388,Medium,19,52,Startup,Moderate,2.24,Yes,1.22,Stable
AIJ-100236,Data Scientist,Healthcare,Germany,PhD,24,0.22,0.86,No,130028,Low,37,31,Startup,Moderate,4.21,Yes,3.08,Declining
AIJ-100237,Cloud Architect,Retail,UAE,Master,6,0.09,0.94,No,166557,Low,45,51,Startup,Low,2.71,No,2.3,Declining
AIJ-100238,Teacher,Finance,Pakistan,High School,7,0.57,0.75,Yes,210461,Medium,-5,51,Enterprise,Moderate,4.79,Yes,1.24,Growing
AIJ-100239,Financial Analyst,Transportation,Germany,High School,22,0.26,0.98,No,198990,Medium,36,34,Medium,Low,3.46,No,3.24,Growing
AIJ-100240,Machine Learning Engineer,Healthcare,Singapore,Bachelor,14,0.3,0.86,No,175364,Medium,24,41,Medium,Low,4.33,No,3.93,Declining
AIJ-100241,IoT Specialist,Media,UK,Master,10,0.79,0.35,No,209103,High,10,33,Startup,High,3.98,Yes,4.34,Declining
AIJ-100242,Prompt Engineer,Transportation,Singapore,Master,1,0.22,0.23,No,198231,Low,28,52,Startup,Low,4.79,Yes,3.62,Declining
AIJ-100243,Product Manager,Technology,Canada,Master,2,0.69,0.85,Yes,99681,High,-4,33,Enterprise,Low,3.59,Yes,1.77,Growing
AIJ-100244,DevOps Engineer,Healthcare,UK,Bachelor,17,0.62,0.48,No,150250,High,11,51,Startup,High,5,No,4.73,Stable
AIJ-100245,Business Analyst,Energy,Singapore,Master,11,0.34,0.39,No,173032,Medium,15,30,Enterprise,Low,4.95,Yes,3.07,Stable
AIJ-100246,UX Designer,Media,Singapore,Bachelor,3,0.82,0.22,Yes,210805,Medium,12,34,Startup,Moderate,3.1,Yes,1.93,Stable
AIJ-100247,IoT Specialist,Government,Canada,Master,1,0.7,0.83,Hybrid,75325,High,14,32,Startup,Moderate,3.04,No,2.67,Declining
AIJ-100248,Software Developer,Manufacturing,Singapore,Bachelor,4,0.52,0.45,Yes,178088,High,36,42,Medium,High,3.73,Yes,1.89,Stable
AIJ-100249,Cybersecurity Analyst,Energy,Singapore,PhD,24,0.72,0.63,Hybrid,98827,Low,38,34,Medium,High,2.59,No,3.61,Declining
AIJ-100250,Cybersecurity Analyst,Healthcare,Australia,PhD,11,0.44,0.74,No,180999,Low,10,41,Enterprise,High,2.07,No,1.68,Stable
AIJ-100251,Cloud Architect,Technology,Germany,Bachelor,9,0.23,0.5,Yes,52495,Medium,34,55,Startup,Moderate,3.35,Yes,2.33,Growing
AIJ-100252,Data Scientist,Energy,Japan,High School,8,0.48,0.78,Yes,67053,Low,8,36,Enterprise,High,2.81,No,3.62,Declining
AIJ-100253,Prompt Engineer,Education,Australia,High School,10,0.83,0.22,No,200239,High,24,32,Startup,Low,3.5,No,3.24,Growing
AIJ-100254,Data Scientist,Manufacturing,Pakistan,Master,20,0.35,0.51,No,71157,Low,22,38,Startup,High,2.77,No,4.56,Declining
AIJ-100255,Product Manager,Government,Germany,PhD,7,0.64,0.27,Hybrid,130193,Low,17,39,Enterprise,Moderate,3.35,Yes,1.83,Declining
AIJ-100256,HR Specialist,Finance,Pakistan,High School,17,0.95,0.97,Hybrid,68050,High,-3,35,Medium,Low,4.18,No,4.52,Stable
AIJ-100257,Teacher,Retail,Japan,Bachelor,19,0.15,0.35,Yes,190427,Low,33,30,Medium,Low,4.06,No,1.54,Growing
AIJ-100258,Data Scientist,Retail,Australia,Bachelor,23,0.2,0.38,Hybrid,137109,Low,38,36,Startup,Low,4.78,No,4.47,Stable
AIJ-100259,Healthcare Analyst,Energy,Japan,High School,16,0.09,0.78,Yes,129712,Medium,19,56,Startup,Low,3.56,No,4.94,Declining
AIJ-100260,Blockchain Developer,Finance,Australia,Master,19,0.85,0.81,Yes,104950,High,23,58,Startup,Moderate,4.49,No,1.36,Growing
AIJ-100261,Blockchain Developer,Government,Germany,PhD,2,0.42,0.56,No,76891,Medium,34,50,Enterprise,Low,4.16,Yes,1.36,Growing
AIJ-100262,Prompt Engineer,Technology,UK,Master,18,0.6,0.33,Hybrid,174269,Low,0,57,Startup,Low,4.31,Yes,2.68,Stable
AIJ-100263,Blockchain Developer,Transportation,UAE,High School,19,0.05,0.8,No,33200,Low,3,48,Enterprise,Moderate,3.36,No,1.32,Growing
AIJ-100264,Financial Analyst,Technology,UK,High School,21,0.09,0.32,Hybrid,201252,High,9,40,Startup,Low,2.33,Yes,1.65,Stable
AIJ-100265,Cybersecurity Analyst,Energy,Singapore,High School,9,0.74,0.46,No,129336,Low,-3,52,Medium,Moderate,3.58,Yes,3.78,Growing
AIJ-100266,Robotics Engineer,Energy,Japan,Master,8,0.49,0.74,Hybrid,215284,High,29,41,Startup,High,3.69,No,2.97,Declining
AIJ-100267,Business Analyst,Government,Australia,PhD,1,0.07,0.69,No,60913,Medium,25,55,Enterprise,Low,2.03,Yes,3.76,Stable
AIJ-100268,Healthcare Analyst,Energy,Japan,High School,5,0.74,0.29,Yes,117368,Medium,43,40,Enterprise,Moderate,4.75,Yes,3.58,Stable
AIJ-100269,Product Manager,Retail,Japan,Master,17,0.78,0.93,Hybrid,44685,Low,3,48,Enterprise,Moderate,4.4,No,1.26,Declining
AIJ-100270,Machine Learning Engineer,Government,Canada,Master,22,0.81,0.65,No,132122,High,-8,38,Medium,Low,3.49,Yes,2.49,Stable
AIJ-100271,Cybersecurity Analyst,Transportation,Singapore,High School,25,0.39,0.23,No,82978,High,-1,36,Medium,Moderate,4.2,No,4.1,Declining
AIJ-100272,Product Manager,Healthcare,USA,Master,1,0.7,0.56,Hybrid,217086,High,45,32,Medium,Moderate,4.67,Yes,3.08,Growing
AIJ-100273,Blockchain Developer,Healthcare,India,Bachelor,5,0.22,0.42,No,113663,Low,-10,60,Enterprise,High,3.54,Yes,3.17,Growing
AIJ-100274,Data Engineer,Transportation,USA,Bachelor,0,0.2,0.45,No,118798,High,-7,33,Medium,Low,2.26,No,1.72,Growing
AIJ-100275,Blockchain Developer,Government,UK,High School,25,0.73,0.84,Hybrid,50590,Medium,-4,44,Medium,High,3.93,No,2.88,Declining
AIJ-100276,Blockchain Developer,Transportation,USA,High School,15,0.68,0.73,Yes,115134,Medium,20,44,Startup,Moderate,4.3,Yes,3.03,Stable
AIJ-100277,Digital Marketer,Government,Germany,Bachelor,15,0.53,0.52,No,138381,Low,11,36,Enterprise,High,3.29,No,3.27,Stable
AIJ-100278,Cloud Architect,Transportation,UK,Master,12,0.58,0.57,Yes,175512,High,-4,51,Enterprise,Moderate,2.98,Yes,1.36,Declining
AIJ-100279,Blockchain Developer,Education,Germany,Master,9,0.53,0.51,Hybrid,181501,High,9,59,Medium,High,4.95,No,4.96,Growing
AIJ-100280,AI Engineer,Technology,Singapore,Master,3,0.82,0.25,No,173886,Low,5,43,Enterprise,High,3.18,No,3.85,Stable
AIJ-100281,DevOps Engineer,Finance,India,Bachelor,4,0.55,0.87,Yes,124447,Low,31,30,Startup,High,4.65,No,4.9,Declining
AIJ-100282,Teacher,Finance,UAE,PhD,17,0.85,0.75,No,141595,Medium,12,37,Startup,Moderate,3.81,No,4.39,Declining
AIJ-100283,IoT Specialist,Healthcare,UK,Master,14,0.48,0.49,Hybrid,182113,Low,23,58,Enterprise,Low,2.74,Yes,3.74,Growing
AIJ-100284,DevOps Engineer,Manufacturing,India,Master,5,0.51,0.57,Yes,116904,High,28,53,Medium,High,4.36,No,1.25,Stable
AIJ-100285,UX Designer,Retail,UK,Master,8,0.49,0.3,No,50148,Low,37,33,Enterprise,Low,4.73,Yes,3.64,Stable
AIJ-100286,Cybersecurity Analyst,Finance,Japan,Bachelor,15,0.77,0.88,No,119875,Medium,5,51,Medium,High,3.91,Yes,3.31,Stable
AIJ-100287,IoT Specialist,Media,Germany,PhD,21,0.2,0.52,Hybrid,109001,Medium,20,38,Startup,High,4.61,Yes,2.16,Stable
AIJ-100288,UX Designer,Manufacturing,India,Master,25,0.37,0.87,Yes,190035,Medium,31,48,Medium,Moderate,4.32,Yes,3.94,Growing
AIJ-100289,Data Scientist,Energy,Canada,High School,21,0.54,0.73,No,47813,Medium,4,53,Medium,Moderate,2.58,Yes,3.48,Declining
AIJ-100290,HR Specialist,Finance,Canada,Bachelor,8,0.59,0.5,No,199844,Medium,32,59,Startup,High,3.36,No,4.08,Growing
AIJ-100291,UX Designer,Retail,UK,PhD,2,0.11,0.51,No,45744,Low,29,42,Startup,High,3.48,Yes,3.16,Stable
AIJ-100292,Blockchain Developer,Technology,UAE,Bachelor,20,0.08,0.26,Hybrid,95692,Low,-8,51,Medium,Moderate,2.45,No,4.62,Growing
AIJ-100293,Data Engineer,Education,USA,PhD,22,0.44,0.87,No,48376,Low,26,47,Medium,Moderate,4.05,No,1.22,Growing
AIJ-100294,Business Analyst,Finance,Singapore,High School,12,0.81,0.8,Hybrid,106010,Low,9,52,Medium,Low,3.89,No,2.95,Growing
AIJ-100295,Cybersecurity Analyst,Media,India,PhD,17,0.95,0.39,No,131913,Low,-8,40,Startup,Moderate,4.36,Yes,2.62,Declining
AIJ-100296,IoT Specialist,Government,USA,Bachelor,22,0.71,0.59,Hybrid,34997,Low,-10,35,Enterprise,Low,4.71,Yes,2.82,Declining
AIJ-100297,Business Analyst,Energy,Pakistan,PhD,10,0.59,0.69,Yes,46543,High,26,47,Startup,Moderate,4.51,Yes,4.06,Growing
AIJ-100298,Financial Analyst,Media,UK,PhD,7,0.18,0.53,Hybrid,212529,Low,-2,33,Enterprise,High,3.13,Yes,1.06,Stable
AIJ-100299,Robotics Engineer,Energy,UAE,Bachelor,6,0.88,0.76,Yes,185642,High,7,46,Medium,Moderate,2.72,Yes,3.44,Declining
AIJ-100300,Cloud Architect,Media,Canada,Master,24,0.43,0.64,Hybrid,80306,High,4,44,Enterprise,High,2.62,Yes,1.77,Declining
AIJ-100301,UX Designer,Manufacturing,Japan,PhD,1,0.63,0.43,Yes,143946,High,-7,59,Enterprise,Low,2.47,Yes,2.94,Declining
AIJ-100302,Digital Marketer,Healthcare,Pakistan,Bachelor,3,0.43,0.79,Yes,115376,High,16,57,Startup,Moderate,4.67,Yes,2.88,Stable
AIJ-100303,Financial Analyst,Finance,UAE,Bachelor,20,0.89,0.56,No,131536,Medium,2,40,Startup,Low,4.08,Yes,2.12,Declining
AIJ-100304,Teacher,Finance,Japan,Bachelor,2,0.85,0.68,No,197247,High,21,57,Startup,High,3.42,No,2.12,Growing
AIJ-100305,HR Specialist,Technology,Australia,High School,1,0.85,0.67,No,69051,High,39,46,Startup,Moderate,3.59,No,4.24,Growing
AIJ-100306,DevOps Engineer,Education,UK,Master,9,0.12,0.79,Yes,211707,High,-5,30,Medium,High,2.91,No,4.43,Growing
AIJ-100307,Blockchain Developer,Technology,Canada,PhD,22,0.84,0.52,No,127103,High,-8,39,Medium,Moderate,4.09,Yes,4.15,Declining
AIJ-100308,AI Engineer,Manufacturing,Pakistan,Bachelor,20,0.15,0.49,Hybrid,192302,High,-6,47,Enterprise,Low,2.42,No,1.95,Declining
AIJ-100309,Financial Analyst,Manufacturing,UAE,PhD,16,0.66,0.42,Hybrid,46611,Low,20,52,Enterprise,High,4.48,No,2.81,Stable
AIJ-100310,Cybersecurity Analyst,Healthcare,UK,Master,3,0.12,0.91,Hybrid,105595,Low,21,34,Startup,High,4.86,Yes,2.17,Growing
AIJ-100311,Cybersecurity Analyst,Technology,Germany,Master,13,0.71,0.22,Hybrid,79561,Medium,31,50,Medium,Moderate,3.78,No,2.83,Growing
AIJ-100312,Software Developer,Manufacturing,India,PhD,5,0.49,0.97,Hybrid,42404,Low,35,47,Medium,Low,4.92,Yes,1.65,Declining
AIJ-100313,AI Engineer,Manufacturing,Pakistan,Bachelor,11,0.28,0.35,No,177452,High,0,47,Medium,Low,4.76,No,4.72,Declining
AIJ-100314,Robotics Engineer,Government,UK,PhD,10,0.35,0.76,Hybrid,154232,Low,36,45,Startup,Low,4.03,Yes,2.23,Stable
AIJ-100315,Product Manager,Education,India,Bachelor,0,0.1,0.71,Yes,182943,High,44,44,Enterprise,High,4.87,No,1.78,Stable
AIJ-100316,Financial Analyst,Technology,India,Master,11,0.69,0.54,No,131217,Medium,45,47,Startup,Low,4.18,No,3.97,Stable
AIJ-100317,Business Analyst,Retail,UAE,Master,2,0.8,0.67,Hybrid,67654,Medium,-5,30,Medium,High,4.74,No,1.7,Stable
AIJ-100318,HR Specialist,Retail,UAE,PhD,7,0.55,0.23,Yes,109165,Low,-1,38,Medium,High,4.5,No,1.5,Growing
AIJ-100319,IoT Specialist,Healthcare,Japan,Master,18,0.63,0.22,No,102670,High,17,57,Medium,High,4.06,Yes,2.49,Growing
AIJ-100320,Software Developer,Manufacturing,UK,High School,8,0.18,0.56,No,211739,Medium,30,59,Medium,Low,2.87,Yes,3.06,Growing
AIJ-100321,UX Designer,Manufacturing,Canada,Master,4,0.33,0.87,Yes,108924,Low,23,39,Medium,Moderate,3.24,Yes,1.41,Declining
AIJ-100322,Data Scientist,Transportation,Pakistan,Master,22,0.46,0.26,No,64401,Low,42,44,Enterprise,High,4.29,No,1.69,Stable
AIJ-100323,Robotics Engineer,Finance,Germany,Bachelor,2,0.82,0.31,No,89395,High,38,55,Startup,Low,2.06,No,4.03,Declining
AIJ-100324,Robotics Engineer,Technology,Canada,High School,19,0.16,0.4,Yes,47366,High,2,35,Enterprise,Moderate,2.09,Yes,4.38,Stable
AIJ-100325,Product Manager,Education,Germany,Master,5,0.11,0.85,Hybrid,33665,Low,36,33,Startup,High,4.55,No,2.47,Growing
AIJ-100326,Product Manager,Education,Australia,High School,24,0.37,0.5,No,86170,Low,19,33,Enterprise,Low,3.49,No,3.82,Growing
AIJ-100327,Robotics Engineer,Transportation,Germany,PhD,9,0.15,0.42,No,187388,Low,44,32,Medium,High,3.1,Yes,4.99,Stable
AIJ-100328,HR Specialist,Healthcare,UK,High School,11,0.16,0.51,Yes,212199,Medium,2,49,Medium,Low,2.7,No,3.9,Stable
AIJ-100329,UX Designer,Finance,UAE,High School,3,0.91,0.98,No,164064,Medium,21,37,Enterprise,Low,2.09,Yes,4.32,Stable
AIJ-100330,Cybersecurity Analyst,Media,UAE,PhD,6,0.19,0.69,No,55253,High,21,45,Enterprise,Moderate,3.63,Yes,4.81,Declining
AIJ-100331,Data Engineer,Retail,UK,PhD,13,0.45,0.23,Yes,76365,Medium,35,42,Medium,Low,3.71,No,3.64,Growing
AIJ-100332,Financial Analyst,Retail,Pakistan,High School,0,0.58,0.5,Hybrid,207337,Low,-2,56,Medium,Moderate,4.43,Yes,4.06,Growing
AIJ-100333,Digital Marketer,Education,India,High School,22,0.42,0.24,Yes,94023,Medium,-3,40,Startup,Low,3.62,Yes,2.84,Stable
AIJ-100334,Cloud Architect,Transportation,Canada,Bachelor,10,0.39,0.51,No,180087,High,41,54,Enterprise,Moderate,2.5,No,2.45,Stable
AIJ-100335,Prompt Engineer,Education,Japan,High School,22,0.29,0.43,Hybrid,180345,Low,27,40,Medium,Low,3.7,No,2.71,Stable
AIJ-100336,DevOps Engineer,Energy,India,PhD,21,0.44,0.63,Hybrid,82448,Low,-9,50,Enterprise,High,4.59,No,1.85,Growing
AIJ-100337,Robotics Engineer,Energy,Australia,Master,2,0.47,0.39,Hybrid,209649,Low,44,43,Medium,Moderate,3.94,No,3.75,Declining
AIJ-100338,Data Engineer,Energy,Australia,High School,6,0.77,0.45,Yes,157240,Medium,-2,30,Medium,Moderate,3.98,Yes,3.58,Declining
AIJ-100339,Financial Analyst,Healthcare,Australia,Bachelor,7,0.83,0.91,Yes,136694,High,37,46,Startup,High,3.99,No,2.99,Declining
AIJ-100340,DevOps Engineer,Education,UK,High School,5,0.58,0.51,Yes,91849,Medium,18,43,Medium,High,2.17,No,3.8,Declining
AIJ-100341,Financial Analyst,Transportation,Pakistan,Master,0,0.92,0.89,Hybrid,67987,High,-8,56,Enterprise,High,4.4,Yes,3.76,Growing
AIJ-100342,Cloud Architect,Media,Germany,PhD,12,0.91,0.49,Yes,209633,Medium,6,39,Startup,Low,2.89,Yes,4.66,Growing
AIJ-100343,DevOps Engineer,Manufacturing,Australia,High School,5,0.79,0.94,Hybrid,153493,Medium,22,32,Medium,Moderate,3.81,No,2.81,Declining
AIJ-100344,Healthcare Analyst,Government,Canada,High School,5,0.05,0.36,Yes,110097,High,35,54,Enterprise,Low,4.54,No,4.17,Stable
AIJ-100345,Cybersecurity Analyst,Energy,Pakistan,Bachelor,12,0.79,0.83,No,82078,High,4,30,Startup,High,3.94,Yes,4.63,Stable
AIJ-100346,Cybersecurity Analyst,Manufacturing,UK,High School,0,0.61,0.67,Hybrid,69125,High,17,54,Medium,High,3.48,Yes,3.85,Declining
AIJ-100347,Business Analyst,Energy,UK,PhD,25,0.82,0.67,Yes,104178,Low,8,38,Startup,High,3.35,Yes,2.48,Growing
AIJ-100348,Prompt Engineer,Energy,Japan,Master,2,0.93,0.51,Yes,85631,High,-7,31,Medium,Low,3.41,No,4.99,Growing
AIJ-100349,Software Developer,Media,USA,Bachelor,8,0.32,0.51,Yes,127229,High,21,59,Medium,Moderate,2.4,No,3.84,Stable
AIJ-100350,Financial Analyst,Energy,India,Master,19,0.93,0.59,No,103662,High,10,43,Startup,Moderate,4.21,No,4.05,Declining
AIJ-100351,Blockchain Developer,Energy,Canada,PhD,1,0.08,0.41,No,215063,Medium,35,47,Medium,Moderate,3.48,Yes,1.49,Declining
AIJ-100352,HR Specialist,Education,Japan,High School,16,0.51,0.42,Hybrid,203837,Low,16,59,Startup,Low,4.3,Yes,4.55,Declining
AIJ-100353,Blockchain Developer,Transportation,UAE,Master,19,0.8,0.32,Hybrid,51250,Low,11,31,Enterprise,High,4.85,No,4.79,Growing
AIJ-100354,Teacher,Energy,Canada,PhD,8,0.77,0.79,Yes,173433,Low,39,57,Medium,Low,2.06,Yes,1.65,Stable
AIJ-100355,Teacher,Finance,Pakistan,High School,11,0.44,0.84,Hybrid,111291,Low,21,44,Medium,Moderate,2.81,No,1.36,Stable
AIJ-100356,Digital Marketer,Finance,UAE,High School,9,0.51,0.97,No,207324,Medium,-5,59,Medium,Moderate,2.45,Yes,3.74,Stable
AIJ-100357,Product Manager,Healthcare,Singapore,PhD,13,0.09,0.26,Yes,41821,Medium,32,53,Enterprise,Moderate,3.07,Yes,4.07,Declining
AIJ-100358,Robotics Engineer,Manufacturing,Japan,PhD,24,0.81,0.24,Hybrid,139117,Medium,29,55,Medium,Moderate,4.9,Yes,1.84,Declining
AIJ-100359,Blockchain Developer,Energy,Japan,PhD,9,0.16,0.34,Hybrid,155074,High,13,52,Enterprise,High,4.03,No,1.35,Declining
AIJ-100360,Business Analyst,Transportation,UK,Bachelor,13,0.68,0.35,Hybrid,37029,High,2,32,Medium,Moderate,2.44,No,1.09,Declining
AIJ-100361,Robotics Engineer,Government,Australia,High School,10,0.82,0.66,Yes,82779,Low,30,57,Enterprise,Moderate,4.94,No,3.95,Growing
AIJ-100362,IoT Specialist,Education,USA,High School,13,0.58,0.68,Hybrid,207908,Medium,25,32,Medium,High,3.25,No,1.47,Growing
AIJ-100363,Digital Marketer,Media,Germany,Master,19,0.7,0.57,Hybrid,144848,High,19,34,Medium,High,4.13,No,4.33,Growing
AIJ-100364,Machine Learning Engineer,Education,UK,PhD,3,0.72,0.73,No,63841,Medium,9,37,Startup,High,2.14,Yes,2.44,Stable
AIJ-100365,Cloud Architect,Media,Germany,PhD,8,0.35,0.29,No,89425,Medium,39,31,Enterprise,Moderate,4.69,Yes,3.83,Stable
AIJ-100366,Business Analyst,Manufacturing,UK,Master,22,0.51,0.33,No,60948,High,21,53,Startup,Low,3.94,No,4.28,Declining
AIJ-100367,Product Manager,Finance,Canada,Master,11,0.8,0.57,Hybrid,105171,Medium,13,50,Enterprise,Low,2.45,No,4.15,Declining
AIJ-100368,Software Developer,Technology,Singapore,High School,2,0.66,0.95,No,146019,Medium,15,54,Startup,Moderate,2.18,Yes,3.64,Growing
AIJ-100369,Robotics Engineer,Manufacturing,Pakistan,High School,8,0.41,0.74,Hybrid,175125,High,-1,52,Medium,Moderate,3.93,No,3.79,Growing
AIJ-100370,Product Manager,Media,India,Bachelor,2,0.4,0.77,Hybrid,63031,High,9,46,Medium,High,2.48,Yes,4.56,Growing
AIJ-100371,Product Manager,Manufacturing,Canada,High School,24,0.71,0.86,Hybrid,98093,Low,18,39,Enterprise,High,2.02,No,4.93,Growing
AIJ-100372,Software Developer,Energy,Singapore,Bachelor,3,0.76,0.76,No,206274,High,27,36,Medium,Moderate,2.29,No,4.31,Declining
AIJ-100373,Product Manager,Energy,Japan,PhD,8,0.48,0.55,Hybrid,126808,Medium,30,43,Medium,High,4.79,No,3.93,Stable
AIJ-100374,Product Manager,Media,Canada,Bachelor,14,0.69,0.3,No,214686,Low,37,35,Enterprise,Moderate,4.77,Yes,3.41,Stable
AIJ-100375,Robotics Engineer,Manufacturing,India,Master,15,0.09,0.32,Yes,127377,Low,-1,55,Enterprise,Moderate,2.15,No,4.56,Declining
AIJ-100376,IoT Specialist,Government,India,PhD,10,0.36,0.89,No,139464,Medium,43,53,Enterprise,Low,4.29,No,4.05,Growing
AIJ-100377,Healthcare Analyst,Media,USA,PhD,23,0.61,0.51,No,133650,High,-5,57,Startup,High,2.07,No,3.24,Declining
AIJ-100378,Cloud Architect,Media,UK,High School,8,0.73,0.6,Yes,34892,Low,43,52,Enterprise,Moderate,2.25,No,2.61,Declining
AIJ-100379,Cybersecurity Analyst,Healthcare,Canada,Bachelor,9,0.82,0.45,Yes,97417,Low,6,54,Startup,Low,2.92,No,3.71,Declining
AIJ-100380,UX Designer,Energy,Canada,High School,6,0.14,0.31,Yes,114991,High,27,37,Medium,High,4.26,No,4.8,Stable
AIJ-100381,Digital Marketer,Technology,India,High School,7,0.11,0.22,Hybrid,196079,High,40,34,Medium,High,3.22,Yes,4.39,Growing
AIJ-100382,Blockchain Developer,Technology,USA,PhD,19,0.27,0.95,No,175529,High,0,30,Startup,Moderate,2.82,No,4.36,Stable
AIJ-100383,Cybersecurity Analyst,Energy,Canada,Bachelor,23,0.72,0.64,Hybrid,108810,Medium,17,36,Enterprise,High,4.87,No,4.54,Stable
AIJ-100384,Healthcare Analyst,Technology,UK,High School,19,0.36,0.56,No,187158,Low,-10,51,Startup,Moderate,3.67,No,4.05,Growing
AIJ-100385,Teacher,Manufacturing,Australia,Bachelor,24,0.66,0.48,Hybrid,128664,Low,-3,44,Medium,Low,3.33,Yes,3.97,Stable
AIJ-100386,AI Engineer,Retail,UAE,Bachelor,0,0.25,0.97,Yes,125158,High,15,33,Medium,High,3.5,Yes,3.21,Growing
AIJ-100387,Product Manager,Retail,Germany,High School,22,0.28,0.65,Hybrid,89759,High,29,38,Enterprise,High,4.65,Yes,4.75,Growing
AIJ-100388,IoT Specialist,Manufacturing,Singapore,High School,23,0.3,0.74,Yes,152312,Low,7,59,Medium,High,3.35,Yes,2.57,Stable
AIJ-100389,Machine Learning Engineer,Manufacturing,India,High School,20,0.91,0.92,Hybrid,81610,Low,-9,45,Medium,Low,3.78,No,4.36,Declining
AIJ-100390,Digital Marketer,Healthcare,Japan,PhD,24,0.8,0.85,Yes,166229,High,18,48,Startup,Low,4.92,Yes,2.51,Growing
AIJ-100391,Cybersecurity Analyst,Healthcare,USA,High School,9,0.1,0.68,No,143204,Medium,-4,49,Medium,Low,4.59,Yes,2.81,Stable
AIJ-100392,Teacher,Healthcare,Japan,Bachelor,18,0.58,0.29,Yes,33221,High,22,38,Medium,Moderate,3.44,No,1.74,Declining
AIJ-100393,Financial Analyst,Retail,Japan,Bachelor,4,0.58,0.61,No,200840,Medium,28,40,Medium,Moderate,4.91,Yes,1.23,Growing
AIJ-100394,Cybersecurity Analyst,Manufacturing,Germany,PhD,22,0.93,0.71,Hybrid,82759,Medium,28,52,Medium,High,3.7,No,3.46,Stable
AIJ-100395,Digital Marketer,Education,UAE,Bachelor,7,0.87,0.59,No,30969,High,39,60,Medium,High,3.13,No,1.74,Declining
AIJ-100396,HR Specialist,Manufacturing,USA,High School,6,0.15,0.43,Yes,80961,Medium,1,37,Medium,High,2.52,Yes,1.71,Declining
AIJ-100397,Healthcare Analyst,Education,India,PhD,7,0.66,0.5,No,59089,Medium,32,35,Enterprise,High,4.64,Yes,1.47,Declining
AIJ-100398,AI Engineer,Government,Japan,Bachelor,17,0.59,0.97,No,94107,Low,10,37,Startup,High,4.39,Yes,4.41,Growing
AIJ-100399,Product Manager,Manufacturing,UAE,PhD,5,0.11,0.6,No,199101,High,13,46,Enterprise,Moderate,4.15,No,2.9,Growing
AIJ-100400,DevOps Engineer,Energy,Japan,Bachelor,11,0.83,0.51,No,110215,High,-5,34,Startup,Moderate,3.33,No,1.92,Declining
AIJ-100401,UX Designer,Energy,USA,Bachelor,14,0.42,0.84,Yes,113105,Medium,31,32,Medium,Low,2.88,Yes,4.14,Declining
AIJ-100402,Healthcare Analyst,Retail,India,Master,6,0.08,0.36,Hybrid,81549,High,-2,57,Enterprise,High,3.63,No,1.03,Stable
AIJ-100403,Product Manager,Finance,Australia,Bachelor,7,0.73,0.21,Hybrid,201466,High,3,45,Startup,High,3.76,No,3.89,Stable
AIJ-100404,Blockchain Developer,Media,USA,Master,4,0.9,0.53,Hybrid,144997,Low,9,60,Enterprise,Low,3.5,No,2.36,Stable
AIJ-100405,Healthcare Analyst,Government,Japan,PhD,12,0.76,0.93,Yes,70289,Medium,-6,47,Medium,Low,3.42,No,3.28,Stable
AIJ-100406,IoT Specialist,Technology,UK,Bachelor,2,0.21,0.85,No,188168,Medium,3,37,Medium,High,3.57,No,1.23,Growing
AIJ-100407,Data Engineer,Energy,UAE,High School,12,0.4,0.98,Yes,63852,Low,45,36,Medium,Moderate,4.45,No,1.64,Growing
AIJ-100408,Prompt Engineer,Government,Germany,Master,18,0.06,0.31,No,46769,Medium,19,48,Startup,High,2.27,No,2.39,Growing
AIJ-100409,Prompt Engineer,Finance,Japan,High School,12,0.86,0.78,Hybrid,150016,Low,5,58,Startup,Moderate,4.65,No,3.67,Declining
AIJ-100410,DevOps Engineer,Transportation,UK,Master,6,0.12,0.28,Hybrid,115462,Low,19,30,Startup,High,4.08,No,2.52,Growing
AIJ-100411,Blockchain Developer,Transportation,UAE,High School,2,0.69,0.31,Hybrid,205713,High,5,52,Medium,Low,3.41,No,4.37,Declining
AIJ-100412,Cybersecurity Analyst,Technology,India,Bachelor,14,0.16,0.79,No,74159,Low,3,52,Startup,High,3.6,No,3.79,Growing
AIJ-100413,Business Analyst,Education,Pakistan,Bachelor,6,0.1,0.2,Yes,128931,Low,16,30,Startup,Moderate,4.46,Yes,1.88,Declining
AIJ-100414,Business Analyst,Government,Germany,PhD,13,0.15,0.46,Yes,177339,Low,3,33,Medium,Moderate,2.52,No,3.62,Declining
AIJ-100415,Business Analyst,Energy,India,PhD,3,0.63,0.49,Hybrid,47650,High,40,59,Enterprise,Low,2.76,Yes,3.4,Growing
AIJ-100416,Cybersecurity Analyst,Manufacturing,USA,PhD,12,0.34,0.87,Hybrid,156387,High,37,37,Enterprise,High,4.11,Yes,1.93,Growing
AIJ-100417,Software Developer,Manufacturing,UAE,Master,6,0.73,0.69,Yes,45708,Medium,3,50,Startup,Low,4.77,No,3.96,Stable
AIJ-100418,Data Scientist,Education,Pakistan,Master,7,0.76,0.53,Yes,105616,High,-7,59,Enterprise,Low,4.4,Yes,3.43,Stable
AIJ-100419,Software Developer,Education,UK,High School,5,0.49,0.95,Hybrid,43659,High,43,55,Startup,Low,3.52,No,3.9,Stable
AIJ-100420,Blockchain Developer,Education,India,PhD,2,0.6,0.44,No,181105,Medium,14,35,Medium,Moderate,3.27,No,4.04,Stable
AIJ-100421,Data Engineer,Finance,Singapore,Bachelor,8,0.73,0.93,No,186023,Medium,9,44,Medium,Moderate,3.69,No,1.29,Declining
AIJ-100422,DevOps Engineer,Energy,Pakistan,PhD,15,0.71,0.5,No,136051,High,27,32,Medium,Low,4.98,Yes,2.54,Growing
AIJ-100423,IoT Specialist,Manufacturing,USA,PhD,13,0.87,0.77,Hybrid,163590,Low,5,45,Startup,Moderate,3.89,Yes,3.79,Growing
AIJ-100424,Machine Learning Engineer,Technology,Canada,High School,20,0.27,0.66,Hybrid,203697,Medium,15,52,Enterprise,Low,3.56,Yes,4.5,Declining
AIJ-100425,Cloud Architect,Government,Pakistan,Bachelor,8,0.42,0.89,Hybrid,53297,Low,37,42,Enterprise,Moderate,2.02,Yes,4.27,Declining
AIJ-100426,Machine Learning Engineer,Manufacturing,UK,Bachelor,6,0.64,0.78,No,74730,Low,22,60,Startup,Moderate,3.7,Yes,1.74,Declining
AIJ-100427,Machine Learning Engineer,Healthcare,India,High School,12,0.61,0.69,Yes,196837,Medium,-6,40,Startup,High,2.7,No,3.69,Declining
AIJ-100428,Cloud Architect,Education,Singapore,High School,12,0.65,0.82,Hybrid,40973,High,38,38,Medium,Moderate,4.27,No,2.35,Growing
AIJ-100429,Healthcare Analyst,Healthcare,USA,PhD,22,0.39,0.25,No,123330,High,43,58,Startup,Low,3.81,No,4.8,Declining
AIJ-100430,Data Scientist,Manufacturing,USA,Master,21,0.05,0.7,No,114458,Low,28,45,Medium,High,3.84,Yes,2.39,Stable
AIJ-100431,Product Manager,Technology,UK,PhD,25,0.69,0.89,Yes,179918,Medium,43,51,Enterprise,Moderate,2.5,No,4.82,Stable
AIJ-100432,DevOps Engineer,Technology,UK,Master,12,0.9,0.75,No,57648,Low,36,38,Enterprise,Moderate,4.85,Yes,3.66,Growing
AIJ-100433,Prompt Engineer,Energy,Singapore,PhD,25,0.88,0.25,Yes,119974,Low,6,33,Medium,Low,2.33,No,3.96,Declining
AIJ-100434,Robotics Engineer,Technology,Japan,Bachelor,12,0.91,0.66,No,30440,Medium,39,41,Enterprise,Low,3.56,Yes,1.43,Declining
AIJ-100435,Software Developer,Technology,Japan,Master,9,0.66,0.32,Hybrid,104289,High,-3,38,Enterprise,High,3.43,Yes,2.98,Growing
AIJ-100436,AI Engineer,Finance,UAE,PhD,9,0.81,0.94,Hybrid,89001,Low,-9,47,Medium,Moderate,3.27,No,4.96,Stable
AIJ-100437,Software Developer,Manufacturing,Japan,High School,22,0.68,0.63,No,55511,Medium,31,35,Enterprise,Low,3.33,No,2.16,Declining
AIJ-100438,Software Developer,Energy,Australia,Bachelor,1,0.7,0.65,Yes,207816,Medium,20,35,Startup,Low,4.94,No,3.37,Declining
AIJ-100439,Prompt Engineer,Healthcare,UAE,PhD,8,0.32,0.67,Hybrid,75216,High,18,41,Startup,Low,2.35,Yes,2.96,Growing
AIJ-100440,Prompt Engineer,Transportation,Australia,Master,18,0.72,0.83,Yes,77473,Low,10,32,Enterprise,High,2.55,Yes,2.58,Growing
AIJ-100441,Teacher,Finance,USA,PhD,25,0.92,0.91,No,77360,Low,-8,34,Enterprise,Low,3.96,Yes,3.25,Declining
AIJ-100442,Data Scientist,Education,India,High School,16,0.38,0.63,No,140900,High,24,44,Startup,High,3.47,No,3.09,Stable
AIJ-100443,Software Developer,Government,Singapore,Bachelor,18,0.22,0.44,No,86416,Medium,-2,53,Enterprise,Moderate,2.22,No,2.04,Growing
AIJ-100444,Data Engineer,Education,Canada,Master,20,0.66,0.94,Hybrid,67550,High,2,52,Medium,High,3.97,Yes,2.68,Declining
AIJ-100445,Data Engineer,Energy,Canada,Master,20,0.12,0.3,Yes,58833,Medium,11,54,Medium,Low,4.61,Yes,2.09,Declining
AIJ-100446,IoT Specialist,Healthcare,Singapore,Master,22,0.52,0.89,Hybrid,184357,Medium,25,38,Enterprise,Low,4.69,Yes,2.27,Stable
AIJ-100447,Software Developer,Finance,UK,PhD,18,0.16,0.21,Hybrid,164628,Medium,-7,59,Enterprise,High,4.92,Yes,3.71,Stable
AIJ-100448,Digital Marketer,Retail,Canada,Master,13,0.31,0.95,No,166470,Low,30,32,Startup,High,2.72,Yes,1.66,Declining
AIJ-100449,Software Developer,Transportation,UAE,High School,12,0.92,0.53,Yes,163348,High,2,59,Enterprise,Low,4.14,No,1.98,Growing
AIJ-100450,Product Manager,Manufacturing,USA,PhD,15,0.21,0.49,No,64948,Low,13,33,Medium,High,2.75,Yes,2.16,Stable
AIJ-100451,Product Manager,Technology,UAE,PhD,1,0.56,0.37,No,109906,Low,29,44,Medium,Moderate,3.06,Yes,2.4,Growing
AIJ-100452,Product Manager,Finance,Australia,High School,15,0.44,0.36,Yes,168699,Low,39,51,Medium,Low,3.41,No,2.2,Stable
AIJ-100453,Financial Analyst,Energy,USA,Master,22,0.64,0.55,Yes,66667,Low,2,39,Startup,Low,3.18,No,4.6,Declining
AIJ-100454,Software Developer,Manufacturing,Australia,PhD,4,0.49,0.59,Yes,208713,Low,40,30,Startup,Low,3.03,Yes,4.07,Declining
AIJ-100455,Cybersecurity Analyst,Energy,Germany,Bachelor,23,0.44,0.43,Hybrid,157383,Low,5,38,Startup,Moderate,4.98,Yes,3.67,Stable
AIJ-100456,Software Developer,Education,Canada,Bachelor,12,0.94,0.67,Yes,196324,Medium,2,59,Startup,Moderate,2.05,Yes,1.36,Declining
AIJ-100457,Product Manager,Energy,USA,Master,3,0.25,0.54,No,46082,Medium,7,60,Medium,High,3.25,No,4.58,Declining
AIJ-100458,Cloud Architect,Energy,UK,Master,15,0.24,0.57,No,188996,Medium,9,33,Startup,High,2.04,Yes,2.32,Growing
AIJ-100459,Software Developer,Government,Canada,High School,18,0.24,0.5,Hybrid,57883,Low,2,52,Medium,Low,2.22,No,2.21,Stable
AIJ-100460,Data Engineer,Manufacturing,Pakistan,PhD,20,0.22,0.63,Hybrid,96198,Low,17,32,Medium,Moderate,3.57,Yes,1.67,Stable
AIJ-100461,IoT Specialist,Media,Singapore,High School,5,0.93,0.35,No,134200,High,14,47,Medium,Moderate,3.82,Yes,1.74,Declining
AIJ-100462,Digital Marketer,Retail,India,High School,5,0.69,0.61,Yes,109537,Low,24,37,Medium,Low,3.92,No,4.71,Stable
AIJ-100463,Financial Analyst,Manufacturing,Canada,Master,23,0.05,0.47,Yes,188638,Medium,29,39,Medium,Low,3.88,Yes,4.3,Declining
AIJ-100464,Cloud Architect,Energy,India,Bachelor,14,0.93,0.81,Yes,182898,Medium,7,36,Enterprise,High,4.42,No,1.62,Declining
AIJ-100465,Business Analyst,Government,UAE,Bachelor,20,0.46,0.84,No,76166,Low,9,35,Startup,Moderate,4.06,Yes,1.28,Declining
AIJ-100466,Teacher,Healthcare,Australia,PhD,0,0.17,0.79,Yes,33090,Low,38,56,Enterprise,Low,2.4,Yes,2.07,Growing
AIJ-100467,IoT Specialist,Government,UAE,Bachelor,9,0.82,0.27,No,66498,Medium,-1,37,Startup,High,4.08,Yes,1.08,Declining
AIJ-100468,Data Scientist,Education,USA,Bachelor,13,0.51,0.86,No,67181,Low,12,50,Medium,Low,4.77,No,3.75,Growing
AIJ-100469,Financial Analyst,Healthcare,Japan,Master,3,0.25,0.96,No,103875,Low,-8,49,Startup,Low,3.29,No,3.4,Growing
AIJ-100470,Cybersecurity Analyst,Technology,UK,Bachelor,10,0.87,0.72,Yes,99573,Medium,18,53,Medium,Low,2.34,No,4.84,Stable
AIJ-100471,DevOps Engineer,Transportation,Australia,Master,4,0.74,0.48,Hybrid,159553,Low,14,43,Enterprise,Moderate,3.62,No,3.13,Declining
AIJ-100472,Financial Analyst,Media,UAE,Bachelor,3,0.38,0.36,Yes,34496,Medium,13,57,Startup,Moderate,3.38,No,1.97,Declining
AIJ-100473,Financial Analyst,Technology,Canada,High School,15,0.39,0.22,Hybrid,141334,Low,-9,34,Medium,Low,2.24,Yes,1.05,Stable
AIJ-100474,DevOps Engineer,Manufacturing,UAE,High School,9,0.52,0.95,Yes,153256,Low,-7,58,Enterprise,Low,3.81,Yes,3.01,Declining
AIJ-100475,UX Designer,Healthcare,Singapore,PhD,4,0.33,0.38,Hybrid,71104,Low,15,49,Startup,Low,3.18,Yes,4.27,Stable
AIJ-100476,Cloud Architect,Healthcare,Canada,Master,19,0.38,0.54,No,100757,Low,5,39,Startup,High,2.32,Yes,3.39,Stable
AIJ-100477,AI Engineer,Government,UAE,High School,1,0.29,0.97,No,178058,Low,9,30,Medium,Moderate,4.88,Yes,2.26,Stable
AIJ-100478,Data Scientist,Government,Australia,PhD,18,0.5,0.6,Yes,69370,Medium,0,34,Enterprise,Moderate,2.24,Yes,4.81,Declining
AIJ-100479,Teacher,Energy,USA,PhD,7,0.76,0.47,Yes,124454,High,28,32,Startup,High,3.88,No,1.39,Declining
AIJ-100480,Machine Learning Engineer,Healthcare,India,Master,11,0.46,0.33,Yes,107491,Low,1,52,Medium,Moderate,4.96,No,4.05,Stable
AIJ-100481,Software Developer,Transportation,Pakistan,Master,11,0.82,0.52,Yes,192446,High,16,46,Medium,Moderate,4.63,Yes,3.48,Growing
AIJ-100482,HR Specialist,Energy,Canada,Bachelor,12,0.82,0.43,No,71472,High,-5,41,Medium,Moderate,3.93,No,1.44,Declining
AIJ-100483,Teacher,Transportation,Germany,PhD,3,0.41,0.25,No,119764,Medium,-8,47,Startup,Moderate,2.44,Yes,2.28,Declining
AIJ-100484,DevOps Engineer,Retail,India,Bachelor,2,0.24,0.22,Yes,209220,Low,7,42,Startup,Moderate,4.62,No,4.49,Growing
AIJ-100485,Machine Learning Engineer,Education,Pakistan,PhD,15,0.86,0.54,No,107831,High,34,55,Startup,High,3.31,No,4.29,Growing
AIJ-100486,Data Scientist,Finance,UAE,Bachelor,15,0.94,0.94,No,112972,Low,40,51,Medium,Moderate,3.56,Yes,4.95,Declining
AIJ-100487,Prompt Engineer,Education,Pakistan,Bachelor,6,0.68,0.81,Hybrid,187533,High,-10,41,Medium,Low,2.91,No,3.01,Declining
AIJ-100488,Cloud Architect,Finance,UAE,PhD,11,0.43,0.97,Yes,118034,High,28,35,Enterprise,Moderate,3.14,No,3.54,Growing
AIJ-100489,Cloud Architect,Transportation,Japan,High School,20,0.63,0.69,No,137814,High,27,55,Startup,High,2.87,No,1.85,Stable
AIJ-100490,Prompt Engineer,Technology,Pakistan,Bachelor,16,0.87,0.53,No,199046,Medium,32,38,Medium,Moderate,4.02,Yes,4.6,Stable
AIJ-100491,Teacher,Manufacturing,Pakistan,Bachelor,18,0.76,0.86,No,166043,Low,25,42,Startup,High,3.93,Yes,4.21,Growing
AIJ-100492,Software Developer,Media,Canada,PhD,24,0.19,0.38,Hybrid,216128,Medium,43,47,Startup,Moderate,2.61,Yes,1.1,Declining
AIJ-100493,Financial Analyst,Finance,Germany,Bachelor,9,0.72,0.3,Yes,148936,High,43,37,Enterprise,Moderate,4.31,Yes,2.1,Declining
AIJ-100494,Robotics Engineer,Retail,UK,High School,2,0.88,0.3,No,67181,Medium,43,36,Medium,Low,3.47,Yes,2.65,Stable
AIJ-100495,Machine Learning Engineer,Finance,India,High School,5,0.85,0.7,Hybrid,148195,High,30,49,Startup,Low,4.93,No,2.94,Growing
AIJ-100496,Data Engineer,Technology,Singapore,Bachelor,6,0.88,0.35,No,37747,Low,3,30,Medium,Low,2.66,Yes,2.07,Stable
AIJ-100497,Prompt Engineer,Education,India,Bachelor,6,0.72,0.59,Hybrid,164389,High,7,60,Medium,Low,3.75,No,1.66,Declining
AIJ-100498,Prompt Engineer,Energy,Germany,Master,11,0.78,0.69,Hybrid,189198,Low,18,35,Startup,High,2.76,No,2.17,Growing
AIJ-100499,Digital Marketer,Healthcare,Germany,Master,11,0.34,0.82,Yes,123780,Medium,-3,30,Medium,High,2.03,No,1.86,Growing
AIJ-100500,UX Designer,Government,Canada,PhD,21,0.24,0.37,No,177051,Medium,42,40,Startup,Low,2.15,No,2.99,Stable
AIJ-100501,Robotics Engineer,Technology,Japan,High School,14,0.58,0.39,No,35575,Low,43,60,Medium,Low,4.69,Yes,2.35,Declining
AIJ-100502,Prompt Engineer,Healthcare,Singapore,Master,15,0.7,0.42,Hybrid,120655,Low,15,39,Enterprise,Moderate,3.48,Yes,4.37,Growing
AIJ-100503,DevOps Engineer,Education,UK,High School,6,0.79,0.31,Hybrid,114635,Medium,42,58,Enterprise,Low,4.8,Yes,2.04,Declining
AIJ-100504,UX Designer,Finance,UK,PhD,3,0.29,0.74,Yes,129498,Medium,45,34,Enterprise,Moderate,3.91,Yes,3.09,Declining
AIJ-100505,Cybersecurity Analyst,Manufacturing,Singapore,Bachelor,21,0.25,0.41,Hybrid,107656,High,44,36,Enterprise,Low,2.23,No,1.24,Declining
AIJ-100506,Product Manager,Media,Pakistan,Master,22,0.14,0.36,No,184802,High,-1,57,Enterprise,Low,4.74,Yes,4.67,Stable
AIJ-100507,Cloud Architect,Finance,UAE,High School,23,0.43,0.74,Yes,181320,Low,-9,58,Medium,Low,2.8,No,3.65,Stable
AIJ-100508,Product Manager,Manufacturing,USA,PhD,8,0.24,0.51,No,142944,Low,-7,50,Medium,High,4.78,Yes,2.18,Stable
AIJ-100509,Digital Marketer,Healthcare,Germany,High School,1,0.44,0.74,Yes,199435,High,7,37,Startup,High,2.3,Yes,4.53,Growing
AIJ-100510,Financial Analyst,Retail,Japan,Master,23,0.29,0.36,Yes,83366,Low,1,46,Enterprise,High,3.43,No,4.41,Growing
AIJ-100511,Data Scientist,Transportation,Australia,Master,0,0.22,0.91,Yes,67180,Medium,-6,35,Enterprise,Low,3.78,No,3.33,Stable
AIJ-100512,Digital Marketer,Media,Singapore,Bachelor,24,0.07,0.74,Yes,106194,Low,-4,39,Enterprise,Moderate,3.36,No,4.96,Stable
AIJ-100513,Teacher,Transportation,Canada,Master,21,0.32,0.46,Hybrid,165746,High,30,30,Startup,Moderate,4.57,Yes,2.43,Declining
AIJ-100514,Cloud Architect,Retail,Singapore,PhD,16,0.13,0.93,Yes,129032,Medium,33,41,Medium,Moderate,3.77,No,2.24,Declining
AIJ-100515,IoT Specialist,Finance,UAE,Bachelor,16,0.76,0.43,No,32184,High,25,51,Startup,Moderate,3.46,Yes,4.2,Declining
AIJ-100516,Financial Analyst,Technology,USA,Master,4,0.1,0.44,No,142806,Medium,40,57,Enterprise,High,4.88,Yes,4.81,Growing
AIJ-100517,Digital Marketer,Energy,Australia,PhD,3,0.31,0.23,No,122964,Medium,28,39,Startup,High,3.31,No,4.22,Declining
AIJ-100518,HR Specialist,Transportation,Singapore,Bachelor,12,0.23,0.44,No,107944,Low,-2,46,Medium,High,2.94,No,2.87,Stable
AIJ-100519,Teacher,Retail,Germany,Master,4,0.91,0.53,Hybrid,66853,High,26,58,Medium,Low,4.27,No,1.5,Growing
AIJ-100520,Cloud Architect,Manufacturing,Japan,High School,9,0.81,0.27,Hybrid,100824,Medium,34,40,Startup,Low,4.22,Yes,3.81,Growing
AIJ-100521,Robotics Engineer,Retail,USA,PhD,19,0.86,0.71,Hybrid,70573,Low,-3,32,Startup,Low,3.81,Yes,3.08,Declining
AIJ-100522,Robotics Engineer,Energy,UAE,Bachelor,7,0.51,0.51,Hybrid,61932,Medium,42,49,Enterprise,Moderate,4.58,Yes,2.73,Growing
AIJ-100523,Business Analyst,Transportation,UAE,Master,9,0.2,0.79,Hybrid,173309,Low,27,45,Medium,High,2.83,No,3.79,Declining
AIJ-100524,Robotics Engineer,Technology,Japan,PhD,1,0.16,0.51,No,182184,Low,19,58,Enterprise,Moderate,2.83,Yes,2.43,Growing
AIJ-100525,HR Specialist,Manufacturing,UAE,Bachelor,8,0.11,0.72,Hybrid,122239,Medium,15,32,Enterprise,Moderate,3.13,No,3.42,Declining
AIJ-100526,Machine Learning Engineer,Education,Canada,High School,15,0.8,0.25,Hybrid,37738,Medium,10,54,Startup,High,4.39,Yes,4.6,Declining
AIJ-100527,Financial Analyst,Government,USA,Bachelor,10,0.08,0.79,Yes,145744,High,18,42,Startup,High,3.72,Yes,1.78,Stable
AIJ-100528,Cybersecurity Analyst,Government,USA,High School,6,0.78,0.84,Yes,80409,Low,-10,41,Medium,High,3.64,Yes,2.36,Growing
AIJ-100529,Cybersecurity Analyst,Transportation,Australia,PhD,2,0.61,0.64,Hybrid,66142,Low,-2,55,Enterprise,Moderate,2.3,No,1.92,Growing
AIJ-100530,Machine Learning Engineer,Retail,Canada,Bachelor,16,0.28,0.76,Hybrid,47813,High,9,42,Enterprise,Low,3.64,Yes,3.33,Stable
AIJ-100531,Software Developer,Education,Singapore,Master,24,0.28,0.46,Hybrid,45569,Low,5,45,Startup,High,4.71,Yes,2.38,Declining
AIJ-100532,Financial Analyst,Energy,UAE,Master,25,0.14,0.59,Yes,89046,Low,-7,30,Startup,High,3.82,No,3.73,Growing
AIJ-100533,DevOps Engineer,Energy,Singapore,Bachelor,3,0.4,0.5,No,62830,Low,29,58,Medium,Moderate,2.58,No,4.67,Declining
AIJ-100534,HR Specialist,Technology,USA,Bachelor,1,0.72,0.9,Yes,170566,Low,-2,44,Startup,Moderate,2.13,No,3.41,Declining
AIJ-100535,Business Analyst,Transportation,Pakistan,Bachelor,14,0.64,0.26,Hybrid,172513,Medium,13,54,Enterprise,Moderate,4.61,Yes,3.11,Stable
AIJ-100536,IoT Specialist,Retail,Canada,Bachelor,4,0.86,0.76,Hybrid,193019,Low,9,53,Enterprise,Low,2.37,Yes,1.14,Declining
AIJ-100537,Cybersecurity Analyst,Technology,India,PhD,15,0.29,0.66,Yes,108751,Medium,14,44,Startup,Low,2.62,Yes,3.64,Growing
AIJ-100538,UX Designer,Government,Germany,High School,10,0.89,0.92,Hybrid,118137,High,17,57,Medium,High,4.79,Yes,4.23,Growing
AIJ-100539,Blockchain Developer,Education,UK,High School,8,0.74,0.41,Hybrid,129953,Medium,-5,37,Enterprise,Moderate,3.01,No,1.15,Stable
AIJ-100540,Machine Learning Engineer,Transportation,UAE,High School,14,0.56,0.45,Yes,99341,Medium,-8,60,Medium,Moderate,3.91,Yes,2.63,Growing
AIJ-100541,UX Designer,Transportation,UK,Bachelor,20,0.45,0.4,Yes,102389,Low,45,49,Enterprise,Low,2.7,Yes,1.74,Growing
AIJ-100542,Data Engineer,Technology,Japan,Bachelor,11,0.93,0.21,Yes,122624,Low,22,44,Startup,High,2.23,Yes,2.3,Stable
AIJ-100543,Financial Analyst,Transportation,India,High School,5,0.6,0.48,No,136990,Low,8,59,Startup,High,2.08,Yes,4.23,Growing
AIJ-100544,Cybersecurity Analyst,Healthcare,Germany,PhD,17,0.19,0.8,Hybrid,200187,Low,44,58,Enterprise,Low,3.82,No,2.27,Declining
AIJ-100545,Cloud Architect,Education,UAE,PhD,11,0.93,0.38,Yes,112527,Medium,25,46,Startup,Moderate,3.96,Yes,2.8,Stable
AIJ-100546,Robotics Engineer,Manufacturing,Pakistan,High School,2,0.58,0.31,No,98230,Medium,22,34,Enterprise,Moderate,3.9,Yes,4.6,Stable
AIJ-100547,Cloud Architect,Finance,USA,PhD,0,0.29,0.64,Hybrid,153171,Low,-6,34,Enterprise,High,4.76,No,2.42,Stable
AIJ-100548,Teacher,Healthcare,USA,High School,23,0.79,0.47,No,189582,Medium,16,50,Medium,High,4.5,No,4.03,Growing
AIJ-100549,Blockchain Developer,Energy,Pakistan,PhD,5,0.86,0.67,Hybrid,126960,High,27,38,Startup,Low,2.89,No,1.19,Growing
AIJ-100550,DevOps Engineer,Media,India,Master,3,0.91,0.23,No,85228,Medium,0,33,Medium,Moderate,3.46,Yes,4.54,Stable
AIJ-100551,Data Scientist,Government,USA,Bachelor,0,0.24,0.86,No,74263,Low,13,36,Medium,High,3.28,No,3.08,Stable
AIJ-100552,UX Designer,Healthcare,Pakistan,High School,23,0.49,0.27,Yes,65866,High,-6,40,Startup,High,3.01,No,3.52,Growing
AIJ-100553,Healthcare Analyst,Education,Singapore,High School,20,0.14,0.76,Hybrid,166654,Low,5,34,Enterprise,Moderate,4.62,Yes,3.69,Stable
AIJ-100554,Product Manager,Education,USA,PhD,2,0.17,0.7,No,53255,High,29,36,Enterprise,Low,2.12,No,3.45,Growing
AIJ-100555,IoT Specialist,Transportation,Australia,Master,17,0.32,0.38,No,106576,Medium,-4,37,Startup,Moderate,3.26,No,2.3,Growing
AIJ-100556,IoT Specialist,Transportation,Japan,PhD,21,0.36,0.51,Yes,63569,Low,8,38,Enterprise,Low,4.67,No,1.24,Stable
AIJ-100557,UX Designer,Transportation,Germany,Master,20,0.43,0.41,Yes,44321,Medium,18,43,Startup,High,4.63,Yes,4.12,Declining
AIJ-100558,Data Engineer,Healthcare,USA,Bachelor,11,0.13,0.76,Hybrid,122458,Low,0,56,Enterprise,Moderate,4.58,Yes,2.16,Declining
AIJ-100559,Product Manager,Healthcare,Singapore,PhD,25,0.27,0.21,No,35250,Low,0,39,Medium,Low,2.69,Yes,1.14,Growing
AIJ-100560,Cybersecurity Analyst,Healthcare,Singapore,PhD,0,0.79,0.89,Yes,52260,High,43,47,Enterprise,Low,2.29,No,1.78,Growing
AIJ-100561,HR Specialist,Transportation,Australia,Master,13,0.46,0.28,Yes,201979,Low,16,47,Medium,Moderate,2.85,Yes,2.53,Stable
AIJ-100562,IoT Specialist,Government,Canada,Master,10,0.41,0.38,Yes,126946,High,-5,33,Enterprise,Low,2.62,No,3.37,Declining
AIJ-100563,Healthcare Analyst,Finance,USA,Master,22,0.74,0.4,Hybrid,111646,High,16,57,Startup,Moderate,4.07,No,3.18,Stable
AIJ-100564,Cloud Architect,Energy,Canada,PhD,4,0.55,0.78,Yes,51347,Low,23,53,Startup,Low,2.59,Yes,1.16,Stable
AIJ-100565,DevOps Engineer,Retail,India,Master,19,0.43,0.21,No,60823,High,31,35,Startup,Moderate,3.57,Yes,4.21,Growing
AIJ-100566,Software Developer,Finance,Singapore,PhD,0,0.89,0.93,No,218777,Medium,1,34,Medium,Low,4.98,Yes,2.25,Declining
AIJ-100567,Cybersecurity Analyst,Manufacturing,Singapore,Bachelor,11,0.1,0.57,Hybrid,71013,Low,2,38,Medium,Moderate,3.75,No,2.47,Stable
AIJ-100568,UX Designer,Government,Canada,Bachelor,25,0.14,0.37,Hybrid,76746,High,31,54,Medium,Moderate,3.73,No,4.87,Growing
AIJ-100569,Software Developer,Finance,UAE,High School,10,0.13,0.83,Yes,68401,Low,-2,46,Medium,Moderate,3.99,No,2.21,Declining
AIJ-100570,Product Manager,Manufacturing,Singapore,High School,19,0.4,0.57,Yes,111726,Low,30,56,Medium,High,2.43,No,3.24,Stable
AIJ-100571,Financial Analyst,Energy,Germany,Bachelor,12,0.83,0.88,No,205646,Low,37,30,Startup,Moderate,3.08,Yes,1.02,Stable
AIJ-100572,IoT Specialist,Energy,USA,Master,8,0.6,0.23,Hybrid,102076,Low,26,56,Startup,High,4.78,No,2.96,Stable
AIJ-100573,Machine Learning Engineer,Finance,Canada,PhD,3,0.6,0.76,Yes,214979,Medium,30,52,Startup,Moderate,2.29,No,4.93,Declining
AIJ-100574,Product Manager,Technology,Australia,PhD,21,0.87,0.66,Hybrid,126011,Low,-6,36,Enterprise,Low,4.19,Yes,1.69,Declining
AIJ-100575,Robotics Engineer,Retail,Singapore,Master,3,0.72,0.86,No,30845,Medium,26,56,Enterprise,Low,3.7,No,1.35,Declining
AIJ-100576,Data Scientist,Education,Pakistan,PhD,2,0.61,0.22,Hybrid,74390,Low,9,56,Enterprise,High,4.83,Yes,3.99,Growing
AIJ-100577,Healthcare Analyst,Energy,Germany,Bachelor,8,0.31,0.42,Yes,178121,Low,8,38,Enterprise,Moderate,2.79,No,2.42,Stable
AIJ-100578,Business Analyst,Energy,Pakistan,Master,6,0.58,0.32,No,179084,High,22,47,Enterprise,Moderate,2.27,Yes,2.03,Stable
AIJ-100579,Prompt Engineer,Government,USA,Master,22,0.47,0.46,Yes,177788,High,12,57,Startup,Low,3.26,No,2.35,Declining
AIJ-100580,Teacher,Transportation,Japan,PhD,23,0.54,0.79,No,145083,Medium,43,37,Medium,High,3.12,No,2.93,Stable
AIJ-100581,HR Specialist,Technology,UK,Bachelor,9,0.75,0.95,Hybrid,135054,High,23,36,Enterprise,Low,2.39,No,4.15,Declining
AIJ-100582,Software Developer,Education,UK,Master,9,0.46,0.33,Yes,30221,Low,5,57,Startup,Moderate,2.27,Yes,1.62,Growing
AIJ-100583,Business Analyst,Transportation,Australia,PhD,22,0.47,0.74,Yes,213180,Low,14,34,Medium,Low,3.2,No,4.59,Growing
AIJ-100584,Machine Learning Engineer,Education,Pakistan,Master,10,0.92,0.22,Hybrid,189520,Low,29,49,Medium,Low,3.94,Yes,3,Declining
AIJ-100585,Robotics Engineer,Retail,Australia,PhD,1,0.4,0.34,No,69517,Medium,1,35,Medium,High,3.55,Yes,2.86,Declining
AIJ-100586,Blockchain Developer,Technology,UAE,PhD,13,0.17,0.6,Yes,209909,Medium,17,38,Enterprise,High,2.35,No,3.01,Stable
AIJ-100587,Cybersecurity Analyst,Finance,USA,Master,22,0.93,0.62,Hybrid,130524,Medium,2,46,Enterprise,High,4.62,No,1.19,Stable
AIJ-100588,Financial Analyst,Retail,Australia,Master,21,0.38,0.9,No,209932,Low,24,38,Startup,Moderate,3.07,Yes,2.79,Stable
AIJ-100589,Cybersecurity Analyst,Media,Canada,Bachelor,23,0.53,0.51,Yes,75936,High,21,43,Medium,Moderate,4.92,Yes,4.68,Growing
AIJ-100590,Prompt Engineer,Media,Canada,Master,20,0.6,0.77,Hybrid,56508,Medium,17,42,Startup,Low,4.85,No,3.89,Growing
AIJ-100591,Product Manager,Media,Germany,High School,11,0.56,0.99,Hybrid,191370,Medium,3,54,Medium,Moderate,4.24,Yes,2.11,Growing
AIJ-100592,DevOps Engineer,Finance,India,Master,14,0.3,0.52,Hybrid,34907,High,10,33,Startup,Low,2.05,No,1.88,Growing
AIJ-100593,Healthcare Analyst,Manufacturing,Pakistan,PhD,4,0.48,0.64,No,119902,High,21,36,Enterprise,High,2.51,No,2.02,Declining
AIJ-100594,Robotics Engineer,Retail,Pakistan,PhD,21,0.24,0.98,No,126781,Low,-1,49,Enterprise,Low,3.87,No,2.66,Declining
AIJ-100595,Cloud Architect,Energy,Germany,Bachelor,3,0.17,0.68,Hybrid,62373,Medium,1,57,Startup,High,4.94,No,2.41,Declining
AIJ-100596,Healthcare Analyst,Media,Singapore,PhD,7,0.85,0.96,No,196779,Medium,38,44,Medium,Moderate,2.47,Yes,2.6,Declining
AIJ-100597,Business Analyst,Technology,Japan,Bachelor,4,0.64,0.97,Hybrid,137556,High,22,32,Enterprise,High,4.2,Yes,2.3,Declining
AIJ-100598,Prompt Engineer,Media,Singapore,Bachelor,5,0.72,0.9,No,201472,Medium,36,57,Startup,Low,3.42,Yes,2.29,Stable
AIJ-100599,Digital Marketer,Finance,UAE,High School,25,0.46,0.74,Hybrid,146301,Medium,45,59,Startup,Low,3.39,Yes,1.03,Declining
AIJ-100600,Cloud Architect,Government,Singapore,High School,14,0.91,0.9,No,170860,High,-7,39,Medium,High,4.31,No,2.6,Growing
AIJ-100601,Machine Learning Engineer,Manufacturing,Australia,Master,4,0.73,0.66,Yes,59303,Medium,3,38,Startup,Moderate,3.93,Yes,2.83,Growing
AIJ-100602,HR Specialist,Retail,Japan,High School,24,0.35,0.56,Yes,97612,Low,23,39,Startup,Low,4.64,No,3.86,Stable
AIJ-100603,Software Developer,Finance,Japan,Master,12,0.32,0.79,No,212211,High,4,30,Startup,High,2.91,Yes,2.04,Growing
AIJ-100604,Prompt Engineer,Transportation,UK,PhD,5,0.82,0.45,No,128136,Medium,-10,51,Startup,Moderate,2.67,Yes,1.9,Stable
AIJ-100605,Product Manager,Education,Germany,Master,21,0.46,0.92,Yes,33198,Medium,30,33,Medium,High,2.2,Yes,4.88,Declining
AIJ-100606,Digital Marketer,Transportation,UK,High School,19,0.21,0.94,No,94248,High,7,32,Enterprise,Low,4.2,Yes,4.62,Declining
AIJ-100607,Data Engineer,Technology,Pakistan,High School,6,0.74,0.58,No,55760,Low,18,32,Medium,Low,2.3,Yes,3.39,Stable
AIJ-100608,Teacher,Transportation,USA,Master,24,0.75,0.35,No,196443,High,7,45,Enterprise,Low,2.99,No,3.06,Growing
AIJ-100609,Cloud Architect,Finance,UAE,High School,10,0.56,0.44,Hybrid,145354,Medium,21,35,Startup,Low,4.28,No,1.38,Stable
AIJ-100610,Robotics Engineer,Manufacturing,Singapore,PhD,3,0.74,0.37,Hybrid,161538,Medium,29,36,Enterprise,High,2.46,Yes,1.77,Stable
AIJ-100611,UX Designer,Education,India,PhD,9,0.93,0.72,No,139290,Low,9,40,Enterprise,Moderate,4.49,No,2.8,Stable
AIJ-100612,UX Designer,Technology,Germany,Bachelor,21,0.63,0.31,Hybrid,149770,Medium,8,56,Medium,Low,2.97,No,2.3,Growing
AIJ-100613,Healthcare Analyst,Transportation,Japan,PhD,1,0.3,0.26,Hybrid,72052,Medium,34,60,Enterprise,Moderate,2.75,No,1.24,Declining
AIJ-100614,Healthcare Analyst,Energy,UK,Bachelor,18,0.15,0.31,No,49395,High,2,47,Startup,Moderate,2.74,No,3.23,Stable
AIJ-100615,Business Analyst,Finance,Pakistan,PhD,7,0.91,0.49,No,146874,Medium,11,36,Enterprise,High,2.78,Yes,1.56,Growing
AIJ-100616,Data Scientist,Government,Australia,High School,16,0.1,0.98,No,127904,High,21,39,Enterprise,Moderate,3.9,Yes,3.26,Growing
AIJ-100617,Business Analyst,Healthcare,Australia,Master,14,0.57,0.57,No,200439,High,-1,50,Medium,Low,2.55,No,2.82,Growing
AIJ-100618,Software Developer,Retail,Germany,Master,17,0.07,0.38,No,141974,High,32,36,Enterprise,Moderate,4.68,Yes,1.76,Declining
AIJ-100619,Software Developer,Media,Pakistan,High School,10,0.53,0.95,No,40342,Low,32,36,Startup,Moderate,2.49,No,1.93,Declining
AIJ-100620,Prompt Engineer,Technology,UAE,PhD,12,0.9,0.22,Yes,84679,Low,39,42,Enterprise,Low,2.28,Yes,3.03,Growing
AIJ-100621,Healthcare Analyst,Energy,Germany,Bachelor,2,0.9,0.79,Hybrid,123949,Medium,20,38,Enterprise,Low,4.83,Yes,1.03,Stable
AIJ-100622,Digital Marketer,Healthcare,Australia,PhD,0,0.44,0.87,No,108825,High,31,58,Medium,Low,2.42,Yes,1.71,Declining
AIJ-100623,Business Analyst,Retail,Pakistan,PhD,5,0.47,0.23,No,186291,Low,1,59,Enterprise,Low,4.23,Yes,2.46,Declining
AIJ-100624,Teacher,Manufacturing,USA,High School,10,0.41,0.49,Yes,99515,Medium,-8,53,Startup,Moderate,2.14,No,4.05,Growing
AIJ-100625,Cloud Architect,Transportation,UAE,PhD,17,0.86,0.27,No,47386,Low,44,49,Enterprise,Low,2.93,No,4.6,Stable
AIJ-100626,Business Analyst,Finance,Germany,Bachelor,25,0.49,0.86,Yes,179747,Low,32,32,Enterprise,Low,4.15,No,4.55,Declining
AIJ-100627,HR Specialist,Media,Singapore,Master,24,0.64,0.46,Yes,151149,Medium,17,41,Enterprise,Low,3.74,Yes,3.99,Stable
AIJ-100628,Machine Learning Engineer,Energy,Pakistan,High School,18,0.18,0.23,No,92345,Medium,44,41,Startup,High,4.61,No,2.81,Declining
AIJ-100629,Machine Learning Engineer,Retail,Pakistan,PhD,24,0.74,0.93,Hybrid,118409,Medium,32,33,Enterprise,Moderate,4.29,No,1.25,Stable
AIJ-100630,Financial Analyst,Retail,UAE,PhD,17,0.16,0.76,Yes,63108,High,1,42,Enterprise,Low,2.43,Yes,4.1,Declining
AIJ-100631,Machine Learning Engineer,Manufacturing,UK,High School,21,0.38,0.38,Yes,169164,High,30,57,Enterprise,Low,4.53,Yes,3.16,Growing
AIJ-100632,Blockchain Developer,Manufacturing,UK,Master,0,0.86,0.97,Yes,154923,Medium,35,47,Enterprise,Moderate,2.63,Yes,1.24,Stable
AIJ-100633,Prompt Engineer,Finance,Australia,PhD,18,0.92,0.97,Yes,93560,Low,43,41,Startup,Low,4.89,No,1.56,Stable
AIJ-100634,Data Scientist,Healthcare,Singapore,Master,16,0.18,0.42,Yes,115844,High,28,45,Startup,High,3.31,Yes,3.17,Growing
AIJ-100635,Blockchain Developer,Energy,Japan,Bachelor,22,0.39,0.9,Hybrid,59579,Medium,38,39,Startup,High,2.31,No,1.97,Growing
AIJ-100636,UX Designer,Media,Pakistan,PhD,21,0.3,0.77,No,102316,Medium,-5,30,Startup,High,4.42,Yes,3.34,Declining
AIJ-100637,Prompt Engineer,Technology,Japan,High School,18,0.39,0.61,Hybrid,204996,Low,26,33,Startup,Low,3.08,No,4.26,Growing
AIJ-100638,DevOps Engineer,Technology,Germany,Bachelor,0,0.57,0.61,Hybrid,134514,Medium,-4,39,Medium,Low,4.19,No,2.43,Growing
AIJ-100639,UX Designer,Finance,Germany,Master,23,0.09,0.56,No,196410,Medium,39,56,Startup,Moderate,4.57,No,2.41,Growing
AIJ-100640,Teacher,Transportation,UK,PhD,6,0.7,0.71,No,112031,High,21,41,Medium,Moderate,4.69,Yes,4.84,Stable
AIJ-100641,Robotics Engineer,Media,Singapore,Bachelor,12,0.87,0.75,Hybrid,176927,High,-6,36,Startup,Low,4.13,No,4.41,Declining
AIJ-100642,Teacher,Government,Canada,Master,7,0.14,0.96,No,107047,Low,5,47,Startup,High,4.98,Yes,2.98,Growing
AIJ-100643,Digital Marketer,Technology,Japan,PhD,14,0.78,0.31,No,107802,High,25,48,Startup,Moderate,2.56,No,3.51,Stable
AIJ-100644,Data Engineer,Manufacturing,Canada,Bachelor,10,0.86,0.94,Hybrid,113926,Low,40,47,Enterprise,Low,2.29,No,3.14,Declining
AIJ-100645,Blockchain Developer,Transportation,Japan,PhD,2,0.57,0.24,Yes,192216,Low,25,44,Enterprise,High,2.17,No,2.91,Growing
AIJ-100646,Teacher,Transportation,Australia,Bachelor,12,0.3,0.4,Yes,37229,High,18,39,Enterprise,High,4.02,No,1.93,Growing
AIJ-100647,Teacher,Healthcare,Singapore,PhD,23,0.73,0.66,Yes,48615,High,2,37,Enterprise,Low,4.51,Yes,3.6,Stable
AIJ-100648,Prompt Engineer,Energy,Australia,PhD,4,0.9,0.65,No,209661,Low,-4,39,Medium,Low,4.12,No,3,Declining
AIJ-100649,Product Manager,Retail,USA,High School,17,0.62,0.47,Yes,54648,High,13,33,Startup,Low,4.89,Yes,1.02,Stable
AIJ-100650,Business Analyst,Manufacturing,Canada,Bachelor,19,0.62,0.59,No,170303,High,1,58,Medium,High,4.54,Yes,3.03,Stable
AIJ-100651,Machine Learning Engineer,Government,Singapore,Bachelor,3,0.89,0.29,No,209052,Low,28,34,Enterprise,Moderate,4.81,No,4.14,Declining
AIJ-100652,Business Analyst,Energy,USA,Master,1,0.18,0.96,No,158651,High,35,54,Enterprise,Low,4.54,Yes,3.65,Stable
AIJ-100653,DevOps Engineer,Energy,Australia,PhD,2,0.74,0.43,No,194191,Low,21,33,Medium,High,3.45,No,2.22,Stable
AIJ-100654,HR Specialist,Media,UK,Master,23,0.9,0.44,Yes,184001,High,-9,31,Medium,Moderate,2.56,Yes,4.29,Growing
AIJ-100655,Blockchain Developer,Finance,Germany,Master,2,0.68,0.92,Hybrid,55860,Low,21,36,Enterprise,High,3.84,Yes,4.69,Declining
AIJ-100656,Machine Learning Engineer,Energy,Germany,Master,12,0.64,0.92,Yes,116704,Low,-1,49,Startup,High,4.01,No,3.72,Growing
AIJ-100657,Business Analyst,Transportation,India,High School,20,0.42,0.53,Hybrid,102898,Medium,-8,52,Medium,Low,3.99,Yes,1.28,Declining
AIJ-100658,Prompt Engineer,Retail,Singapore,Master,9,0.22,0.46,Hybrid,97239,Medium,-4,54,Startup,Moderate,4.47,Yes,4.8,Growing
AIJ-100659,Machine Learning Engineer,Healthcare,Canada,Bachelor,13,0.15,0.23,Hybrid,131728,Medium,18,53,Startup,Moderate,3.79,Yes,3.65,Growing
AIJ-100660,Machine Learning Engineer,Manufacturing,UAE,Bachelor,20,0.06,0.32,Yes,95746,Medium,14,34,Medium,High,2.19,Yes,3.51,Stable
AIJ-100661,Data Engineer,Manufacturing,USA,High School,21,0.53,0.64,Yes,67581,Medium,23,47,Startup,High,4.16,No,2.48,Declining
AIJ-100662,HR Specialist,Healthcare,Germany,High School,18,0.05,0.25,Hybrid,131587,Low,-9,50,Medium,High,3.93,No,3.74,Stable
AIJ-100663,Data Engineer,Manufacturing,Germany,Bachelor,9,0.48,0.91,Hybrid,149071,High,1,60,Medium,Moderate,4.65,No,3.96,Stable
AIJ-100664,Software Developer,Manufacturing,Germany,PhD,13,0.84,0.87,No,135442,Medium,36,44,Medium,Moderate,3.39,No,2.3,Stable
AIJ-100665,Teacher,Manufacturing,UAE,PhD,11,0.69,0.65,Hybrid,202838,Medium,3,42,Startup,Moderate,2.33,No,2.2,Growing
AIJ-100666,Machine Learning Engineer,Transportation,USA,Bachelor,12,0.64,0.94,Hybrid,143189,High,1,38,Enterprise,High,3.69,Yes,3.56,Growing
AIJ-100667,Healthcare Analyst,Government,Japan,High School,21,0.27,0.78,Yes,157581,Low,-5,30,Startup,Low,2.99,Yes,2.25,Stable
AIJ-100668,HR Specialist,Transportation,UAE,Master,22,0.11,0.69,Yes,112706,Medium,9,33,Enterprise,Low,4.7,Yes,1.65,Declining
AIJ-100669,Blockchain Developer,Healthcare,USA,Bachelor,12,0.93,0.72,No,68442,Medium,20,35,Startup,High,4.06,No,4.72,Growing
AIJ-100670,Financial Analyst,Healthcare,UK,Bachelor,19,0.56,0.9,No,52284,High,15,59,Startup,Low,4.98,Yes,4.85,Stable
AIJ-100671,Financial Analyst,Retail,Germany,Master,16,0.85,0.53,Yes,74318,Medium,10,58,Startup,Low,3.95,No,2.05,Stable
AIJ-100672,Data Scientist,Government,USA,Master,12,0.35,0.22,Yes,193622,Medium,14,42,Startup,High,4.02,No,2.34,Growing
AIJ-100673,Cybersecurity Analyst,Transportation,Canada,Master,16,0.55,0.59,Yes,99906,Low,41,34,Startup,Low,2.22,No,1.26,Growing
AIJ-100674,Cybersecurity Analyst,Finance,Japan,PhD,20,0.06,0.84,No,191863,High,-4,49,Startup,Low,4.11,Yes,4.67,Declining
AIJ-100675,Cybersecurity Analyst,Energy,Pakistan,Bachelor,15,0.76,0.38,Yes,43106,High,21,49,Enterprise,Low,3.41,Yes,2.77,Growing
AIJ-100676,Business Analyst,Healthcare,Canada,Bachelor,5,0.29,0.89,No,180846,Low,0,42,Enterprise,High,2.89,No,3.03,Stable
AIJ-100677,UX Designer,Retail,UK,High School,1,0.27,0.21,Yes,209183,Medium,12,58,Enterprise,Low,3.86,No,1.32,Growing
AIJ-100678,HR Specialist,Retail,Pakistan,PhD,11,0.68,0.68,Hybrid,47269,Medium,13,45,Medium,Moderate,2.94,Yes,1.91,Declining
AIJ-100679,Blockchain Developer,Transportation,UAE,Bachelor,4,0.84,0.46,Hybrid,135707,Medium,16,60,Startup,Low,4.36,No,4.96,Growing
AIJ-100680,Software Developer,Government,UK,Bachelor,3,0.76,0.72,Yes,75293,Medium,20,34,Medium,Moderate,2.59,No,2.57,Stable
AIJ-100681,IoT Specialist,Technology,Pakistan,High School,2,0.5,0.54,No,71896,High,20,49,Medium,Low,2.71,No,4.21,Stable
AIJ-100682,Teacher,Finance,Singapore,Master,10,0.67,0.54,Hybrid,61941,Medium,41,52,Startup,Moderate,3.7,No,1.25,Stable
AIJ-100683,IoT Specialist,Retail,Singapore,Master,18,0.26,0.89,No,111929,High,2,58,Startup,Moderate,4.34,Yes,3.83,Growing
AIJ-100684,Prompt Engineer,Finance,Japan,Master,2,0.07,0.6,Hybrid,55056,Medium,19,49,Enterprise,Moderate,2.2,No,4.11,Stable
AIJ-100685,Teacher,Transportation,Singapore,Bachelor,25,0.25,0.2,No,123367,Medium,21,40,Enterprise,High,2.6,Yes,4.83,Growing
AIJ-100686,Prompt Engineer,Energy,USA,Master,8,0.52,0.6,Yes,95071,Low,8,30,Startup,High,3.93,No,1.31,Stable
AIJ-100687,Blockchain Developer,Retail,Germany,PhD,9,0.45,0.45,Yes,101710,High,-2,40,Startup,Low,2.16,No,3.21,Stable
AIJ-100688,Healthcare Analyst,Government,USA,Master,10,0.44,0.46,Hybrid,76661,High,-8,58,Enterprise,Low,4.17,Yes,2.99,Declining
AIJ-100689,Healthcare Analyst,Healthcare,Australia,Master,24,0.26,0.8,Yes,123606,Medium,15,47,Startup,High,3.25,No,3.78,Growing
AIJ-100690,Digital Marketer,Education,USA,High School,1,0.15,0.92,Hybrid,98355,High,4,45,Startup,Low,2.66,Yes,4.8,Declining
AIJ-100691,DevOps Engineer,Media,Canada,High School,6,0.74,0.59,Hybrid,205542,Low,3,37,Enterprise,Moderate,2.02,Yes,3.33,Stable
AIJ-100692,Robotics Engineer,Retail,Singapore,Master,16,0.06,0.7,No,193261,Low,43,36,Enterprise,Moderate,3,No,4.59,Stable
AIJ-100693,Product Manager,Energy,Germany,Bachelor,3,0.45,0.96,Yes,206120,Medium,41,33,Enterprise,Low,2.6,No,4.33,Growing
AIJ-100694,Business Analyst,Media,USA,Master,0,0.63,0.38,Yes,96147,Low,45,40,Startup,Moderate,4.84,No,3.88,Stable
AIJ-100695,Cybersecurity Analyst,Government,Canada,High School,0,0.77,0.73,Hybrid,95147,Low,44,30,Medium,Low,2.91,No,3.91,Declining
AIJ-100696,Cybersecurity Analyst,Retail,Australia,High School,9,0.63,0.97,Yes,127732,Low,9,34,Medium,Moderate,4.79,Yes,1.48,Growing
AIJ-100697,HR Specialist,Media,India,Master,0,0.15,0.77,Hybrid,149339,High,20,32,Enterprise,High,2.46,Yes,2.59,Stable
AIJ-100698,HR Specialist,Technology,Canada,Master,22,0.8,0.53,No,33478,High,20,36,Medium,Low,4.01,Yes,1.94,Stable
AIJ-100699,Robotics Engineer,Manufacturing,Canada,Master,14,0.76,0.77,No,42397,High,0,41,Enterprise,Moderate,4.18,Yes,2.28,Growing
AIJ-100700,IoT Specialist,Media,Australia,Master,13,0.94,0.81,Yes,68701,High,6,58,Startup,Moderate,4.77,No,2.8,Growing
AIJ-100701,HR Specialist,Finance,Germany,PhD,2,0.36,0.7,No,71793,Low,22,47,Startup,High,2.31,Yes,2.02,Growing
AIJ-100702,Data Engineer,Energy,Singapore,PhD,7,0.34,0.86,Hybrid,127864,Medium,37,43,Enterprise,Low,2.68,No,1.62,Growing
AIJ-100703,Digital Marketer,Energy,India,Bachelor,17,0.18,0.26,Hybrid,110361,Low,42,36,Startup,Low,2.09,Yes,1.83,Growing
AIJ-100704,Prompt Engineer,Technology,Japan,Master,10,0.91,0.53,No,123720,Medium,3,39,Medium,High,3.77,No,3.54,Growing
AIJ-100705,IoT Specialist,Energy,Singapore,High School,13,0.34,0.22,Hybrid,213666,High,29,58,Medium,High,3.47,Yes,2.52,Stable
AIJ-100706,Cloud Architect,Transportation,Australia,Master,7,0.12,0.77,Hybrid,217592,Medium,-8,40,Medium,High,4.33,No,1.87,Stable
AIJ-100707,Machine Learning Engineer,Transportation,India,PhD,25,0.89,0.55,Hybrid,161615,High,36,31,Medium,High,2.35,No,1.7,Stable
AIJ-100708,Business Analyst,Transportation,UAE,Bachelor,0,0.43,0.74,No,50138,High,41,50,Startup,Moderate,2.13,Yes,1.89,Growing
AIJ-100709,HR Specialist,Technology,UAE,PhD,11,0.17,0.97,Hybrid,188651,Medium,-9,52,Enterprise,High,3.1,Yes,2.67,Declining
AIJ-100710,IoT Specialist,Energy,Singapore,Bachelor,4,0.29,0.95,Yes,123753,Low,0,32,Enterprise,Low,3.99,No,3.64,Growing
AIJ-100711,Data Engineer,Technology,Germany,Bachelor,4,0.64,0.66,No,60369,Low,37,52,Medium,Low,3.12,Yes,1.45,Growing
AIJ-100712,Business Analyst,Education,UAE,PhD,15,0.17,0.93,Yes,155931,Low,1,42,Enterprise,High,3.88,Yes,1.58,Declining
AIJ-100713,Financial Analyst,Education,India,PhD,1,0.2,0.7,No,138398,Low,45,40,Medium,Low,2.58,No,2.56,Growing
AIJ-100714,Teacher,Media,India,PhD,24,0.83,0.7,Yes,93265,Medium,28,30,Medium,Low,3.69,Yes,4.09,Declining
AIJ-100715,Data Engineer,Government,Pakistan,Master,15,0.78,0.92,Hybrid,109559,Medium,14,54,Enterprise,High,4.09,Yes,2.88,Declining
AIJ-100716,Product Manager,Education,Pakistan,Master,7,0.89,0.89,Hybrid,185827,Low,12,39,Startup,Moderate,3.55,No,2.11,Growing
AIJ-100717,Business Analyst,Transportation,Japan,Bachelor,3,0.38,0.63,Hybrid,114185,High,8,50,Startup,Low,3.79,No,1.73,Growing
AIJ-100718,Software Developer,Retail,Japan,High School,8,0.89,0.56,Yes,119495,Medium,42,47,Medium,Low,2.2,No,4.71,Stable
AIJ-100719,Teacher,Healthcare,UAE,PhD,12,0.93,0.7,No,158335,Low,-2,35,Startup,Moderate,4.28,Yes,1.16,Declining
AIJ-100720,AI Engineer,Government,USA,High School,3,0.88,0.74,No,83711,High,36,38,Medium,Moderate,2.72,Yes,3.47,Growing
AIJ-100721,Machine Learning Engineer,Energy,Germany,High School,5,0.55,0.45,Yes,87638,High,37,49,Medium,Moderate,2.37,Yes,4.38,Declining
AIJ-100722,Robotics Engineer,Energy,Japan,PhD,14,0.25,0.28,Yes,92592,Low,-4,57,Startup,Moderate,4.14,No,1.6,Stable
AIJ-100723,Healthcare Analyst,Technology,UAE,PhD,14,0.44,0.89,Hybrid,119728,Low,13,34,Enterprise,Low,3.8,No,1.67,Stable
AIJ-100724,Prompt Engineer,Government,UAE,High School,21,0.3,0.76,Hybrid,90527,Low,31,52,Startup,Moderate,4.14,Yes,2.56,Stable
AIJ-100725,UX Designer,Manufacturing,Germany,Master,11,0.45,0.54,No,144651,Medium,0,35,Startup,High,3.94,Yes,4.38,Stable
AIJ-100726,UX Designer,Healthcare,Singapore,Master,14,0.13,0.75,Yes,43124,Medium,-1,57,Medium,Moderate,4.61,Yes,1.92,Stable
AIJ-100727,Machine Learning Engineer,Retail,Singapore,PhD,13,0.13,0.24,Yes,201605,Low,-9,55,Startup,High,4.14,Yes,4.09,Stable
AIJ-100728,Data Engineer,Finance,Germany,High School,10,0.73,0.77,Yes,70034,Medium,22,56,Startup,High,3.51,Yes,2.58,Declining
AIJ-100729,HR Specialist,Retail,UAE,Bachelor,14,0.27,0.68,Yes,126256,High,-3,52,Startup,Low,3.92,Yes,1.27,Stable
AIJ-100730,Data Engineer,Media,Australia,PhD,20,0.77,0.74,Hybrid,133551,Medium,40,49,Enterprise,High,4.51,No,4.01,Growing
AIJ-100731,Robotics Engineer,Healthcare,Japan,PhD,12,0.24,0.67,No,126338,Medium,13,30,Medium,Moderate,2.6,Yes,1.86,Growing
AIJ-100732,Blockchain Developer,Retail,UAE,PhD,14,0.27,0.21,Hybrid,89525,Medium,13,58,Startup,Moderate,2.39,Yes,1.98,Declining
AIJ-100733,DevOps Engineer,Healthcare,Japan,Master,11,0.37,0.92,Hybrid,201293,High,20,31,Medium,Low,3.06,Yes,2.24,Growing
AIJ-100734,Product Manager,Education,Singapore,Master,0,0.69,0.41,No,36470,Medium,11,55,Enterprise,Moderate,3.04,No,2.14,Declining
AIJ-100735,HR Specialist,Media,Canada,Bachelor,12,0.74,0.23,No,173652,High,35,44,Enterprise,High,3.91,Yes,1.57,Declining
AIJ-100736,Software Developer,Education,Australia,Bachelor,13,0.25,0.23,Yes,33175,Medium,25,48,Medium,Low,2,Yes,1.65,Declining
AIJ-100737,Blockchain Developer,Manufacturing,Japan,Master,15,0.88,0.59,No,50963,High,25,47,Enterprise,Moderate,3.89,No,3.11,Growing
AIJ-100738,IoT Specialist,Energy,USA,Master,25,0.29,0.94,No,108792,Low,42,34,Enterprise,Low,4.53,Yes,4.52,Declining
AIJ-100739,Digital Marketer,Finance,Japan,PhD,21,0.43,0.46,Yes,51267,Medium,-7,43,Medium,Moderate,2.46,No,4.91,Stable
AIJ-100740,Prompt Engineer,Energy,Germany,Master,7,0.89,0.51,Hybrid,86106,Low,11,35,Enterprise,Moderate,3.78,Yes,1.4,Declining
AIJ-100741,Software Developer,Technology,USA,PhD,5,0.86,0.94,Yes,212814,Low,8,56,Medium,High,4.06,No,3.66,Declining
AIJ-100742,AI Engineer,Government,USA,Bachelor,25,0.14,0.99,Yes,51586,Medium,42,45,Startup,Moderate,3.78,Yes,4.33,Stable
AIJ-100743,IoT Specialist,Government,Germany,Master,1,0.63,0.75,No,55197,Medium,32,35,Enterprise,Moderate,4.43,No,4.81,Stable
AIJ-100744,Blockchain Developer,Finance,UK,High School,2,0.33,0.46,Yes,93093,High,-3,34,Startup,Moderate,2.38,Yes,2.13,Stable
AIJ-100745,Data Engineer,Government,India,Bachelor,15,0.89,0.73,Hybrid,206066,Low,13,35,Medium,Low,3.04,Yes,1.13,Stable
AIJ-100746,Healthcare Analyst,Energy,Pakistan,Bachelor,0,0.69,0.46,Yes,64839,Medium,16,32,Medium,Moderate,2.44,Yes,1.96,Growing
AIJ-100747,Teacher,Manufacturing,Pakistan,High School,3,0.06,0.48,No,119905,High,2,36,Startup,Moderate,4.04,No,3.12,Growing
AIJ-100748,AI Engineer,Retail,Pakistan,High School,13,0.58,0.43,Hybrid,149652,High,40,32,Medium,Moderate,4.79,Yes,4.69,Growing
AIJ-100749,HR Specialist,Retail,Australia,Master,0,0.64,0.23,Hybrid,90154,Low,-8,37,Medium,Low,3.19,No,1.19,Declining
AIJ-100750,Robotics Engineer,Government,USA,PhD,18,0.91,0.83,Yes,197777,High,32,47,Medium,Low,4.57,No,3.24,Stable
AIJ-100751,IoT Specialist,Technology,Canada,Bachelor,23,0.44,0.46,Hybrid,94381,Medium,0,51,Medium,High,2.77,Yes,4.62,Declining
AIJ-100752,Cybersecurity Analyst,Healthcare,UK,High School,0,0.95,0.75,Yes,197515,Low,39,54,Medium,Low,2.34,No,2.35,Growing
AIJ-100753,Financial Analyst,Finance,Australia,Bachelor,17,0.76,0.48,No,54125,High,-9,59,Enterprise,Low,4.98,Yes,1.58,Declining
AIJ-100754,Cloud Architect,Media,Australia,Bachelor,5,0.82,0.83,Yes,143351,High,30,45,Enterprise,High,4.09,Yes,4.34,Stable
AIJ-100755,Data Scientist,Manufacturing,Pakistan,PhD,23,0.46,0.2,Yes,123171,Medium,45,44,Startup,Low,4.53,Yes,3.37,Stable
AIJ-100756,Robotics Engineer,Media,Australia,Master,1,0.76,0.7,Yes,94497,Low,9,51,Startup,High,2.77,No,5,Stable
AIJ-100757,Data Scientist,Retail,Pakistan,Bachelor,22,0.33,0.44,Yes,35959,Low,23,49,Enterprise,Low,3.09,Yes,4.9,Stable
AIJ-100758,Data Engineer,Media,Canada,Master,17,0.12,0.24,Hybrid,111654,Medium,-4,58,Medium,Low,2.94,No,1.37,Stable
AIJ-100759,IoT Specialist,Manufacturing,Australia,High School,8,0.05,0.9,Yes,41147,High,25,58,Startup,Low,3,Yes,3.59,Growing
AIJ-100760,Product Manager,Education,Australia,High School,21,0.71,0.3,Hybrid,208899,Medium,26,55,Enterprise,Low,3.48,Yes,1.24,Declining
AIJ-100761,Robotics Engineer,Retail,Germany,High School,22,0.93,0.53,No,181606,Medium,31,49,Medium,Low,4.93,No,3.36,Growing
AIJ-100762,AI Engineer,Healthcare,Australia,Bachelor,6,0.17,0.23,No,95534,Low,26,30,Enterprise,Low,4.15,Yes,2.65,Stable
AIJ-100763,Healthcare Analyst,Energy,Australia,Master,14,0.63,0.3,Hybrid,126667,Low,44,50,Startup,Low,3.17,Yes,4.48,Growing
AIJ-100764,Machine Learning Engineer,Technology,USA,PhD,16,0.09,0.2,No,151525,Low,16,33,Medium,Low,2.85,Yes,2.7,Declining
AIJ-100765,IoT Specialist,Energy,India,Bachelor,15,0.25,0.36,Yes,102250,Medium,-2,30,Startup,High,3.46,Yes,4.95,Growing
AIJ-100766,Product Manager,Retail,Australia,High School,2,0.28,0.28,Hybrid,202567,Low,5,58,Medium,Moderate,4.43,Yes,3.51,Growing
AIJ-100767,HR Specialist,Manufacturing,USA,PhD,6,0.74,0.81,Yes,140028,Low,36,39,Enterprise,Moderate,2.75,No,3.34,Growing
AIJ-100768,Financial Analyst,Transportation,Germany,Master,15,0.85,0.46,Yes,118119,Medium,25,30,Enterprise,Low,2.31,Yes,1.93,Declining
AIJ-100769,Software Developer,Education,Germany,Bachelor,11,0.66,0.97,Yes,145679,Low,6,30,Enterprise,Moderate,2.36,No,3.57,Stable
AIJ-100770,Data Engineer,Education,USA,PhD,22,0.16,0.84,No,186846,High,0,51,Enterprise,High,2.02,No,4.27,Declining
AIJ-100771,Financial Analyst,Manufacturing,UAE,Bachelor,0,0.88,0.42,Hybrid,141963,Low,30,48,Startup,High,2.83,Yes,4.29,Declining
AIJ-100772,Blockchain Developer,Education,Japan,Bachelor,1,0.23,0.43,Yes,46062,High,36,36,Medium,High,4.27,No,4.34,Stable
AIJ-100773,Machine Learning Engineer,Energy,Canada,High School,24,0.06,0.5,Yes,169730,Low,-6,34,Medium,Low,3.3,Yes,2.06,Growing
AIJ-100774,UX Designer,Manufacturing,India,Bachelor,23,0.2,0.86,Yes,146673,Low,15,39,Medium,High,3.39,Yes,4.5,Declining
AIJ-100775,Software Developer,Technology,Singapore,Bachelor,17,0.48,0.92,Yes,182217,Low,5,59,Startup,High,4.57,Yes,1.97,Growing
AIJ-100776,Machine Learning Engineer,Technology,Australia,PhD,6,0.28,0.46,Yes,65698,Low,34,50,Startup,High,2.44,No,1.29,Growing
AIJ-100777,Data Scientist,Technology,USA,High School,24,0.66,0.98,Hybrid,118521,High,-9,57,Enterprise,Low,2.25,Yes,4.03,Growing
AIJ-100778,Financial Analyst,Technology,Japan,High School,23,0.91,0.28,Yes,171303,Medium,10,42,Enterprise,Low,4.38,No,4.01,Stable
AIJ-100779,Software Developer,Finance,India,High School,10,0.49,0.92,No,50081,Medium,-8,46,Medium,Moderate,2.08,Yes,1.01,Stable
AIJ-100780,Software Developer,Energy,Australia,High School,7,0.38,0.61,No,168945,Low,41,38,Enterprise,Low,4.97,No,3.65,Stable
AIJ-100781,Business Analyst,Education,Australia,PhD,19,0.09,0.57,No,136622,Low,39,49,Enterprise,High,2.55,Yes,1.24,Declining
AIJ-100782,UX Designer,Retail,UK,PhD,15,0.85,0.92,Yes,31303,High,2,42,Enterprise,Low,3.58,Yes,2.6,Declining
AIJ-100783,HR Specialist,Retail,Australia,Master,5,0.66,0.77,Yes,166766,Low,16,54,Enterprise,Low,3.1,No,1.86,Stable
AIJ-100784,Machine Learning Engineer,Manufacturing,Pakistan,Master,1,0.31,0.98,Yes,132204,Medium,40,37,Enterprise,High,3.11,Yes,2.18,Growing
AIJ-100785,Product Manager,Government,Singapore,High School,24,0.33,0.83,Yes,106179,High,-4,41,Startup,High,4.09,Yes,4.32,Stable
AIJ-100786,AI Engineer,Retail,Germany,Bachelor,6,0.36,0.43,Yes,197531,Medium,2,56,Enterprise,Moderate,3.76,Yes,2.58,Declining
AIJ-100787,Cloud Architect,Media,USA,Bachelor,7,0.59,0.62,Hybrid,219071,Low,30,51,Startup,Moderate,2.65,No,3.58,Declining
AIJ-100788,Product Manager,Transportation,Pakistan,PhD,3,0.91,0.93,No,190399,High,44,43,Enterprise,High,4.59,Yes,1.04,Declining
AIJ-100789,Teacher,Media,USA,Bachelor,22,0.75,0.29,No,63530,Medium,20,50,Enterprise,Moderate,2.79,No,4.29,Growing
AIJ-100790,Software Developer,Technology,Canada,Master,19,0.4,0.68,Yes,120647,Low,45,46,Enterprise,High,2.86,No,1.9,Stable
AIJ-100791,Teacher,Government,Singapore,Bachelor,2,0.2,0.77,Yes,86514,Medium,7,40,Medium,Moderate,2.23,No,4.74,Growing
AIJ-100792,Digital Marketer,Transportation,Australia,PhD,13,0.8,0.7,Hybrid,118471,Low,23,52,Startup,Low,4.24,No,4.12,Declining
AIJ-100793,Cybersecurity Analyst,Technology,Australia,Bachelor,21,0.38,0.51,No,189233,Low,10,60,Enterprise,Low,2.3,Yes,4.07,Stable
AIJ-100794,IoT Specialist,Energy,Singapore,Bachelor,19,0.22,0.65,Yes,157241,High,43,38,Medium,High,4.89,Yes,1.97,Growing
AIJ-100795,Data Engineer,Media,UK,PhD,1,0.36,0.39,Yes,204878,Low,31,41,Enterprise,High,2.37,Yes,3.67,Stable
AIJ-100796,Robotics Engineer,Retail,Japan,Bachelor,0,0.94,0.66,Hybrid,46997,Medium,6,48,Startup,Moderate,4.27,No,4.07,Growing
AIJ-100797,Prompt Engineer,Government,Germany,Bachelor,10,0.18,0.82,Hybrid,181854,Low,8,30,Enterprise,Moderate,3.71,Yes,4.81,Declining
AIJ-100798,Prompt Engineer,Government,Singapore,High School,13,0.75,0.81,Hybrid,142689,High,-9,47,Medium,Low,3.19,Yes,2.83,Stable
AIJ-100799,Digital Marketer,Media,Japan,Bachelor,10,0.33,0.94,Hybrid,219897,High,28,59,Medium,High,2.73,Yes,3.63,Growing
AIJ-100800,Software Developer,Government,Japan,PhD,10,0.91,0.9,Yes,60881,High,41,57,Startup,Moderate,3.77,No,3.18,Declining
AIJ-100801,Data Scientist,Media,UAE,PhD,3,0.42,0.26,Hybrid,86788,High,-1,54,Startup,High,2.94,No,4.92,Declining
AIJ-100802,Product Manager,Retail,USA,High School,5,0.27,0.83,No,111459,Low,-10,30,Enterprise,High,3.3,No,4.63,Stable
AIJ-100803,Business Analyst,Government,Pakistan,High School,1,0.5,0.26,Yes,205194,Medium,23,31,Enterprise,High,2.84,No,3.52,Declining
AIJ-100804,Blockchain Developer,Energy,UK,High School,23,0.83,0.61,No,182689,Low,30,38,Medium,Low,4.69,No,2.77,Stable
AIJ-100805,Software Developer,Government,UK,Master,0,0.41,0.88,Hybrid,206001,Low,37,57,Medium,High,3.88,No,4.69,Declining
AIJ-100806,Cybersecurity Analyst,Education,Germany,Bachelor,14,0.89,0.73,Yes,98891,Low,-2,60,Medium,Moderate,4.14,Yes,1.81,Stable
AIJ-100807,Cloud Architect,Healthcare,Japan,Bachelor,0,0.06,0.87,No,73063,Low,4,54,Medium,Low,4.48,No,1.53,Stable
AIJ-100808,Robotics Engineer,Retail,Japan,High School,23,0.12,0.73,Yes,107785,High,10,31,Startup,Moderate,2.88,Yes,4.89,Declining
AIJ-100809,IoT Specialist,Media,Canada,Bachelor,14,0.66,0.86,Hybrid,134427,Medium,32,46,Startup,Low,2.23,Yes,3.56,Stable
AIJ-100810,Data Engineer,Manufacturing,UAE,PhD,7,0.89,0.53,No,180082,Low,45,56,Enterprise,Low,4.63,Yes,3.17,Stable
AIJ-100811,HR Specialist,Media,Australia,PhD,21,0.91,0.22,Yes,214239,Medium,20,52,Startup,Moderate,4.58,No,1.94,Stable
AIJ-100812,Machine Learning Engineer,Education,Pakistan,Master,21,0.54,0.27,Yes,74810,Low,15,51,Enterprise,Moderate,2.04,No,3.16,Stable
AIJ-100813,Cybersecurity Analyst,Government,UK,Master,18,0.71,0.61,No,75669,Medium,38,49,Startup,High,3.77,No,1.94,Growing
AIJ-100814,Digital Marketer,Media,Australia,Master,16,0.82,0.83,No,188640,High,-2,39,Enterprise,Moderate,4.54,Yes,3.59,Stable
AIJ-100815,Cybersecurity Analyst,Manufacturing,UK,Bachelor,17,0.87,0.75,No,145711,Medium,14,45,Startup,High,4.31,Yes,1.1,Growing
AIJ-100816,Teacher,Media,UAE,PhD,17,0.62,0.97,Yes,159734,High,26,59,Medium,High,3.49,Yes,4.35,Declining
AIJ-100817,Product Manager,Technology,Australia,Bachelor,21,0.76,0.62,Hybrid,208667,Low,13,31,Enterprise,Moderate,4.65,No,4.02,Stable
AIJ-100818,Healthcare Analyst,Manufacturing,India,Master,5,0.2,0.91,Hybrid,76113,Medium,19,48,Medium,Low,2.42,No,1.74,Declining
AIJ-100819,Data Engineer,Government,Canada,Master,12,0.83,0.88,Yes,81004,Medium,-5,51,Enterprise,Moderate,2.56,No,3.89,Stable
AIJ-100820,Digital Marketer,Manufacturing,Singapore,Master,3,0.2,0.95,Yes,88104,High,-4,47,Enterprise,Moderate,3.11,Yes,4.81,Stable
AIJ-100821,UX Designer,Education,USA,Bachelor,9,0.73,0.81,Hybrid,105315,High,-3,58,Enterprise,High,4.47,Yes,4.71,Declining
AIJ-100822,Cybersecurity Analyst,Manufacturing,Germany,PhD,9,0.35,0.39,Yes,39880,Medium,8,44,Startup,Moderate,4.48,Yes,1.43,Growing
AIJ-100823,Digital Marketer,Energy,UAE,Master,1,0.71,0.95,Yes,55527,High,7,60,Startup,High,4.59,Yes,2.13,Declining
AIJ-100824,HR Specialist,Media,UAE,High School,19,0.39,0.62,Hybrid,61985,Low,38,45,Startup,Moderate,3.08,Yes,4.38,Growing
AIJ-100825,DevOps Engineer,Technology,Pakistan,PhD,25,0.55,0.92,No,142237,High,18,38,Medium,Low,2.41,No,3.04,Growing
AIJ-100826,Robotics Engineer,Finance,Singapore,Bachelor,9,0.83,0.82,Hybrid,190864,Low,-5,55,Enterprise,Moderate,4.96,Yes,1.54,Declining
AIJ-100827,Digital Marketer,Healthcare,Germany,Bachelor,20,0.39,0.38,Yes,199696,Medium,45,40,Startup,Low,2.02,No,2.92,Growing
AIJ-100828,Teacher,Energy,Australia,PhD,4,0.32,0.87,No,167571,High,4,43,Medium,High,4.37,No,3.57,Declining
AIJ-100829,Product Manager,Education,UK,High School,23,0.88,0.43,Yes,48243,Low,43,32,Startup,Low,3.82,Yes,3.51,Growing
AIJ-100830,UX Designer,Transportation,UK,Bachelor,22,0.85,0.61,Hybrid,138886,Medium,12,30,Enterprise,Low,4.3,No,3.07,Declining
AIJ-100831,UX Designer,Transportation,UK,PhD,4,0.28,0.97,Hybrid,177335,Low,10,34,Enterprise,Low,3.53,No,2.53,Growing
AIJ-100832,IoT Specialist,Finance,Canada,PhD,21,0.83,0.77,Yes,61701,Low,18,55,Enterprise,High,2.65,Yes,4.83,Declining
AIJ-100833,Machine Learning Engineer,Healthcare,Australia,Master,21,0.87,0.37,Hybrid,137987,Low,30,39,Startup,High,3.65,Yes,4.59,Stable
AIJ-100834,Blockchain Developer,Transportation,Germany,Bachelor,25,0.29,0.3,No,219998,Medium,5,60,Startup,High,3,No,3.31,Stable
AIJ-100835,Cybersecurity Analyst,Finance,USA,Master,7,0.05,0.65,Hybrid,145380,High,19,54,Enterprise,Moderate,4.16,Yes,2.96,Stable
AIJ-100836,Software Developer,Manufacturing,Australia,High School,17,0.18,0.84,Yes,55835,Low,-8,58,Startup,Moderate,4.28,No,3.43,Growing
AIJ-100837,Product Manager,Manufacturing,UK,Bachelor,20,0.67,0.77,Hybrid,127568,Medium,-7,55,Startup,Low,2.05,No,1.95,Stable
AIJ-100838,Business Analyst,Government,Canada,High School,24,0.11,0.86,Yes,72730,High,26,35,Enterprise,High,4.25,Yes,1.37,Declining
AIJ-100839,Cybersecurity Analyst,Education,Japan,PhD,2,0.87,0.66,Hybrid,153233,Low,-1,42,Startup,High,2.45,Yes,1.46,Declining
AIJ-100840,Teacher,Healthcare,Canada,High School,12,0.73,0.31,No,60190,Low,-2,59,Startup,Low,2.36,Yes,2.79,Growing
AIJ-100841,HR Specialist,Education,Australia,PhD,10,0.72,0.37,Yes,106968,High,-10,51,Startup,Moderate,3.95,No,4.11,Declining
AIJ-100842,Prompt Engineer,Media,UK,Master,0,0.31,0.82,Hybrid,209055,High,10,34,Startup,High,2.86,Yes,1.07,Growing
AIJ-100843,Data Scientist,Education,Japan,Master,4,0.76,0.84,Hybrid,201745,High,21,56,Startup,Low,2.69,No,1.47,Stable
AIJ-100844,Business Analyst,Technology,India,High School,23,0.38,0.44,Yes,64166,Low,-1,45,Startup,Moderate,2.37,Yes,2.92,Growing
AIJ-100845,DevOps Engineer,Energy,Japan,High School,13,0.45,0.77,Yes,52380,Low,-2,57,Medium,High,3.95,Yes,2.37,Stable
AIJ-100846,Financial Analyst,Energy,UAE,PhD,11,0.27,0.3,No,191516,Medium,29,32,Medium,Moderate,3.77,No,2.49,Stable
AIJ-100847,Blockchain Developer,Energy,USA,High School,1,0.15,0.86,Hybrid,95824,Low,39,33,Enterprise,Low,2.12,Yes,4.22,Growing
AIJ-100848,DevOps Engineer,Media,USA,High School,16,0.74,0.27,Yes,72434,High,32,41,Medium,Low,2.44,Yes,4.47,Declining
AIJ-100849,AI Engineer,Transportation,Germany,Master,2,0.09,0.56,Yes,94619,Medium,13,46,Medium,Moderate,2.9,No,1.7,Growing
AIJ-100850,Financial Analyst,Transportation,Australia,PhD,19,0.36,0.88,No,207305,Medium,-9,36,Startup,High,2.02,Yes,5,Declining
AIJ-100851,HR Specialist,Healthcare,Singapore,Bachelor,4,0.44,0.32,Hybrid,122598,Medium,-9,31,Startup,Moderate,3.21,No,1.4,Stable
AIJ-100852,Cloud Architect,Retail,USA,High School,23,0.45,0.58,Hybrid,152515,Medium,27,37,Enterprise,High,2.2,No,3.3,Stable
AIJ-100853,HR Specialist,Retail,Japan,PhD,12,0.28,0.68,Hybrid,39934,High,21,50,Startup,High,2.2,No,3.36,Growing
AIJ-100854,Software Developer,Education,UAE,Master,1,0.14,0.92,No,56103,Medium,26,38,Startup,Low,4.49,No,2.75,Declining
AIJ-100855,Software Developer,Technology,Germany,PhD,1,0.79,0.41,Hybrid,142928,Medium,42,58,Enterprise,Low,2.32,No,1.22,Declining
AIJ-100856,HR Specialist,Media,Japan,PhD,4,0.26,0.74,Yes,191273,Low,18,60,Startup,High,4.51,No,4.71,Growing
AIJ-100857,Blockchain Developer,Manufacturing,Singapore,Bachelor,18,0.32,0.31,No,61520,High,13,44,Startup,High,2.52,Yes,2.04,Declining
AIJ-100858,Robotics Engineer,Government,Australia,High School,24,0.81,0.5,Hybrid,52315,High,-5,59,Startup,High,4.67,No,4.17,Growing
AIJ-100859,IoT Specialist,Technology,India,High School,18,0.4,0.95,No,205708,Low,35,33,Medium,Low,4.37,No,1.45,Stable
AIJ-100860,Data Engineer,Media,Germany,Master,23,0.49,0.73,No,211123,Medium,-4,54,Medium,High,4.39,No,1.73,Growing
AIJ-100861,Teacher,Energy,USA,Master,14,0.4,0.4,Hybrid,99423,Medium,-1,32,Medium,Low,2.46,No,1.41,Declining
AIJ-100862,HR Specialist,Education,India,PhD,17,0.54,0.3,Hybrid,161735,High,4,49,Startup,Moderate,2.41,No,2.58,Declining
AIJ-100863,HR Specialist,Education,Pakistan,Bachelor,6,0.13,0.26,Hybrid,59608,Medium,-4,37,Startup,Moderate,4.16,Yes,2.37,Declining
AIJ-100864,Data Scientist,Finance,Pakistan,Master,24,0.41,0.82,No,213587,Medium,-1,38,Startup,High,2.29,No,3.6,Declining
AIJ-100865,Cybersecurity Analyst,Media,UK,Master,19,0.11,0.8,Hybrid,156940,High,38,47,Enterprise,Low,3.64,Yes,4.47,Stable
AIJ-100866,Digital Marketer,Manufacturing,Japan,Bachelor,12,0.29,0.61,Hybrid,57416,Medium,6,47,Medium,High,3.99,Yes,3.8,Growing
AIJ-100867,Healthcare Analyst,Manufacturing,Japan,Master,10,0.56,0.74,Hybrid,53670,Low,-3,33,Enterprise,Low,4.17,Yes,1.23,Growing
AIJ-100868,DevOps Engineer,Technology,Germany,PhD,6,0.37,0.26,No,50606,Medium,5,43,Enterprise,High,2.38,No,2.31,Growing
AIJ-100869,HR Specialist,Retail,UK,Master,16,0.09,0.67,Hybrid,200741,Medium,1,31,Medium,Moderate,5,No,4.14,Growing
AIJ-100870,Healthcare Analyst,Energy,Pakistan,PhD,24,0.44,0.33,No,111459,Medium,24,58,Startup,High,3.35,No,4.07,Declining
AIJ-100871,Prompt Engineer,Energy,UK,Bachelor,24,0.27,0.82,No,97656,Medium,34,39,Startup,Low,3.19,No,3.41,Stable
AIJ-100872,Robotics Engineer,Finance,UAE,PhD,15,0.82,0.29,Hybrid,69886,High,20,39,Medium,Low,4.29,Yes,2.56,Declining
AIJ-100873,UX Designer,Media,Singapore,PhD,1,0.13,0.92,Yes,161952,High,-10,33,Medium,High,3.55,No,2.92,Stable
AIJ-100874,Data Scientist,Retail,UAE,Bachelor,22,0.59,0.94,No,146415,Medium,44,35,Enterprise,Moderate,2.23,Yes,4.68,Declining
AIJ-100875,DevOps Engineer,Manufacturing,Japan,PhD,24,0.73,0.58,Hybrid,89762,Low,19,47,Medium,High,2.51,No,4.79,Declining
AIJ-100876,AI Engineer,Technology,Australia,Master,9,0.84,0.49,Hybrid,100347,Medium,8,50,Medium,Moderate,4.22,Yes,4.38,Declining
AIJ-100877,Data Engineer,Government,UAE,High School,14,0.89,0.98,No,104833,Medium,38,36,Startup,High,2.88,Yes,2.96,Declining
AIJ-100878,Data Scientist,Media,USA,High School,19,0.12,0.58,No,217227,Low,42,31,Medium,Moderate,4.14,Yes,1.13,Growing
AIJ-100879,Robotics Engineer,Technology,USA,High School,16,0.61,0.38,Yes,90166,High,45,42,Medium,Moderate,3.52,Yes,4.37,Stable
AIJ-100880,DevOps Engineer,Technology,Singapore,Bachelor,17,0.65,0.48,No,98652,High,-6,45,Enterprise,High,2.65,Yes,1.06,Growing
AIJ-100881,Data Engineer,Energy,Japan,PhD,18,0.91,0.6,Hybrid,96966,High,39,34,Enterprise,High,2.18,No,2.92,Growing
AIJ-100882,Digital Marketer,Technology,Canada,PhD,22,0.45,0.31,No,128786,Low,7,34,Startup,High,3.95,No,1.65,Declining
AIJ-100883,Machine Learning Engineer,Government,Germany,Bachelor,16,0.64,0.59,Hybrid,132733,Low,35,48,Enterprise,Low,2.5,Yes,1.18,Declining
AIJ-100884,Product Manager,Energy,UAE,PhD,12,0.85,0.21,Yes,211315,Low,-9,46,Enterprise,High,4.01,No,3.86,Declining
AIJ-100885,Robotics Engineer,Technology,Germany,Master,10,0.22,0.5,Hybrid,54363,Low,31,60,Startup,High,3.53,Yes,4.14,Stable
AIJ-100886,Cloud Architect,Technology,USA,Bachelor,23,0.83,0.67,Yes,207283,Medium,43,54,Medium,Low,2.01,No,4.77,Growing
AIJ-100887,Prompt Engineer,Energy,India,High School,2,0.44,0.97,Yes,205228,High,15,59,Medium,Moderate,4.6,Yes,3.82,Declining
AIJ-100888,UX Designer,Government,UAE,High School,16,0.6,0.93,Hybrid,185053,Low,13,54,Enterprise,Low,3.29,Yes,2.18,Declining
AIJ-100889,DevOps Engineer,Media,Singapore,High School,15,0.76,0.62,Hybrid,171540,High,32,50,Medium,High,2.22,Yes,2.48,Growing
AIJ-100890,Teacher,Education,UK,High School,2,0.46,0.5,Yes,211721,Medium,34,54,Medium,Moderate,4.55,Yes,2.52,Stable
AIJ-100891,Financial Analyst,Manufacturing,Singapore,Master,3,0.89,0.94,No,150844,Medium,19,39,Enterprise,Low,4.01,Yes,2.95,Stable
AIJ-100892,Software Developer,Energy,India,Bachelor,5,0.13,0.76,Yes,135594,High,20,40,Enterprise,High,2.22,Yes,4.24,Stable
AIJ-100893,AI Engineer,Manufacturing,Australia,Bachelor,0,0.36,0.43,Hybrid,157429,Low,-2,57,Medium,Moderate,4.49,Yes,4.75,Declining
AIJ-100894,Machine Learning Engineer,Education,UK,Master,15,0.42,0.95,Yes,150417,High,0,59,Enterprise,High,2.98,No,1.02,Declining
AIJ-100895,DevOps Engineer,Healthcare,Australia,Master,0,0.7,0.39,No,65717,Low,-7,55,Medium,High,3.92,Yes,1.37,Growing
AIJ-100896,Healthcare Analyst,Finance,Australia,High School,23,0.15,0.84,Yes,52589,High,13,37,Medium,Low,4.46,Yes,1.8,Declining
AIJ-100897,Cybersecurity Analyst,Media,Japan,Master,17,0.91,0.4,Hybrid,213674,Medium,34,39,Startup,High,2.42,No,2.65,Growing
AIJ-100898,DevOps Engineer,Healthcare,Japan,Bachelor,15,0.28,0.96,Yes,60295,Medium,41,47,Startup,Low,4.71,Yes,1.14,Stable
AIJ-100899,Robotics Engineer,Education,Pakistan,PhD,8,0.25,0.34,Hybrid,152754,Low,11,57,Startup,Moderate,3.59,No,4.45,Growing
AIJ-100900,Robotics Engineer,Media,Singapore,Bachelor,17,0.25,0.77,No,95895,Low,10,55,Startup,Moderate,4.76,No,2.62,Declining
AIJ-100901,AI Engineer,Energy,Pakistan,PhD,19,0.45,0.55,No,102535,Medium,-5,41,Medium,Low,2.62,Yes,3.92,Declining
AIJ-100902,Robotics Engineer,Technology,Japan,High School,7,0.15,0.59,Yes,213458,Low,-4,44,Enterprise,Moderate,2.28,Yes,1.57,Stable
AIJ-100903,Healthcare Analyst,Retail,Canada,Bachelor,0,0.42,0.69,Yes,91291,High,-2,35,Medium,Moderate,4.35,No,4.49,Declining
AIJ-100904,Machine Learning Engineer,Manufacturing,Japan,Master,14,0.12,0.29,Hybrid,86255,High,11,31,Medium,Moderate,2.13,No,1.4,Stable
AIJ-100905,Financial Analyst,Technology,Germany,High School,1,0.37,0.79,Yes,206703,Medium,8,60,Enterprise,High,2.65,No,4.09,Declining
AIJ-100906,DevOps Engineer,Technology,Singapore,Master,2,0.16,0.22,Yes,86233,High,9,50,Enterprise,Low,4.87,No,4.52,Growing
AIJ-100907,HR Specialist,Manufacturing,UK,High School,11,0.73,0.92,No,209837,Low,-8,31,Medium,Moderate,3.71,Yes,3.58,Stable
AIJ-100908,Digital Marketer,Transportation,Singapore,Master,22,0.45,0.41,Hybrid,212308,Low,35,58,Startup,High,2.58,No,2.23,Growing
AIJ-100909,Healthcare Analyst,Manufacturing,USA,Bachelor,5,0.46,0.8,Hybrid,71202,Medium,43,30,Startup,Moderate,2.64,No,2.25,Declining
AIJ-100910,HR Specialist,Finance,Germany,Bachelor,9,0.22,0.25,No,78960,Low,-6,30,Enterprise,Low,3.71,No,4.36,Declining
AIJ-100911,Cybersecurity Analyst,Energy,Australia,PhD,7,0.27,0.32,Yes,60578,High,-10,39,Enterprise,Moderate,4.87,No,2.34,Growing
AIJ-100912,Prompt Engineer,Technology,Germany,Bachelor,13,0.58,0.53,Hybrid,73905,Low,41,30,Enterprise,Low,3.37,No,3.08,Declining
AIJ-100913,Cybersecurity Analyst,Manufacturing,UK,Bachelor,22,0.16,0.92,Hybrid,60024,Low,1,36,Medium,High,4.87,Yes,3.59,Growing
AIJ-100914,Financial Analyst,Government,Canada,PhD,3,0.57,0.59,Yes,31120,High,17,36,Enterprise,Moderate,3,Yes,3.92,Stable
AIJ-100915,Digital Marketer,Transportation,Singapore,Bachelor,2,0.09,0.24,Hybrid,119042,Medium,28,60,Startup,High,4.73,No,4.6,Growing
AIJ-100916,IoT Specialist,Finance,USA,High School,5,0.95,0.31,Hybrid,219368,Low,29,39,Enterprise,Low,3.88,Yes,1.54,Declining
AIJ-100917,Business Analyst,Finance,Singapore,High School,2,0.3,0.98,No,201660,Medium,26,49,Enterprise,Low,4.1,Yes,3.94,Growing
AIJ-100918,Software Developer,Education,UK,Bachelor,22,0.93,0.42,No,217274,Medium,12,57,Startup,High,4.63,Yes,2.49,Declining
AIJ-100919,UX Designer,Energy,Germany,High School,21,0.43,0.9,Yes,136734,Medium,35,55,Enterprise,Low,4.8,No,2.83,Stable
AIJ-100920,Cybersecurity Analyst,Energy,Canada,PhD,9,0.07,0.33,No,186818,High,-8,57,Startup,High,4.25,Yes,1.48,Declining
AIJ-100921,Business Analyst,Healthcare,Australia,PhD,0,0.4,0.32,Hybrid,51275,Low,13,42,Enterprise,Moderate,4.91,No,4.37,Stable
AIJ-100922,Financial Analyst,Manufacturing,USA,Master,18,0.13,0.6,No,133210,Medium,9,50,Startup,Moderate,4.9,No,4.92,Growing
AIJ-100923,Blockchain Developer,Education,UK,Bachelor,12,0.32,0.68,Yes,73850,Medium,43,33,Startup,Moderate,4.91,No,1.87,Stable
AIJ-100924,AI Engineer,Media,UAE,High School,23,0.19,0.74,Hybrid,164542,Medium,-1,50,Startup,High,2.93,Yes,3.63,Growing
AIJ-100925,Blockchain Developer,Finance,Pakistan,High School,11,0.27,0.31,Hybrid,103854,Low,4,37,Medium,Low,4.85,Yes,4.24,Declining
AIJ-100926,UX Designer,Manufacturing,UAE,PhD,22,0.42,0.5,Hybrid,218420,High,7,45,Medium,Moderate,3.2,No,3.89,Growing
AIJ-100927,Prompt Engineer,Energy,Japan,PhD,25,0.56,0.98,Yes,101002,Medium,3,58,Medium,Low,2.24,No,2.14,Declining
AIJ-100928,Teacher,Finance,Pakistan,Master,18,0.78,0.35,No,134621,Medium,9,57,Medium,Low,2.34,Yes,1.05,Stable
AIJ-100929,AI Engineer,Retail,Singapore,Bachelor,7,0.21,0.3,Yes,104950,Medium,42,33,Medium,Moderate,4.66,Yes,3.87,Declining
AIJ-100930,Cloud Architect,Transportation,Singapore,Master,5,0.86,0.22,Yes,199244,Low,-5,41,Enterprise,High,3.34,No,2.27,Declining
AIJ-100931,IoT Specialist,Technology,Canada,PhD,6,0.77,0.41,Hybrid,208330,Low,45,50,Enterprise,Low,4.07,No,4.19,Growing
AIJ-100932,Healthcare Analyst,Energy,Germany,Bachelor,14,0.17,0.54,Yes,208773,Low,7,59,Startup,High,4.48,No,4.26,Stable
AIJ-100933,AI Engineer,Technology,UK,PhD,21,0.63,0.72,Yes,41961,High,-2,32,Medium,Low,2.96,Yes,1.48,Declining
AIJ-100934,IoT Specialist,Finance,USA,Bachelor,3,0.53,0.7,Yes,52765,Medium,29,41,Medium,High,2.46,No,1.7,Growing
AIJ-100935,Financial Analyst,Education,Germany,Bachelor,5,0.36,0.77,Yes,191315,High,34,54,Medium,Low,4.1,Yes,4.57,Growing
AIJ-100936,Financial Analyst,Education,UK,Bachelor,13,0.48,0.75,No,88211,Low,22,41,Startup,Moderate,3.19,Yes,3.2,Stable
AIJ-100937,Product Manager,Finance,Germany,PhD,1,0.6,0.82,Yes,61665,Low,21,33,Startup,Moderate,2.3,Yes,4.57,Growing
AIJ-100938,Prompt Engineer,Transportation,Germany,Master,14,0.69,0.41,No,97704,Low,-1,36,Startup,High,4.95,Yes,4.81,Growing
AIJ-100939,HR Specialist,Finance,UK,Bachelor,23,0.95,0.47,No,205729,Medium,-7,42,Startup,High,4.98,No,1.84,Growing
AIJ-100940,Cloud Architect,Media,USA,Master,12,0.83,0.39,Hybrid,199804,Medium,7,33,Startup,Low,3.46,No,1.92,Growing
AIJ-100941,Prompt Engineer,Technology,Singapore,Master,21,0.11,0.81,No,75748,Low,26,56,Enterprise,Moderate,3.97,No,1.25,Growing
AIJ-100942,Cybersecurity Analyst,Manufacturing,Canada,PhD,23,0.56,0.83,No,194156,Low,-6,48,Enterprise,Moderate,2.99,No,1.07,Growing
AIJ-100943,AI Engineer,Transportation,USA,Bachelor,0,0.46,0.59,No,78460,Low,17,35,Enterprise,Low,2.21,No,1.38,Growing
AIJ-100944,DevOps Engineer,Government,Australia,PhD,17,0.9,0.65,Hybrid,217813,High,19,42,Startup,High,4.86,No,1.86,Declining
AIJ-100945,Prompt Engineer,Technology,UAE,Master,22,0.94,0.35,Hybrid,144779,High,24,49,Medium,High,3.63,No,1.95,Growing
AIJ-100946,Robotics Engineer,Education,USA,Master,5,0.13,0.81,Yes,116197,Low,-1,31,Startup,Low,3.76,No,4.37,Stable
AIJ-100947,AI Engineer,Technology,UK,PhD,17,0.77,0.42,No,31805,Medium,9,39,Enterprise,High,4.29,No,2.6,Growing
AIJ-100948,AI Engineer,Retail,Pakistan,High School,0,0.4,0.47,No,211043,Low,12,40,Enterprise,Low,3.41,Yes,3.36,Stable
AIJ-100949,Financial Analyst,Finance,Japan,PhD,7,0.15,0.7,No,200412,Low,-7,52,Medium,High,3.4,Yes,1.72,Stable
AIJ-100950,Robotics Engineer,Education,Canada,Master,19,0.47,0.73,No,141821,High,29,57,Enterprise,High,4.29,No,2.39,Stable
AIJ-100951,Digital Marketer,Retail,India,High School,25,0.84,0.94,No,106587,High,-3,42,Enterprise,High,3.77,Yes,4.34,Stable
AIJ-100952,Data Engineer,Finance,UK,Bachelor,1,0.84,0.41,Hybrid,167841,Medium,22,43,Startup,High,4.17,Yes,4.95,Growing
AIJ-100953,Software Developer,Technology,UK,High School,15,0.95,0.8,Yes,146796,Medium,10,39,Enterprise,Moderate,2.58,No,2.48,Stable
AIJ-100954,Robotics Engineer,Energy,Canada,Bachelor,23,0.09,0.42,Hybrid,143465,Low,26,31,Startup,Low,4.69,No,1.43,Declining
AIJ-100955,Business Analyst,Manufacturing,Japan,Master,20,0.37,0.76,Hybrid,132657,Medium,-10,47,Medium,Low,4.77,Yes,4.78,Stable
AIJ-100956,Cybersecurity Analyst,Education,Singapore,Master,1,0.34,0.51,Yes,52188,Medium,1,36,Medium,Low,4.8,Yes,1.13,Declining
AIJ-100957,Data Scientist,Retail,Germany,PhD,22,0.29,0.36,Hybrid,58254,Medium,22,53,Enterprise,High,4.4,No,4.13,Growing
AIJ-100958,AI Engineer,Finance,Canada,PhD,14,0.56,0.42,No,182716,Low,19,38,Startup,Low,2.91,No,1.23,Declining
AIJ-100959,Healthcare Analyst,Finance,UAE,Master,23,0.6,0.42,Yes,132457,Low,2,34,Enterprise,Low,3.87,Yes,1.04,Declining
AIJ-100960,Digital Marketer,Education,India,PhD,14,0.23,0.21,No,35758,Low,36,52,Startup,High,4.7,No,2.46,Declining
AIJ-100961,Machine Learning Engineer,Retail,Pakistan,Bachelor,1,0.73,0.45,Yes,44854,Low,4,53,Enterprise,High,4.31,No,1.68,Declining
AIJ-100962,Data Scientist,Healthcare,UAE,Bachelor,5,0.54,0.56,Hybrid,182443,Low,8,31,Medium,Low,3.32,No,4.67,Stable
AIJ-100963,Machine Learning Engineer,Retail,USA,PhD,11,0.42,0.69,Hybrid,187475,High,4,47,Medium,Low,4.37,No,3.52,Stable
AIJ-100964,Healthcare Analyst,Energy,Australia,Master,22,0.59,0.83,No,183336,High,36,53,Startup,Low,3.46,Yes,2.81,Declining
AIJ-100965,Product Manager,Technology,Germany,Master,22,0.93,0.29,Hybrid,150033,Medium,41,59,Enterprise,High,2.15,Yes,2.82,Declining
AIJ-100966,UX Designer,Manufacturing,UK,Master,23,0.14,0.97,Yes,191808,Medium,-4,35,Startup,Low,4.72,No,3.99,Declining
AIJ-100967,Software Developer,Healthcare,Australia,Bachelor,12,0.07,0.88,Hybrid,69230,Medium,33,55,Medium,High,4.64,No,4.4,Declining
AIJ-100968,Robotics Engineer,Media,Singapore,PhD,16,0.31,0.55,Hybrid,34855,High,11,30,Medium,Moderate,2.06,Yes,1.04,Stable
AIJ-100969,UX Designer,Government,UK,PhD,13,0.22,0.74,Hybrid,160242,High,3,35,Enterprise,High,2.95,Yes,2.07,Stable
AIJ-100970,Financial Analyst,Media,Canada,Bachelor,25,0.19,0.53,Hybrid,134691,Low,-9,50,Medium,High,4.18,Yes,1.6,Stable
AIJ-100971,Healthcare Analyst,Government,Australia,Bachelor,13,0.25,0.32,Yes,113295,Medium,32,53,Startup,High,3.23,No,3.66,Declining
AIJ-100972,Data Scientist,Media,Pakistan,High School,6,0.35,0.4,Yes,164839,High,-4,37,Enterprise,High,4.28,Yes,1.17,Growing
AIJ-100973,Cybersecurity Analyst,Manufacturing,India,High School,22,0.82,0.27,No,75323,High,-1,57,Medium,High,3.25,No,4.97,Stable
AIJ-100974,Robotics Engineer,Retail,UK,High School,1,0.29,0.62,No,132095,Low,26,59,Enterprise,Moderate,3.33,No,1.98,Stable
AIJ-100975,Teacher,Energy,UK,Bachelor,9,0.72,0.81,Hybrid,61130,Low,-3,49,Startup,High,4.79,Yes,1.72,Declining
AIJ-100976,Business Analyst,Healthcare,India,PhD,16,0.31,0.68,Hybrid,169433,High,45,33,Startup,Moderate,4.59,No,1.61,Stable
AIJ-100977,AI Engineer,Education,Australia,PhD,13,0.23,0.78,Yes,35217,High,34,53,Startup,High,2.01,Yes,2.39,Declining
AIJ-100978,Healthcare Analyst,Technology,Pakistan,Bachelor,8,0.41,0.89,Yes,31008,High,5,47,Enterprise,Low,4.81,Yes,4.7,Growing
AIJ-100979,DevOps Engineer,Education,Germany,Bachelor,17,0.53,0.54,Yes,149901,High,29,58,Medium,High,4.37,Yes,1.86,Stable
AIJ-100980,Machine Learning Engineer,Energy,UAE,High School,7,0.92,0.92,No,135510,High,9,60,Startup,Low,4.92,Yes,1.62,Growing
AIJ-100981,Financial Analyst,Finance,UAE,High School,16,0.66,0.87,No,88669,Medium,35,60,Enterprise,High,2.06,No,2.97,Declining
AIJ-100982,Product Manager,Healthcare,India,Bachelor,24,0.06,0.91,Yes,171092,High,-2,44,Enterprise,Moderate,4.87,Yes,2.84,Growing
AIJ-100983,IoT Specialist,Finance,USA,Bachelor,22,0.54,0.44,No,203209,Medium,13,52,Medium,High,3.15,Yes,3.45,Stable
AIJ-100984,HR Specialist,Finance,Pakistan,Master,7,0.23,0.69,Hybrid,185497,Medium,32,43,Enterprise,High,2.03,No,3.95,Declining
AIJ-100985,HR Specialist,Retail,Canada,PhD,18,0.18,0.69,Hybrid,140900,Medium,21,30,Enterprise,Low,3.66,No,2.23,Growing
AIJ-100986,Product Manager,Retail,Canada,PhD,14,0.91,0.35,Yes,189452,Medium,43,44,Enterprise,High,3.03,No,3.93,Growing
AIJ-100987,Machine Learning Engineer,Media,Australia,High School,10,0.29,0.45,Yes,188578,Low,43,58,Startup,Low,3.2,No,1.16,Stable
AIJ-100988,Financial Analyst,Media,Canada,Bachelor,0,0.21,0.62,Hybrid,96234,High,26,47,Startup,High,4.41,No,2.93,Growing
AIJ-100989,Data Scientist,Finance,UAE,Master,0,0.36,0.98,Yes,92013,Low,3,31,Enterprise,Moderate,4.16,No,1.41,Growing
AIJ-100990,Business Analyst,Transportation,Singapore,Master,13,0.14,0.41,No,178198,High,-7,46,Medium,High,4.74,Yes,3.12,Declining
AIJ-100991,AI Engineer,Education,India,Master,9,0.43,0.9,No,62211,Low,28,49,Startup,Moderate,3.45,No,4.82,Growing
AIJ-100992,Financial Analyst,Government,Japan,PhD,15,0.76,0.3,Yes,114831,Medium,17,54,Startup,Low,4.82,Yes,1.5,Declining
AIJ-100993,Prompt Engineer,Retail,Singapore,Master,21,0.08,0.59,No,155934,Medium,28,37,Enterprise,Moderate,2.98,Yes,4.39,Declining
AIJ-100994,Financial Analyst,Education,Canada,Bachelor,22,0.12,0.31,Hybrid,117298,Low,-10,53,Startup,Moderate,2.38,Yes,4.79,Declining
AIJ-100995,Digital Marketer,Government,Pakistan,Master,22,0.75,0.62,Hybrid,173019,Medium,25,40,Startup,Low,3.75,No,1.68,Stable
AIJ-100996,Teacher,Healthcare,UAE,High School,1,0.93,0.46,No,126532,Low,23,57,Enterprise,Low,3.09,Yes,2.03,Stable
AIJ-100997,Robotics Engineer,Transportation,Singapore,Master,3,0.62,0.48,No,67000,Low,12,48,Medium,High,4.42,No,1.8,Stable
AIJ-100998,Cloud Architect,Media,Germany,PhD,2,0.51,0.22,Yes,81179,High,2,37,Enterprise,High,4.76,Yes,2.71,Declining
AIJ-100999,Robotics Engineer,Media,Australia,Bachelor,10,0.48,0.58,Hybrid,32527,Low,10,35,Startup,Moderate,4.07,No,2.31,Growing
AIJ-101000,Product Manager,Government,Canada,Master,13,0.78,0.6,Hybrid,56614,Medium,2,39,Medium,Moderate,3.49,No,2.77,Stable
AIJ-101001,Teacher,Government,India,PhD,20,0.24,0.51,No,184051,Medium,11,31,Enterprise,High,3.73,Yes,3.76,Declining
AIJ-101002,Healthcare Analyst,Finance,Canada,High School,17,0.26,0.21,Hybrid,91329,Medium,32,46,Medium,Moderate,2.51,No,2.56,Growing
AIJ-101003,Healthcare Analyst,Government,Pakistan,Bachelor,16,0.87,0.49,Hybrid,158523,Low,43,48,Startup,Low,2.43,No,3.98,Stable
AIJ-101004,Cybersecurity Analyst,Transportation,USA,Master,24,0.63,0.92,Hybrid,148450,High,9,59,Medium,Moderate,4.43,No,4.18,Declining
AIJ-101005,Business Analyst,Media,Singapore,Master,24,0.21,0.37,No,37781,High,-3,54,Startup,High,2.74,No,4.34,Declining
AIJ-101006,HR Specialist,Finance,Canada,PhD,14,0.61,0.92,Hybrid,218779,Low,13,40,Startup,High,4.58,No,3.34,Declining
AIJ-101007,Healthcare Analyst,Education,UK,PhD,0,0.47,0.79,Hybrid,205357,High,-3,33,Enterprise,Low,4.36,Yes,1.04,Growing
AIJ-101008,DevOps Engineer,Technology,Japan,High School,22,0.83,0.48,Hybrid,93792,Medium,42,47,Startup,High,4.15,Yes,2.13,Declining
AIJ-101009,Product Manager,Transportation,Germany,PhD,24,0.41,0.92,No,212756,Low,18,32,Startup,High,3.05,No,3.27,Declining
AIJ-101010,Cybersecurity Analyst,Manufacturing,India,PhD,21,0.54,0.97,Yes,142774,Low,31,40,Medium,Moderate,2.72,No,3.27,Stable
AIJ-101011,Software Developer,Media,Germany,PhD,15,0.4,0.74,Yes,41164,Medium,-9,57,Startup,High,3.78,No,2.64,Stable
AIJ-101012,DevOps Engineer,Healthcare,USA,High School,19,0.78,0.4,Hybrid,214757,Medium,10,50,Startup,Moderate,3.61,No,2.64,Stable
AIJ-101013,Software Developer,Transportation,Germany,High School,8,0.22,0.64,Yes,30320,Medium,16,36,Medium,Low,4.8,Yes,2.05,Stable
AIJ-101014,DevOps Engineer,Government,USA,PhD,15,0.76,0.93,No,180823,Medium,34,54,Enterprise,High,3.88,Yes,3.28,Declining
AIJ-101015,Digital Marketer,Manufacturing,Singapore,PhD,4,0.73,0.48,No,215312,Low,19,38,Startup,Low,3.93,No,4.22,Growing
AIJ-101016,Business Analyst,Retail,Germany,High School,16,0.75,0.8,No,39205,Low,25,45,Medium,High,4.24,Yes,3.93,Declining
AIJ-101017,Data Scientist,Government,Canada,Master,6,0.13,0.77,Hybrid,188608,High,45,43,Startup,Low,3.63,No,1.53,Stable
AIJ-101018,Cybersecurity Analyst,Government,USA,Master,14,0.81,0.88,No,90986,Low,-10,38,Medium,Low,2.06,No,3.76,Growing
AIJ-101019,Cybersecurity Analyst,Technology,Japan,PhD,22,0.95,0.39,Hybrid,174398,Medium,-4,60,Enterprise,Low,2.43,No,3.18,Stable
AIJ-101020,DevOps Engineer,Education,UK,Bachelor,11,0.72,0.98,Yes,180558,Medium,43,39,Startup,Low,2.87,No,4.33,Growing
AIJ-101021,Business Analyst,Retail,Australia,PhD,3,0.53,0.69,Hybrid,39291,Medium,3,31,Medium,Low,2.45,No,2.79,Growing
AIJ-101022,Prompt Engineer,Energy,UK,High School,18,0.59,0.82,No,91982,Low,16,60,Enterprise,High,2.09,No,2.86,Growing
AIJ-101023,Data Scientist,Technology,UAE,Bachelor,19,0.17,0.95,No,177609,Low,2,54,Startup,High,3.35,Yes,1.37,Declining
AIJ-101024,Data Scientist,Retail,Pakistan,Master,23,0.4,0.31,No,61444,Low,21,33,Enterprise,Low,3.64,Yes,2.9,Declining
AIJ-101025,Software Developer,Finance,Pakistan,Bachelor,2,0.79,0.8,Hybrid,106843,Medium,-10,34,Medium,Low,2.64,No,4.02,Declining
AIJ-101026,Prompt Engineer,Government,USA,Bachelor,21,0.77,0.57,Yes,77263,Medium,31,50,Medium,Moderate,2.28,Yes,2.88,Declining
AIJ-101027,Prompt Engineer,Technology,UK,High School,3,0.37,0.63,Hybrid,59346,High,-3,40,Enterprise,High,4.77,Yes,1.68,Stable
AIJ-101028,DevOps Engineer,Finance,Germany,PhD,12,0.76,0.92,Yes,164662,Low,22,46,Medium,Moderate,3.37,Yes,3.04,Declining
AIJ-101029,Cybersecurity Analyst,Energy,India,High School,1,0.31,0.87,No,64243,High,37,53,Enterprise,Low,3.18,Yes,4.33,Stable
AIJ-101030,Machine Learning Engineer,Healthcare,Germany,PhD,10,0.45,0.95,No,162165,Medium,1,34,Enterprise,Low,2.5,Yes,1.8,Growing
AIJ-101031,AI Engineer,Technology,USA,PhD,7,0.84,0.8,No,30518,High,35,42,Medium,Low,3.78,Yes,1.01,Growing
AIJ-101032,Cybersecurity Analyst,Energy,Japan,Bachelor,7,0.42,0.2,Yes,181950,High,21,36,Medium,High,4.5,No,3.96,Growing
AIJ-101033,Data Engineer,Energy,UAE,Master,12,0.32,0.98,Yes,51548,Low,-7,30,Enterprise,High,3.55,Yes,2,Declining
AIJ-101034,Healthcare Analyst,Healthcare,Japan,Master,22,0.89,0.61,No,52324,Medium,22,34,Enterprise,Moderate,2.45,Yes,1.76,Stable
AIJ-101035,DevOps Engineer,Technology,UAE,Master,12,0.34,0.39,Hybrid,138232,High,28,38,Medium,High,4.67,No,4.45,Stable
AIJ-101036,Software Developer,Media,Canada,Bachelor,4,0.29,0.71,Hybrid,34202,Low,22,44,Enterprise,Moderate,4.9,Yes,4.84,Stable
AIJ-101037,Healthcare Analyst,Finance,UAE,Bachelor,25,0.85,0.59,No,210571,High,2,43,Medium,Low,4.85,Yes,2.38,Stable
AIJ-101038,Software Developer,Media,Pakistan,High School,17,0.19,0.27,Yes,176804,High,16,60,Startup,High,2.53,No,2.38,Declining
AIJ-101039,DevOps Engineer,Energy,USA,High School,2,0.59,0.37,Yes,99337,High,5,46,Startup,Moderate,2.26,Yes,3.89,Growing
AIJ-101040,UX Designer,Media,Pakistan,High School,15,0.37,0.3,Hybrid,201668,Medium,17,54,Medium,Low,4.87,No,2.25,Growing
AIJ-101041,Robotics Engineer,Energy,USA,High School,19,0.93,0.53,Yes,87347,Medium,5,30,Medium,Moderate,4.16,Yes,4.86,Stable
AIJ-101042,Machine Learning Engineer,Finance,Pakistan,High School,23,0.12,0.99,Hybrid,170183,Low,42,44,Enterprise,Low,3.18,Yes,3.04,Stable
AIJ-101043,Blockchain Developer,Energy,Singapore,PhD,16,0.94,0.96,No,192896,High,8,45,Medium,Low,3.99,Yes,3.56,Stable
AIJ-101044,IoT Specialist,Retail,UK,Bachelor,7,0.78,0.44,No,178275,Medium,41,36,Medium,Low,2.92,No,4.51,Stable
AIJ-101045,Teacher,Manufacturing,UK,Master,8,0.76,0.54,Hybrid,96264,Low,-9,42,Enterprise,High,2.83,No,3.57,Declining
AIJ-101046,Blockchain Developer,Education,USA,PhD,7,0.54,0.26,No,68470,Low,11,51,Enterprise,Moderate,3.5,Yes,3.9,Growing
AIJ-101047,Cloud Architect,Technology,UK,High School,5,0.83,0.21,No,55779,Medium,2,51,Enterprise,Moderate,2.25,Yes,1.99,Declining
AIJ-101048,Data Scientist,Education,UAE,Bachelor,3,0.6,0.95,Hybrid,141118,High,31,57,Enterprise,Moderate,2.16,Yes,1.81,Declining
AIJ-101049,Business Analyst,Retail,UAE,High School,7,0.13,0.42,Yes,33461,High,21,53,Startup,High,4.47,No,1.18,Growing
AIJ-101050,Product Manager,Retail,Canada,Master,20,0.67,0.69,No,43350,High,11,57,Medium,Low,3.89,Yes,1.82,Stable
AIJ-101051,Product Manager,Transportation,Singapore,High School,15,0.07,0.93,Yes,176305,Medium,28,54,Startup,High,2.68,Yes,4.78,Declining
AIJ-101052,Teacher,Government,Australia,Master,15,0.93,0.32,No,83163,Low,24,36,Medium,Moderate,4.51,Yes,2.79,Stable
AIJ-101053,Data Engineer,Manufacturing,Pakistan,PhD,16,0.54,0.73,Yes,217778,Low,0,50,Medium,High,4.6,Yes,4.19,Declining
AIJ-101054,Teacher,Energy,Singapore,Master,14,0.16,0.66,No,130781,Medium,32,45,Startup,Moderate,4.4,No,1.27,Growing
AIJ-101055,DevOps Engineer,Retail,UK,PhD,2,0.13,0.24,Yes,60261,Medium,-10,36,Startup,Moderate,2.14,No,4.57,Declining
AIJ-101056,Cybersecurity Analyst,Education,USA,High School,9,0.31,0.88,Yes,161960,High,17,49,Startup,Low,2.95,Yes,1.19,Declining
AIJ-101057,Robotics Engineer,Energy,Germany,Bachelor,21,0.74,0.76,Hybrid,131747,Medium,4,39,Enterprise,Low,2.28,No,1.07,Declining
AIJ-101058,DevOps Engineer,Healthcare,Pakistan,PhD,7,0.49,0.85,Hybrid,183408,Medium,10,53,Startup,Low,3.64,Yes,4.62,Stable
AIJ-101059,Healthcare Analyst,Manufacturing,India,Bachelor,12,0.74,0.59,Hybrid,55811,Low,38,51,Enterprise,Moderate,2.48,No,1.08,Stable
AIJ-101060,Cybersecurity Analyst,Transportation,Canada,High School,14,0.47,0.31,Yes,123874,Low,42,46,Medium,Low,3.08,No,4.02,Stable
AIJ-101061,Product Manager,Technology,UK,PhD,9,0.49,0.44,Yes,89839,Medium,22,57,Medium,High,3.38,Yes,2.53,Declining
AIJ-101062,Machine Learning Engineer,Media,Singapore,Master,1,0.53,0.98,No,148192,Medium,17,38,Startup,Low,3.34,No,3.73,Declining
AIJ-101063,Software Developer,Manufacturing,Japan,Bachelor,6,0.92,0.52,Hybrid,139463,Medium,36,46,Medium,High,2.16,Yes,4.19,Growing
AIJ-101064,Financial Analyst,Technology,Singapore,Bachelor,15,0.38,0.39,Yes,31579,High,16,53,Startup,Moderate,3.79,No,2.72,Stable
AIJ-101065,Product Manager,Government,UAE,PhD,22,0.42,0.25,No,154174,Medium,6,35,Medium,Low,3.76,Yes,1.96,Growing
AIJ-101066,Business Analyst,Finance,USA,Bachelor,5,0.41,0.86,Hybrid,149391,Low,20,33,Startup,Low,4.51,No,3.6,Stable
AIJ-101067,Financial Analyst,Healthcare,India,Master,17,0.75,0.32,No,172395,High,25,37,Startup,Moderate,2.53,Yes,4.34,Growing
AIJ-101068,HR Specialist,Media,USA,High School,8,0.08,0.34,Yes,138320,High,15,38,Medium,Low,2.18,Yes,4.47,Stable
AIJ-101069,Data Scientist,Technology,India,Bachelor,6,0.85,0.23,Yes,119766,Medium,43,44,Startup,Moderate,4.75,No,3.31,Declining
AIJ-101070,AI Engineer,Energy,Pakistan,Master,1,0.05,0.38,Yes,177540,Medium,29,53,Enterprise,High,2.98,Yes,3.95,Declining
AIJ-101071,Cloud Architect,Energy,Germany,Master,20,0.54,0.27,Yes,180101,Medium,39,48,Medium,Low,2.38,No,3.87,Stable
AIJ-101072,HR Specialist,Transportation,India,Master,0,0.63,0.48,No,83846,High,-10,46,Enterprise,Moderate,2.9,Yes,2.67,Stable
AIJ-101073,HR Specialist,Finance,Japan,High School,5,0.06,0.76,Yes,57074,Low,13,54,Medium,Low,3.86,No,2.04,Growing
AIJ-101074,Machine Learning Engineer,Technology,UK,Bachelor,11,0.36,0.35,Yes,84077,Low,-1,55,Medium,High,4.42,No,4.41,Declining
AIJ-101075,Digital Marketer,Energy,Japan,Master,22,0.35,0.77,Yes,38753,High,2,54,Startup,Low,4.63,No,4.4,Stable
AIJ-101076,Digital Marketer,Healthcare,UK,Master,24,0.53,0.47,No,171129,Low,0,58,Enterprise,Low,3.33,No,4.01,Stable
AIJ-101077,IoT Specialist,Transportation,India,Master,8,0.92,0.52,Yes,49727,Low,-10,42,Startup,High,4.32,No,3.56,Growing
AIJ-101078,Digital Marketer,Healthcare,UAE,Master,7,0.17,0.51,Hybrid,49926,Medium,-2,60,Medium,Moderate,3.42,Yes,3.67,Growing
AIJ-101079,Blockchain Developer,Education,USA,High School,18,0.07,0.69,Hybrid,61579,Low,32,53,Enterprise,Moderate,2.95,Yes,2.08,Declining
AIJ-101080,Healthcare Analyst,Healthcare,India,Bachelor,23,0.26,0.46,Yes,32603,Low,27,50,Startup,Moderate,2.71,Yes,3.07,Stable
AIJ-101081,Software Developer,Healthcare,Singapore,Bachelor,22,0.39,0.79,No,64417,High,41,51,Medium,High,4.8,Yes,3.36,Growing
AIJ-101082,HR Specialist,Education,Germany,Bachelor,24,0.09,0.59,Yes,130192,High,27,47,Medium,Moderate,2.29,Yes,1.66,Stable
AIJ-101083,Product Manager,Media,Germany,Bachelor,24,0.35,0.6,No,124182,High,17,52,Medium,Low,3.21,Yes,1.07,Growing
AIJ-101084,Healthcare Analyst,Manufacturing,Canada,PhD,5,0.75,0.49,Hybrid,86808,Low,1,35,Medium,Low,4.26,Yes,2.41,Growing
AIJ-101085,Data Scientist,Healthcare,UK,Bachelor,7,0.22,0.8,No,77259,Low,8,48,Enterprise,Low,3.78,Yes,3.42,Growing
AIJ-101086,AI Engineer,Government,Pakistan,PhD,6,0.41,0.41,Yes,119834,Low,20,56,Medium,High,2.12,Yes,3.46,Declining
AIJ-101087,Software Developer,Finance,India,PhD,2,0.74,0.63,Yes,76566,High,4,42,Startup,High,2.14,Yes,4.73,Declining
AIJ-101088,AI Engineer,Transportation,Australia,Bachelor,12,0.15,0.74,No,139572,Low,35,46,Enterprise,Moderate,2.03,No,1.91,Declining
AIJ-101089,Cloud Architect,Education,Germany,PhD,3,0.79,0.72,Yes,88440,High,40,49,Medium,Moderate,4.14,No,2.2,Declining
AIJ-101090,Blockchain Developer,Finance,UAE,PhD,21,0.86,0.43,No,81544,High,13,45,Medium,Low,3.27,Yes,4.16,Growing
AIJ-101091,Cloud Architect,Media,Singapore,PhD,0,0.78,0.57,Yes,119176,Medium,29,49,Enterprise,Low,2.52,Yes,1.16,Declining
AIJ-101092,Machine Learning Engineer,Education,India,Master,13,0.74,0.26,No,160078,Low,22,56,Medium,High,2.77,Yes,1.66,Stable
AIJ-101093,Machine Learning Engineer,Education,Singapore,PhD,23,0.56,0.42,Hybrid,152581,Medium,-6,50,Startup,Low,3.79,Yes,3,Stable
AIJ-101094,Teacher,Technology,USA,Bachelor,15,0.7,0.39,Hybrid,184656,Low,6,51,Medium,Low,2.91,No,3.95,Stable
AIJ-101095,Cybersecurity Analyst,Media,UAE,Master,13,0.24,0.24,No,128350,Medium,44,44,Startup,High,4.63,Yes,2.62,Declining
AIJ-101096,Software Developer,Transportation,UAE,Bachelor,18,0.72,0.65,Yes,45678,Low,39,46,Medium,Moderate,2.12,No,3.6,Growing
AIJ-101097,Digital Marketer,Education,UAE,Master,13,0.84,0.23,Hybrid,39569,High,5,36,Startup,Moderate,3.45,No,3.66,Declining
AIJ-101098,HR Specialist,Retail,Canada,High School,24,0.43,0.9,Hybrid,154616,Medium,22,50,Enterprise,Moderate,2.99,No,3.71,Declining
AIJ-101099,Teacher,Media,UAE,PhD,0,0.78,0.75,Hybrid,211822,Medium,41,50,Medium,Low,4.53,No,3.28,Declining
AIJ-101100,Cybersecurity Analyst,Media,Australia,PhD,0,0.63,0.64,No,213542,Medium,3,35,Startup,Low,3.21,Yes,3.31,Growing
AIJ-101101,Cybersecurity Analyst,Government,Singapore,Bachelor,15,0.74,0.6,Yes,191404,High,-1,43,Enterprise,Moderate,4.9,Yes,4.09,Declining
AIJ-101102,Robotics Engineer,Finance,USA,Bachelor,22,0.6,0.34,Hybrid,183960,High,24,51,Enterprise,Low,4.92,Yes,3.7,Declining
AIJ-101103,Blockchain Developer,Technology,Australia,Bachelor,2,0.75,0.68,Hybrid,139719,Medium,42,47,Medium,Low,2.01,No,4.98,Growing
AIJ-101104,Software Developer,Healthcare,UAE,High School,13,0.76,0.84,No,212812,High,45,59,Startup,Moderate,3.9,No,3.65,Growing
AIJ-101105,HR Specialist,Finance,Singapore,High School,10,0.14,0.71,Yes,96216,Low,18,54,Startup,Low,3.43,Yes,2.65,Stable
AIJ-101106,Product Manager,Healthcare,UAE,Bachelor,12,0.08,0.7,Yes,38243,High,0,49,Medium,High,2.52,No,4.33,Growing
AIJ-101107,HR Specialist,Finance,UAE,Master,2,0.51,0.66,Yes,118835,Medium,24,30,Medium,High,4.06,No,4.43,Declining
AIJ-101108,Teacher,Healthcare,UAE,High School,20,0.53,0.86,Yes,92942,Medium,2,51,Medium,Moderate,2.81,No,4.21,Stable
AIJ-101109,Software Developer,Retail,UK,Master,6,0.06,0.34,No,107394,High,-9,48,Startup,Low,4.87,No,2.46,Declining
AIJ-101110,Digital Marketer,Government,Australia,PhD,0,0.79,0.93,Yes,45413,Medium,5,42,Medium,Low,4.53,No,1.17,Stable
AIJ-101111,UX Designer,Technology,Germany,PhD,22,0.53,0.55,No,126263,High,24,34,Startup,Moderate,4.62,No,4.99,Declining
AIJ-101112,Prompt Engineer,Energy,UAE,PhD,9,0.91,0.38,Hybrid,40076,Low,-2,41,Enterprise,Moderate,3.7,No,4.87,Growing
AIJ-101113,DevOps Engineer,Government,Japan,Bachelor,0,0.59,0.51,No,73459,Medium,15,32,Medium,High,3.75,Yes,1.76,Stable
AIJ-101114,Data Engineer,Media,UAE,PhD,14,0.71,0.88,Hybrid,134809,Low,13,59,Medium,Low,2.9,Yes,2.02,Declining
AIJ-101115,Business Analyst,Government,Canada,Bachelor,4,0.14,0.36,No,168380,Low,-9,30,Startup,Moderate,2.89,No,4.72,Declining
AIJ-101116,Cybersecurity Analyst,Education,India,High School,0,0.83,0.78,Yes,177855,High,41,48,Medium,Moderate,2.46,No,1.53,Growing
AIJ-101117,Data Scientist,Manufacturing,Japan,Bachelor,1,0.65,0.75,Hybrid,107817,Low,4,40,Startup,Low,3.71,No,4.97,Stable
AIJ-101118,AI Engineer,Manufacturing,Australia,Bachelor,0,0.87,0.65,Yes,172920,Medium,32,41,Startup,High,4.81,No,3.46,Stable
AIJ-101119,Robotics Engineer,Technology,India,Bachelor,25,0.93,0.32,No,200822,Medium,6,33,Enterprise,Low,2.95,Yes,3.63,Stable
AIJ-101120,Cybersecurity Analyst,Transportation,Pakistan,High School,7,0.49,0.36,No,74448,Low,38,48,Enterprise,Low,4.9,Yes,3.78,Growing
AIJ-101121,Robotics Engineer,Finance,India,Master,8,0.22,0.56,No,79775,Medium,25,49,Startup,Moderate,3.48,Yes,2.78,Growing
AIJ-101122,Teacher,Healthcare,UAE,High School,22,0.8,0.53,Hybrid,49979,Medium,-5,45,Enterprise,Low,4.88,Yes,4.46,Growing
AIJ-101123,Data Engineer,Manufacturing,Singapore,High School,11,0.92,0.23,No,49234,High,37,32,Enterprise,High,4.42,No,4.58,Stable
AIJ-101124,IoT Specialist,Transportation,USA,High School,9,0.65,0.93,Yes,42292,High,5,58,Startup,High,2.93,No,1.47,Stable
AIJ-101125,Business Analyst,Government,Australia,PhD,24,0.12,0.63,Yes,208512,High,36,31,Startup,High,3.12,No,3.74,Stable
AIJ-101126,Healthcare Analyst,Healthcare,Australia,Master,22,0.4,0.32,No,212927,High,28,36,Startup,High,2.71,No,1.53,Declining
AIJ-101127,DevOps Engineer,Transportation,USA,PhD,1,0.07,0.92,Hybrid,44004,Low,-8,51,Enterprise,Low,3.8,Yes,3.16,Growing
AIJ-101128,Prompt Engineer,Healthcare,Canada,Master,17,0.82,0.31,No,132183,High,11,47,Startup,Moderate,2.49,No,1.96,Growing
AIJ-101129,Machine Learning Engineer,Finance,USA,Master,7,0.32,0.56,Hybrid,209239,Medium,33,30,Medium,Moderate,4.86,No,3.84,Stable
AIJ-101130,Teacher,Government,Pakistan,Bachelor,18,0.11,0.51,No,49248,Medium,40,45,Medium,Moderate,2.4,No,1.72,Stable
AIJ-101131,Data Scientist,Finance,Pakistan,PhD,17,0.4,0.78,No,108959,Low,3,59,Medium,High,3.2,No,4.71,Declining
AIJ-101132,Product Manager,Healthcare,Australia,Master,0,0.8,0.49,Hybrid,63886,High,27,33,Startup,Low,3.76,Yes,4.95,Declining
AIJ-101133,Business Analyst,Transportation,Pakistan,PhD,22,0.07,0.41,Hybrid,71439,Medium,4,57,Startup,High,3.95,Yes,4.88,Declining
AIJ-101134,IoT Specialist,Retail,Pakistan,Master,25,0.17,0.96,No,121440,High,27,60,Startup,Low,2.96,No,3.77,Stable
AIJ-101135,Data Engineer,Government,Australia,Master,20,0.06,0.64,No,218315,High,3,39,Medium,Moderate,3.19,No,1.63,Declining
AIJ-101136,Data Scientist,Education,Australia,High School,25,0.1,0.75,No,129584,Low,9,47,Medium,Low,3.34,No,2.8,Growing
AIJ-101137,Financial Analyst,Media,Pakistan,High School,2,0.23,0.83,No,46485,Low,33,30,Startup,Moderate,2.69,Yes,2.69,Declining
AIJ-101138,UX Designer,Retail,Canada,Bachelor,7,0.56,0.5,Hybrid,76987,Medium,9,44,Enterprise,Moderate,2.17,No,4.87,Growing
AIJ-101139,Cloud Architect,Government,Canada,PhD,13,0.58,0.45,Hybrid,150647,Medium,44,52,Medium,High,2.64,No,2.55,Declining
AIJ-101140,Data Engineer,Technology,Pakistan,PhD,1,0.61,0.64,Yes,133805,Low,37,52,Medium,Moderate,4.4,Yes,3.17,Declining
AIJ-101141,Digital Marketer,Education,Germany,Bachelor,22,0.07,0.48,Hybrid,158154,High,34,45,Startup,High,2.4,No,2.16,Declining
AIJ-101142,Prompt Engineer,Government,Japan,Bachelor,8,0.74,0.84,Yes,150635,Medium,20,59,Startup,High,4.8,Yes,1.9,Growing
AIJ-101143,Data Scientist,Healthcare,Australia,Bachelor,7,0.21,0.65,Yes,95893,High,7,39,Startup,Low,4.88,No,3.64,Growing
AIJ-101144,Healthcare Analyst,Finance,Australia,High School,14,0.34,0.27,No,100445,Medium,26,52,Enterprise,High,2.21,Yes,1.5,Declining
AIJ-101145,Software Developer,Finance,UAE,PhD,14,0.75,0.54,No,193949,Low,3,60,Startup,Moderate,4.66,Yes,4.82,Stable
AIJ-101146,AI Engineer,Manufacturing,Japan,Master,5,0.55,0.24,Hybrid,129208,High,40,39,Startup,High,2.86,Yes,3.56,Growing
AIJ-101147,Financial Analyst,Media,UK,PhD,14,0.66,0.89,No,154057,Low,13,48,Startup,Moderate,4.49,Yes,4.37,Declining
AIJ-101148,DevOps Engineer,Healthcare,India,PhD,8,0.78,0.52,No,98779,High,21,50,Enterprise,Low,2.31,Yes,4.92,Growing
AIJ-101149,Healthcare Analyst,Manufacturing,USA,Master,19,0.51,0.23,Hybrid,192587,High,3,34,Medium,Moderate,2.89,Yes,1.53,Declining
AIJ-101150,Cybersecurity Analyst,Healthcare,Pakistan,Master,17,0.7,0.66,No,169897,Low,6,30,Startup,High,2.22,No,2.75,Growing
AIJ-101151,Machine Learning Engineer,Manufacturing,Australia,PhD,23,0.32,0.85,Hybrid,196979,High,21,32,Enterprise,High,3.58,Yes,1.82,Growing
AIJ-101152,UX Designer,Government,Pakistan,PhD,9,0.09,0.75,No,82410,High,26,49,Enterprise,Moderate,3.17,No,3.06,Growing
AIJ-101153,Blockchain Developer,Finance,Germany,PhD,25,0.27,0.2,Yes,192764,Low,43,47,Startup,High,4.64,No,1.33,Stable
AIJ-101154,Product Manager,Energy,India,Master,15,0.37,0.45,Hybrid,147864,High,15,40,Medium,Moderate,4.67,No,1.4,Declining
AIJ-101155,Product Manager,Energy,Singapore,Bachelor,9,0.1,0.61,Hybrid,118494,Low,12,32,Medium,Moderate,3.06,No,1.43,Declining
AIJ-101156,Data Scientist,Finance,Germany,Bachelor,16,0.58,0.57,No,107622,High,17,30,Enterprise,Low,4.51,No,4.47,Growing
AIJ-101157,Robotics Engineer,Retail,UK,Bachelor,16,0.42,0.24,Hybrid,193108,Medium,-7,35,Startup,High,3,Yes,3.16,Growing
AIJ-101158,DevOps Engineer,Healthcare,Japan,PhD,19,0.29,0.66,No,183061,High,21,34,Medium,Moderate,4.97,No,1.44,Stable
AIJ-101159,IoT Specialist,Retail,Singapore,High School,18,0.47,0.48,No,128996,Medium,30,50,Startup,High,2.75,Yes,4.55,Growing
AIJ-101160,Software Developer,Technology,Germany,High School,11,0.2,0.69,Hybrid,100848,High,38,34,Medium,High,2.84,Yes,2.87,Stable
AIJ-101161,Robotics Engineer,Media,Australia,PhD,11,0.72,0.73,Hybrid,153513,Medium,-3,51,Medium,Low,3.54,No,3.95,Growing
AIJ-101162,Prompt Engineer,Media,India,High School,18,0.6,0.82,No,166314,Low,5,50,Startup,Low,4.91,No,1.12,Growing
AIJ-101163,Business Analyst,Healthcare,UAE,Bachelor,22,0.43,0.58,Yes,165359,Medium,15,35,Enterprise,Low,3.97,Yes,2.49,Growing
AIJ-101164,Financial Analyst,Manufacturing,Japan,Master,13,0.32,0.32,Hybrid,130003,High,27,56,Startup,Moderate,4.78,Yes,1.53,Growing
AIJ-101165,Software Developer,Finance,Germany,PhD,21,0.61,0.95,Hybrid,37071,Low,-8,52,Medium,Moderate,4.47,No,1.22,Growing
AIJ-101166,IoT Specialist,Manufacturing,Pakistan,Bachelor,18,0.11,0.82,Hybrid,140289,Low,42,58,Enterprise,High,3.87,Yes,4.37,Growing
AIJ-101167,AI Engineer,Media,Japan,Master,11,0.57,0.45,Hybrid,187949,High,38,52,Enterprise,Moderate,2.5,Yes,3.02,Growing
AIJ-101168,Digital Marketer,Government,Australia,High School,5,0.67,0.51,Yes,69567,High,40,51,Enterprise,Low,3.9,No,3.95,Growing
AIJ-101169,Product Manager,Finance,USA,PhD,0,0.81,0.82,No,55766,Medium,35,54,Enterprise,Low,4.62,Yes,2.82,Declining
AIJ-101170,UX Designer,Media,Australia,Master,19,0.55,0.91,No,88695,Low,5,52,Medium,Low,3.26,No,2.84,Growing
AIJ-101171,Digital Marketer,Healthcare,UK,Bachelor,3,0.45,0.83,No,145935,Medium,11,50,Startup,High,4.53,No,2.76,Declining
AIJ-101172,UX Designer,Retail,India,High School,9,0.66,0.78,No,165417,High,24,36,Startup,Low,2.93,No,4.55,Declining
AIJ-101173,Blockchain Developer,Healthcare,Pakistan,PhD,24,0.82,0.36,Hybrid,170444,High,-6,53,Startup,High,3.92,No,3.47,Growing
AIJ-101174,DevOps Engineer,Media,India,Master,13,0.77,0.7,No,123627,High,41,39,Startup,Low,4.46,No,3.9,Stable
AIJ-101175,Product Manager,Education,Canada,Master,18,0.6,0.58,No,160707,Medium,18,52,Startup,High,4.73,Yes,3.65,Declining
AIJ-101176,Healthcare Analyst,Media,Pakistan,Master,20,0.69,0.31,Yes,53259,Low,4,35,Medium,Low,3.13,No,1.28,Stable
AIJ-101177,Robotics Engineer,Retail,Australia,PhD,22,0.07,0.57,No,84343,Medium,1,53,Startup,Moderate,4.23,No,3.18,Growing
AIJ-101178,Data Scientist,Finance,UK,High School,16,0.43,0.55,Hybrid,118256,Low,15,48,Enterprise,Low,3.94,No,4.56,Declining
AIJ-101179,UX Designer,Media,Germany,PhD,25,0.68,0.25,No,184874,Medium,-9,53,Startup,High,4.43,Yes,3.14,Stable
AIJ-101180,HR Specialist,Government,Australia,Bachelor,3,0.92,0.7,Hybrid,37751,Low,16,42,Medium,Moderate,2.37,No,4.96,Stable
AIJ-101181,Software Developer,Finance,UK,Bachelor,8,0.87,0.42,Hybrid,38407,High,24,31,Startup,Low,4.18,No,3.21,Stable
AIJ-101182,Robotics Engineer,Retail,Australia,High School,8,0.6,0.46,No,196635,Low,29,35,Startup,Low,4.33,No,1.25,Stable
AIJ-101183,Prompt Engineer,Education,UAE,Bachelor,12,0.39,0.24,Yes,174070,Low,26,48,Medium,High,4.71,No,4.57,Growing
AIJ-101184,Cybersecurity Analyst,Retail,Japan,High School,0,0.44,0.87,Yes,98867,High,10,30,Startup,High,4.4,No,1.25,Growing
AIJ-101185,Data Engineer,Media,Germany,High School,9,0.54,0.58,No,77334,Low,4,32,Medium,Moderate,2.83,Yes,2.5,Stable
AIJ-101186,Product Manager,Media,UAE,Master,6,0.28,0.82,Yes,150058,Low,45,52,Startup,Moderate,2.04,No,2.14,Stable
AIJ-101187,AI Engineer,Technology,Canada,PhD,7,0.68,0.84,Yes,161608,Medium,3,48,Startup,Moderate,2.28,Yes,2,Stable
AIJ-101188,Data Engineer,Transportation,Canada,High School,19,0.06,0.83,Hybrid,50346,Medium,30,46,Medium,Moderate,2.9,No,4.04,Declining
AIJ-101189,Cybersecurity Analyst,Manufacturing,India,Bachelor,22,0.64,0.39,Hybrid,219133,Low,-10,42,Startup,Low,2.55,Yes,1.74,Growing
AIJ-101190,Robotics Engineer,Finance,USA,PhD,13,0.2,0.79,No,55123,Low,-4,40,Startup,Moderate,2.96,Yes,1.08,Stable
AIJ-101191,Digital Marketer,Government,UK,Bachelor,21,0.3,0.22,Yes,113759,Low,13,42,Startup,High,2.08,Yes,4.4,Declining
AIJ-101192,Machine Learning Engineer,Manufacturing,UK,PhD,3,0.57,0.35,Yes,198228,Low,5,53,Enterprise,Moderate,3.01,No,3.72,Stable
AIJ-101193,Teacher,Transportation,Australia,High School,5,0.41,0.81,No,108105,High,22,43,Medium,Low,2.8,Yes,3.92,Growing
AIJ-101194,UX Designer,Government,Singapore,Master,5,0.48,0.91,Hybrid,93570,Medium,43,37,Medium,Moderate,4.5,Yes,2.34,Declining
AIJ-101195,Machine Learning Engineer,Manufacturing,Germany,High School,19,0.29,0.8,No,132258,Medium,9,33,Medium,Moderate,4.35,No,1.88,Stable
AIJ-101196,Healthcare Analyst,Education,Pakistan,Bachelor,17,0.88,0.51,Hybrid,218659,High,34,52,Medium,Low,4.29,No,3.99,Declining
AIJ-101197,Cybersecurity Analyst,Finance,UAE,PhD,6,0.19,0.28,Hybrid,154471,High,25,59,Startup,Moderate,2.81,No,2.64,Stable
AIJ-101198,IoT Specialist,Government,Germany,High School,13,0.71,0.32,Yes,178244,Medium,45,37,Enterprise,High,2.25,No,4.59,Growing
AIJ-101199,Software Developer,Energy,USA,PhD,22,0.07,0.84,Yes,154252,Low,-4,38,Enterprise,High,3.27,No,4.84,Growing
AIJ-101200,Software Developer,Healthcare,India,PhD,25,0.71,0.65,Yes,60887,High,39,39,Medium,Moderate,2.55,No,4.35,Growing
AIJ-101201,Teacher,Healthcare,UAE,Bachelor,23,0.41,0.92,Hybrid,80136,High,30,58,Medium,Low,2.65,No,3.02,Growing
AIJ-101202,HR Specialist,Transportation,Canada,PhD,14,0.68,0.5,Hybrid,106580,Low,16,51,Enterprise,Low,2.66,Yes,3.4,Declining
AIJ-101203,Cloud Architect,Energy,Germany,Master,23,0.36,0.81,Hybrid,37219,Low,38,54,Startup,Low,2.68,No,4.89,Declining
AIJ-101204,Data Engineer,Retail,Canada,High School,2,0.77,0.42,No,177679,Medium,28,36,Startup,Low,4.98,Yes,1.41,Declining
AIJ-101205,Software Developer,Media,Singapore,PhD,13,0.64,0.93,Yes,40132,Medium,24,31,Enterprise,Low,4.63,Yes,1.99,Declining
AIJ-101206,AI Engineer,Education,Pakistan,Bachelor,2,0.32,0.41,No,70877,Low,34,45,Enterprise,High,2.29,Yes,1.82,Growing
AIJ-101207,Cloud Architect,Education,UK,High School,18,0.82,0.9,Hybrid,159895,Medium,44,56,Startup,Low,2.91,No,3.68,Declining
AIJ-101208,Robotics Engineer,Manufacturing,UK,PhD,22,0.16,0.86,Yes,150422,High,3,43,Medium,High,3.11,No,2.18,Stable
AIJ-101209,Cloud Architect,Energy,Canada,Master,5,0.88,0.59,Yes,191131,High,-1,33,Medium,Moderate,4.63,Yes,3.84,Declining
AIJ-101210,Prompt Engineer,Healthcare,Australia,Master,11,0.65,0.96,No,78639,Low,10,35,Enterprise,Moderate,4.22,Yes,1.01,Growing
AIJ-101211,Teacher,Retail,Singapore,Master,13,0.47,0.63,No,214755,High,8,46,Enterprise,High,2.66,Yes,1.12,Declining
AIJ-101212,Robotics Engineer,Finance,UK,PhD,20,0.24,0.49,Hybrid,162347,Low,19,34,Medium,Moderate,2.4,No,2.62,Declining
AIJ-101213,UX Designer,Healthcare,Germany,High School,12,0.09,0.43,Hybrid,201418,High,16,57,Startup,Moderate,2.12,No,4.11,Declining
AIJ-101214,Cloud Architect,Transportation,UK,Bachelor,0,0.54,0.25,No,101288,Medium,0,36,Enterprise,High,2.33,No,4.48,Growing
AIJ-101215,Robotics Engineer,Technology,Singapore,Master,15,0.18,0.34,No,70638,Low,23,36,Medium,High,3.77,No,1.13,Stable
AIJ-101216,Cloud Architect,Healthcare,Germany,Master,21,0.59,0.29,Yes,127786,Medium,2,40,Medium,Low,2.49,Yes,4.69,Declining
AIJ-101217,Data Scientist,Finance,Singapore,High School,2,0.59,0.57,Yes,92983,Medium,-4,49,Medium,High,4.83,Yes,2.21,Growing
AIJ-101218,Blockchain Developer,Retail,UK,High School,5,0.29,0.57,Yes,137476,High,22,51,Enterprise,High,2.67,No,1.89,Stable
AIJ-101219,Digital Marketer,Government,UAE,Master,7,0.75,0.73,Hybrid,55518,Medium,28,48,Startup,Moderate,4.44,No,4.83,Stable
AIJ-101220,Teacher,Energy,Japan,High School,22,0.86,0.2,No,139865,Medium,-1,46,Enterprise,High,3.29,No,1.27,Declining
AIJ-101221,Cybersecurity Analyst,Energy,Pakistan,Bachelor,14,0.73,0.49,No,41332,Low,4,43,Enterprise,High,2.21,Yes,1.56,Declining
AIJ-101222,Machine Learning Engineer,Government,Australia,Master,8,0.48,0.51,No,190898,Medium,39,56,Medium,Low,2.97,Yes,3.13,Growing
AIJ-101223,UX Designer,Healthcare,UAE,Bachelor,9,0.24,0.6,Yes,38364,High,11,40,Startup,Moderate,3.8,No,3.14,Stable
AIJ-101224,UX Designer,Finance,Pakistan,PhD,1,0.56,0.5,Yes,72507,Low,4,51,Startup,High,4.38,No,2.44,Declining
AIJ-101225,Teacher,Energy,Australia,Bachelor,22,0.25,0.42,Hybrid,66653,High,-5,44,Startup,Low,3.46,Yes,3.4,Declining
AIJ-101226,Cloud Architect,Manufacturing,Germany,Bachelor,12,0.47,0.93,No,76355,High,3,45,Startup,Moderate,2.66,Yes,4.28,Declining
AIJ-101227,Data Scientist,Finance,UK,High School,13,0.09,0.62,Yes,123924,High,27,31,Startup,High,2.72,Yes,1.85,Growing
AIJ-101228,Machine Learning Engineer,Government,Pakistan,PhD,3,0.11,0.25,No,35682,Low,1,56,Medium,Moderate,4.15,No,3.8,Declining
AIJ-101229,Digital Marketer,Technology,India,Master,23,0.57,0.69,Yes,67388,Low,37,37,Startup,Moderate,3.95,No,2.86,Growing
AIJ-101230,Blockchain Developer,Technology,Canada,Master,24,0.31,0.78,No,94241,Low,33,49,Enterprise,Low,4.76,No,4.9,Stable
AIJ-101231,Cybersecurity Analyst,Finance,USA,Bachelor,17,0.47,0.91,Yes,139599,High,31,40,Medium,High,2.16,Yes,4.19,Growing
AIJ-101232,Data Engineer,Transportation,USA,PhD,20,0.11,0.29,No,155425,High,17,36,Medium,Low,2.41,Yes,3.74,Declining
AIJ-101233,Product Manager,Manufacturing,Australia,Bachelor,15,0.62,0.77,Yes,199639,Low,8,57,Startup,High,2.93,Yes,1.16,Growing
AIJ-101234,Software Developer,Education,Canada,Bachelor,4,0.73,0.65,No,212685,Medium,12,49,Enterprise,High,3.51,No,2.52,Declining
AIJ-101235,IoT Specialist,Energy,Pakistan,High School,10,0.64,0.36,Yes,209047,High,-2,31,Startup,Low,4.34,Yes,4.26,Stable
AIJ-101236,Financial Analyst,Healthcare,UK,PhD,5,0.44,0.88,No,87757,Medium,12,37,Startup,Moderate,4.85,No,3.69,Stable
AIJ-101237,UX Designer,Government,India,Master,3,0.31,0.54,Yes,73171,Medium,16,50,Startup,Moderate,2.02,No,3.31,Growing
AIJ-101238,Software Developer,Transportation,Australia,PhD,5,0.79,0.24,Hybrid,140546,Low,37,40,Enterprise,Low,3.84,Yes,2.03,Stable
AIJ-101239,Data Scientist,Finance,UK,Bachelor,9,0.44,0.82,No,127320,Medium,25,57,Enterprise,High,4,Yes,2.15,Stable
AIJ-101240,Data Scientist,Education,Germany,Bachelor,2,0.31,0.72,No,150312,Medium,25,51,Startup,Low,2.58,Yes,3.77,Growing
AIJ-101241,Business Analyst,Energy,Germany,Bachelor,25,0.74,0.55,Hybrid,133658,Medium,2,30,Startup,Low,4.97,Yes,1.11,Declining
AIJ-101242,Business Analyst,Education,Germany,PhD,14,0.28,0.96,Hybrid,172380,High,14,30,Enterprise,Low,4.82,No,3,Growing
AIJ-101243,Teacher,Retail,Australia,Bachelor,0,0.82,0.71,Hybrid,96373,Medium,16,38,Enterprise,High,4.5,Yes,4.47,Declining
AIJ-101244,Cybersecurity Analyst,Healthcare,Pakistan,Master,12,0.79,0.97,Yes,30239,Medium,12,55,Enterprise,High,4.07,Yes,3.16,Declining
AIJ-101245,AI Engineer,Retail,Germany,High School,11,0.28,0.25,No,103884,Medium,22,40,Startup,High,2.64,No,1.76,Growing
AIJ-101246,Product Manager,Technology,Germany,High School,19,0.48,0.56,Hybrid,122343,Low,-4,59,Medium,High,4.79,No,2.13,Declining
AIJ-101247,Cloud Architect,Energy,Japan,Bachelor,15,0.19,0.57,Hybrid,202243,Low,17,32,Startup,Moderate,3.55,No,2.7,Growing
AIJ-101248,Product Manager,Education,Germany,Bachelor,13,0.44,0.66,Yes,216858,Medium,45,31,Enterprise,Moderate,4.59,No,4.88,Growing
AIJ-101249,DevOps Engineer,Manufacturing,UAE,Bachelor,17,0.63,0.25,No,121167,Low,13,60,Startup,Low,3.74,Yes,2.13,Stable
AIJ-101250,Healthcare Analyst,Media,India,PhD,13,0.48,0.64,Hybrid,47441,Medium,28,57,Startup,Low,4.44,Yes,1.03,Growing
AIJ-101251,Digital Marketer,Retail,Pakistan,High School,20,0.73,0.54,No,176846,High,35,31,Startup,Moderate,2.38,No,4.77,Stable
AIJ-101252,Data Engineer,Government,UAE,Bachelor,23,0.79,0.94,Yes,32006,High,19,54,Startup,High,4.6,Yes,4.8,Stable
AIJ-101253,IoT Specialist,Media,Australia,Bachelor,0,0.31,0.45,Hybrid,211742,Low,-10,44,Startup,Low,2.22,Yes,3.87,Stable
AIJ-101254,Financial Analyst,Transportation,UAE,PhD,3,0.24,0.74,Hybrid,43586,High,17,59,Startup,High,3.74,No,1.43,Stable
AIJ-101255,Prompt Engineer,Media,Germany,Bachelor,9,0.32,0.68,No,219642,Low,-9,49,Enterprise,Moderate,2.46,No,4.78,Growing
AIJ-101256,Cybersecurity Analyst,Retail,Germany,High School,14,0.21,0.86,Yes,181900,Medium,34,39,Medium,High,2.73,Yes,4.05,Stable
AIJ-101257,Software Developer,Energy,USA,High School,16,0.14,0.25,Yes,215817,Low,15,41,Enterprise,High,4.15,No,4.38,Stable
AIJ-101258,Cybersecurity Analyst,Government,UK,High School,9,0.5,0.36,Hybrid,158973,Medium,20,48,Startup,Moderate,3.15,No,4.94,Stable
AIJ-101259,Software Developer,Energy,Australia,Master,4,0.13,0.99,Hybrid,159723,Low,9,42,Enterprise,Moderate,2.79,Yes,4.95,Stable
AIJ-101260,Software Developer,Technology,Singapore,PhD,21,0.08,0.9,Yes,207026,Low,9,51,Enterprise,Moderate,4.37,No,1.34,Declining
AIJ-101261,Business Analyst,Education,Pakistan,PhD,20,0.41,0.71,Yes,44947,Medium,28,52,Startup,Low,2.27,Yes,1.23,Declining
AIJ-101262,Robotics Engineer,Media,USA,Bachelor,16,0.55,0.61,Hybrid,30931,Low,11,52,Medium,Low,3.01,Yes,3.5,Declining
AIJ-101263,DevOps Engineer,Energy,UK,High School,16,0.45,0.54,Yes,93554,Low,-2,51,Enterprise,Moderate,3.56,No,4.41,Growing
AIJ-101264,Cybersecurity Analyst,Healthcare,USA,Master,21,0.83,0.92,Hybrid,87747,Low,33,54,Enterprise,Low,2.03,No,2.99,Declining
AIJ-101265,DevOps Engineer,Government,Germany,PhD,13,0.94,0.79,Hybrid,66682,Medium,31,30,Enterprise,Low,3.22,No,2.71,Growing
AIJ-101266,Product Manager,Media,Germany,PhD,7,0.41,0.91,No,202543,High,23,58,Enterprise,High,3.07,Yes,3.91,Stable
AIJ-101267,Blockchain Developer,Media,Singapore,High School,18,0.19,0.54,Hybrid,144027,High,2,44,Enterprise,Moderate,2.26,No,4.96,Stable
AIJ-101268,HR Specialist,Media,Canada,Bachelor,10,0.57,0.39,No,113359,High,20,45,Medium,Low,3.3,No,2.52,Declining
AIJ-101269,Robotics Engineer,Healthcare,UAE,High School,24,0.08,0.26,No,216274,Medium,20,47,Enterprise,Low,3.71,Yes,3.36,Stable
AIJ-101270,AI Engineer,Technology,Pakistan,High School,0,0.81,0.44,Hybrid,142336,High,1,38,Medium,High,4.11,Yes,3.09,Stable
AIJ-101271,Data Scientist,Healthcare,Canada,Bachelor,10,0.06,0.31,Hybrid,81426,Low,-6,50,Enterprise,Moderate,4.51,Yes,2.97,Declining
AIJ-101272,DevOps Engineer,Government,Germany,High School,20,0.95,0.33,Hybrid,79553,Low,14,35,Startup,Low,4.35,No,3.56,Declining
AIJ-101273,HR Specialist,Transportation,Pakistan,Bachelor,15,0.69,0.31,Hybrid,213959,High,8,30,Enterprise,Moderate,3.48,Yes,4.23,Stable
AIJ-101274,Prompt Engineer,Media,UAE,Bachelor,11,0.87,0.4,Hybrid,218838,Medium,6,60,Medium,Low,2.76,Yes,2.12,Growing
AIJ-101275,Product Manager,Education,India,Bachelor,21,0.23,0.79,No,100167,High,25,60,Medium,High,2.48,No,4.33,Declining
AIJ-101276,Financial Analyst,Media,UAE,High School,16,0.82,0.84,Hybrid,153931,Medium,5,35,Enterprise,Moderate,4.31,Yes,3.63,Growing
AIJ-101277,Data Scientist,Retail,Pakistan,High School,11,0.35,0.62,Hybrid,123331,Low,28,35,Enterprise,Moderate,3.2,Yes,3.93,Declining
AIJ-101278,Business Analyst,Government,USA,PhD,14,0.2,0.98,Yes,188206,High,21,59,Startup,High,2.94,No,3.67,Growing
AIJ-101279,Cloud Architect,Manufacturing,USA,Bachelor,22,0.43,0.46,Hybrid,122055,High,-10,39,Medium,Low,3.97,Yes,2.25,Stable
AIJ-101280,Digital Marketer,Education,UAE,Master,6,0.29,0.74,Yes,206248,High,36,58,Startup,Low,2.43,No,3.3,Stable
AIJ-101281,DevOps Engineer,Energy,UK,Master,3,0.46,0.41,Hybrid,174535,Low,23,41,Medium,Low,3.59,No,2.39,Stable
AIJ-101282,Cybersecurity Analyst,Government,Germany,Master,3,0.77,0.85,Yes,194052,Medium,32,58,Medium,Moderate,4.49,No,4.02,Declining
AIJ-101283,Digital Marketer,Transportation,India,PhD,3,0.81,0.53,Yes,82375,Low,32,40,Medium,Moderate,4.89,Yes,4.04,Stable
AIJ-101284,Blockchain Developer,Energy,UK,High School,18,0.51,0.62,Hybrid,163998,Low,17,48,Startup,Low,3.81,No,1.96,Declining
AIJ-101285,Teacher,Government,Singapore,Bachelor,4,0.35,0.76,Hybrid,219032,High,36,43,Medium,Low,4.03,Yes,4.79,Declining
AIJ-101286,Robotics Engineer,Finance,USA,Bachelor,11,0.36,0.94,Hybrid,202378,Low,15,39,Medium,Low,4.58,Yes,3.21,Growing
AIJ-101287,Prompt Engineer,Transportation,UK,High School,3,0.47,0.81,Hybrid,145753,Medium,8,48,Startup,High,2.86,No,1.78,Declining
AIJ-101288,AI Engineer,Finance,Japan,PhD,15,0.6,0.38,Yes,52165,High,31,33,Medium,Low,3.22,Yes,4.79,Stable
AIJ-101289,Cloud Architect,Energy,UK,High School,23,0.46,0.88,Yes,163492,High,22,45,Startup,High,2.47,Yes,3.37,Declining
AIJ-101290,Financial Analyst,Finance,Japan,PhD,15,0.44,0.58,Yes,37052,Medium,31,39,Medium,High,4.22,Yes,2.49,Declining
AIJ-101291,Data Scientist,Finance,Australia,Bachelor,17,0.1,0.84,No,76551,High,29,31,Startup,High,4.82,No,4.52,Declining
AIJ-101292,UX Designer,Technology,Japan,Bachelor,8,0.09,0.71,No,42458,High,34,44,Enterprise,Moderate,2.89,Yes,3.15,Growing
AIJ-101293,Software Developer,Transportation,UK,High School,1,0.12,0.39,No,174037,Low,5,37,Medium,Moderate,2.18,No,1.64,Declining
AIJ-101294,Business Analyst,Healthcare,Australia,High School,23,0.77,0.34,Hybrid,174224,Medium,4,43,Startup,Low,3.61,Yes,3.59,Growing
AIJ-101295,DevOps Engineer,Transportation,UK,High School,1,0.58,0.44,Yes,157426,Medium,-2,32,Medium,High,4.15,Yes,4.87,Declining
AIJ-101296,Data Engineer,Government,Pakistan,High School,5,0.83,0.22,Yes,201497,Medium,-10,46,Medium,Low,4.29,Yes,3.49,Growing
AIJ-101297,Healthcare Analyst,Energy,Canada,Bachelor,14,0.48,0.69,No,120208,Medium,-5,37,Medium,Moderate,4.2,Yes,3.75,Growing
AIJ-101298,Blockchain Developer,Media,Germany,High School,11,0.15,0.79,No,130055,Medium,3,44,Startup,Low,3.63,No,3.99,Declining
AIJ-101299,Prompt Engineer,Energy,UK,PhD,13,0.39,0.25,Yes,107888,High,3,30,Medium,High,2.33,No,2.66,Declining
AIJ-101300,Data Engineer,Energy,Germany,PhD,8,0.51,0.29,No,134014,Low,43,38,Medium,Moderate,3.13,No,3.37,Stable
AIJ-101301,IoT Specialist,Government,Germany,PhD,23,0.05,0.42,Yes,87642,High,43,32,Medium,High,4.93,Yes,4.12,Growing
AIJ-101302,Cybersecurity Analyst,Technology,India,High School,12,0.39,0.67,Hybrid,103442,High,-1,48,Startup,Low,3.63,Yes,1.51,Declining
AIJ-101303,Prompt Engineer,Technology,UAE,Master,21,0.53,0.55,No,182931,High,29,53,Enterprise,High,3.97,No,4.58,Growing
AIJ-101304,Data Engineer,Energy,Pakistan,PhD,11,0.15,0.3,Hybrid,103179,High,-4,47,Enterprise,High,3.99,Yes,2.73,Stable
AIJ-101305,Machine Learning Engineer,Government,UAE,Master,11,0.94,0.36,No,54672,Low,37,57,Medium,Low,3.26,No,3.44,Declining
AIJ-101306,HR Specialist,Government,USA,PhD,16,0.52,0.74,Yes,184659,High,-7,33,Startup,High,4.47,No,1.31,Stable
AIJ-101307,Cloud Architect,Education,Canada,PhD,19,0.77,0.75,Hybrid,140517,Medium,7,48,Startup,Low,2.93,Yes,1.97,Growing
AIJ-101308,DevOps Engineer,Education,Japan,High School,4,0.75,0.6,No,119586,Medium,36,36,Enterprise,High,2.46,No,4.11,Stable
AIJ-101309,Healthcare Analyst,Media,Canada,Master,15,0.8,0.75,No,78301,Low,-4,56,Enterprise,Low,4.12,No,4.24,Declining
AIJ-101310,Digital Marketer,Healthcare,Pakistan,PhD,6,0.7,0.64,Yes,113450,High,5,30,Medium,High,3.2,No,4.1,Growing
AIJ-101311,Software Developer,Retail,USA,Bachelor,22,0.84,0.66,Yes,151848,Medium,20,50,Startup,Moderate,3.95,Yes,2.67,Growing
AIJ-101312,Blockchain Developer,Technology,UAE,Bachelor,3,0.92,0.57,No,142405,High,4,52,Medium,Low,4.12,Yes,2.22,Growing
AIJ-101313,Digital Marketer,Technology,Australia,Bachelor,5,0.61,0.89,Hybrid,219227,Low,17,40,Medium,Low,2.28,Yes,3.6,Stable
AIJ-101314,Data Scientist,Finance,India,Bachelor,25,0.84,0.41,No,205479,Low,34,49,Medium,Moderate,3.23,Yes,1.47,Growing
AIJ-101315,IoT Specialist,Manufacturing,Germany,High School,6,0.77,0.43,No,110983,Low,10,39,Enterprise,Low,2.9,No,4.96,Growing
AIJ-101316,Data Scientist,Education,Pakistan,PhD,10,0.82,0.73,Hybrid,48507,Medium,1,53,Enterprise,High,4.97,Yes,3.54,Declining
AIJ-101317,Teacher,Finance,UK,Master,7,0.57,0.94,Yes,140998,High,14,32,Enterprise,Moderate,2.28,Yes,3.5,Growing
AIJ-101318,Robotics Engineer,Technology,Australia,PhD,21,0.3,0.7,Yes,69006,High,37,36,Medium,Moderate,2.57,No,3.7,Growing
AIJ-101319,Prompt Engineer,Energy,Japan,Master,23,0.38,0.94,Yes,168100,High,17,54,Medium,Moderate,2.53,Yes,3.91,Declining
AIJ-101320,HR Specialist,Manufacturing,UK,Master,19,0.23,0.85,No,35690,Medium,43,50,Startup,Low,3.71,No,2.13,Declining
AIJ-101321,Product Manager,Education,USA,High School,24,0.28,0.3,Hybrid,174034,High,11,38,Startup,High,3.53,No,1.85,Stable
AIJ-101322,Blockchain Developer,Technology,Australia,High School,14,0.58,0.68,Hybrid,97689,High,-9,57,Medium,High,2.15,No,3.48,Declining
AIJ-101323,Cloud Architect,Manufacturing,Australia,PhD,11,0.77,0.95,No,147448,Medium,36,40,Startup,High,3.02,No,4.77,Growing
AIJ-101324,Machine Learning Engineer,Education,India,Bachelor,11,0.28,0.9,Hybrid,209068,High,17,48,Enterprise,Moderate,2.06,No,2.3,Declining
AIJ-101325,UX Designer,Finance,Singapore,PhD,2,0.33,0.31,No,216628,High,24,48,Startup,Moderate,4.4,Yes,2.2,Declining
AIJ-101326,DevOps Engineer,Finance,Australia,Master,16,0.34,0.76,Yes,158582,High,16,54,Startup,High,3.94,Yes,4.03,Stable
AIJ-101327,Cybersecurity Analyst,Technology,Canada,Bachelor,14,0.51,0.37,Hybrid,218767,High,14,49,Medium,Low,4.9,Yes,1.01,Stable
AIJ-101328,Prompt Engineer,Manufacturing,Australia,Bachelor,1,0.39,0.58,Yes,86684,High,17,36,Medium,Moderate,4.04,Yes,3.52,Stable
AIJ-101329,Digital Marketer,Manufacturing,UAE,PhD,2,0.11,0.96,No,81426,High,43,53,Startup,Moderate,4.65,Yes,4.54,Stable
AIJ-101330,Prompt Engineer,Education,Australia,PhD,17,0.21,0.53,No,65626,High,-8,46,Enterprise,High,4.74,No,4.25,Stable
AIJ-101331,HR Specialist,Manufacturing,Germany,PhD,23,0.81,0.76,No,66264,Medium,42,57,Startup,Low,3.43,No,2.68,Stable
AIJ-101332,Robotics Engineer,Government,UAE,Master,6,0.48,0.57,No,51107,Low,-6,40,Medium,Low,3.96,Yes,1.24,Growing
AIJ-101333,Prompt Engineer,Manufacturing,Singapore,Bachelor,7,0.71,0.83,Hybrid,127675,Medium,36,38,Medium,Low,3.58,No,3.62,Stable
AIJ-101334,DevOps Engineer,Technology,USA,High School,8,0.83,0.3,No,137903,Low,44,48,Enterprise,Low,2.21,Yes,4.26,Growing
AIJ-101335,Prompt Engineer,Manufacturing,Canada,High School,17,0.74,0.6,Yes,185076,High,10,46,Startup,High,4.88,No,2.61,Declining
AIJ-101336,Product Manager,Transportation,USA,Master,23,0.51,0.8,No,137049,High,27,43,Medium,High,3.95,No,3.19,Declining
AIJ-101337,Financial Analyst,Technology,Singapore,High School,8,0.41,0.97,Hybrid,183660,Low,34,37,Enterprise,Low,2.01,Yes,3.3,Declining
AIJ-101338,Machine Learning Engineer,Finance,Canada,Master,1,0.66,0.69,No,140711,Low,3,58,Startup,High,3.17,Yes,2.23,Stable
AIJ-101339,Blockchain Developer,Retail,India,Bachelor,0,0.72,0.47,Yes,98458,Medium,28,38,Medium,Low,2.05,Yes,4.67,Declining
AIJ-101340,Robotics Engineer,Transportation,UAE,Master,3,0.68,0.88,Yes,138427,Low,3,59,Medium,Low,3.52,Yes,1.03,Stable
AIJ-101341,Teacher,Media,Singapore,Master,20,0.53,0.26,Yes,85060,High,-3,45,Enterprise,High,2.98,Yes,4.24,Growing
AIJ-101342,Prompt Engineer,Transportation,Pakistan,Bachelor,6,0.78,0.86,Hybrid,58993,Low,44,33,Enterprise,Low,2.93,Yes,3.19,Growing
AIJ-101343,UX Designer,Finance,Japan,Bachelor,9,0.79,0.88,Yes,79565,Low,34,49,Medium,High,3.39,Yes,4.91,Declining
AIJ-101344,Cybersecurity Analyst,Healthcare,India,PhD,2,0.19,0.91,Yes,107382,Low,-5,40,Enterprise,Moderate,3.09,Yes,4.81,Stable
AIJ-101345,Data Engineer,Healthcare,Canada,High School,19,0.33,0.21,Hybrid,145592,Medium,13,49,Enterprise,Moderate,3.99,No,2.28,Stable
AIJ-101346,Teacher,Government,Canada,Bachelor,13,0.75,0.79,Hybrid,78172,High,7,40,Startup,Low,3.25,Yes,4.74,Growing
AIJ-101347,Prompt Engineer,Government,Canada,High School,1,0.88,0.79,Hybrid,197959,High,23,50,Startup,Low,3.99,Yes,4.2,Declining
AIJ-101348,Financial Analyst,Energy,UK,PhD,19,0.19,0.27,Hybrid,160867,Medium,-1,30,Enterprise,Low,3.89,No,3.29,Growing
AIJ-101349,Financial Analyst,Transportation,UK,Bachelor,17,0.56,0.31,Hybrid,196237,Medium,-7,52,Startup,Low,2.44,Yes,4.84,Growing
AIJ-101350,Software Developer,Government,Pakistan,High School,9,0.77,0.64,No,62006,Low,35,55,Startup,Moderate,4.03,Yes,3.83,Declining
AIJ-101351,UX Designer,Technology,Australia,Master,9,0.21,0.94,No,77691,Medium,18,60,Medium,High,4.94,No,1.17,Growing
AIJ-101352,Business Analyst,Technology,Canada,PhD,10,0.44,0.96,Hybrid,98048,Medium,17,55,Startup,Low,3.54,No,3.12,Growing
AIJ-101353,AI Engineer,Energy,UK,Bachelor,18,0.8,0.26,Yes,132066,Low,-4,55,Enterprise,Low,3.67,Yes,4.69,Stable
AIJ-101354,UX Designer,Media,Japan,Master,23,0.07,0.46,Yes,219013,High,0,60,Enterprise,High,2.87,Yes,3.36,Declining
AIJ-101355,Financial Analyst,Healthcare,Australia,PhD,6,0.45,0.64,Hybrid,184278,Low,42,48,Medium,High,2.66,No,2.97,Growing
AIJ-101356,Prompt Engineer,Finance,Japan,Bachelor,11,0.53,0.81,Hybrid,116960,High,24,51,Startup,Low,3.58,Yes,3.87,Declining
AIJ-101357,Product Manager,Media,Pakistan,PhD,17,0.27,0.37,Hybrid,144501,Medium,33,60,Medium,Moderate,4.72,No,3.01,Growing
AIJ-101358,IoT Specialist,Manufacturing,UK,High School,7,0.3,0.46,No,180691,High,2,32,Medium,Moderate,4.69,No,3.4,Declining
AIJ-101359,Prompt Engineer,Finance,Australia,PhD,10,0.69,0.43,Yes,168035,High,31,33,Enterprise,High,3.48,No,2.34,Stable
AIJ-101360,Teacher,Energy,UAE,PhD,7,0.63,0.45,Hybrid,59253,Low,41,31,Enterprise,Low,3.05,Yes,1.24,Declining
AIJ-101361,Machine Learning Engineer,Retail,UK,Bachelor,16,0.57,0.72,No,70693,High,40,53,Startup,Moderate,4.32,Yes,2.92,Stable
AIJ-101362,Product Manager,Technology,India,High School,25,0.64,0.24,Yes,51708,Low,9,47,Startup,Low,4.52,No,4.48,Stable
AIJ-101363,Healthcare Analyst,Retail,India,PhD,0,0.94,0.58,No,120680,Low,27,34,Medium,Low,3.85,No,2.94,Stable
AIJ-101364,Robotics Engineer,Government,Japan,High School,3,0.72,0.51,Hybrid,212652,High,-1,52,Enterprise,Moderate,3.23,Yes,4.21,Stable
AIJ-101365,Business Analyst,Media,Germany,High School,21,0.92,0.77,No,200133,Medium,11,57,Medium,High,2.42,Yes,2.55,Stable
AIJ-101366,Data Scientist,Transportation,Singapore,High School,15,0.51,0.43,No,133658,Low,32,55,Enterprise,High,3.71,Yes,3.43,Declining
AIJ-101367,Robotics Engineer,Government,UK,Master,6,0.66,0.42,Hybrid,55159,Low,17,59,Medium,High,3.62,Yes,3.07,Growing
AIJ-101368,AI Engineer,Transportation,USA,Master,10,0.37,0.82,No,182659,High,29,38,Enterprise,High,2.63,No,1.89,Stable
AIJ-101369,HR Specialist,Retail,Japan,High School,15,0.56,0.95,No,30700,High,5,39,Startup,Moderate,2.63,No,2.87,Declining
AIJ-101370,Robotics Engineer,Government,India,Bachelor,21,0.63,0.57,Yes,89956,High,6,52,Enterprise,Moderate,2.4,No,4.77,Stable
AIJ-101371,IoT Specialist,Retail,Canada,PhD,17,0.29,0.96,No,196167,High,13,44,Startup,High,4,Yes,1.95,Declining
AIJ-101372,IoT Specialist,Government,India,PhD,11,0.66,0.66,Hybrid,120180,Low,31,43,Medium,Low,2.47,No,3.51,Declining
AIJ-101373,Robotics Engineer,Transportation,USA,Master,0,0.72,0.72,No,197269,Low,6,42,Enterprise,Moderate,3.9,Yes,2.02,Stable
AIJ-101374,Product Manager,Education,UAE,Master,11,0.34,0.47,Hybrid,40941,Medium,-8,33,Medium,Low,2.57,No,1.4,Declining
AIJ-101375,HR Specialist,Retail,Japan,High School,15,0.72,0.94,Hybrid,150589,Medium,34,49,Startup,High,2.94,Yes,2.59,Growing
AIJ-101376,DevOps Engineer,Transportation,Australia,Bachelor,11,0.54,0.83,Yes,183453,Medium,21,37,Medium,High,4.39,No,1.18,Declining
AIJ-101377,Cloud Architect,Education,Japan,High School,2,0.92,0.38,No,120546,Low,-7,49,Medium,Moderate,2.49,No,4.9,Declining
AIJ-101378,UX Designer,Media,USA,Bachelor,22,0.7,0.53,Hybrid,46398,Low,32,31,Medium,High,4.16,No,4.1,Stable
AIJ-101379,Machine Learning Engineer,Energy,Germany,PhD,25,0.51,0.97,Hybrid,119838,Medium,35,54,Startup,Low,4.66,No,2.72,Growing
AIJ-101380,Cybersecurity Analyst,Retail,UK,Master,5,0.91,0.83,No,73580,Low,-4,48,Medium,High,3.64,Yes,4.37,Growing
AIJ-101381,Business Analyst,Finance,Pakistan,Master,8,0.62,0.5,No,127596,Low,-3,46,Startup,High,3.6,No,1.34,Stable
AIJ-101382,Data Engineer,Healthcare,Japan,Bachelor,14,0.1,0.64,Hybrid,199887,Medium,22,39,Startup,High,4.34,No,4.45,Declining
AIJ-101383,Digital Marketer,Manufacturing,India,High School,3,0.28,0.61,Yes,81990,Low,18,35,Enterprise,Low,4.73,Yes,1.78,Growing
AIJ-101384,IoT Specialist,Energy,Canada,Bachelor,24,0.71,0.21,No,140569,Medium,-1,53,Enterprise,Moderate,2.01,No,3.62,Growing
AIJ-101385,Product Manager,Media,Australia,High School,21,0.5,0.23,No,173025,Low,22,42,Enterprise,Low,2.13,Yes,2.55,Stable
AIJ-101386,AI Engineer,Manufacturing,Germany,High School,12,0.15,0.68,No,135192,High,-8,60,Enterprise,High,4.13,No,3.58,Declining
AIJ-101387,Cybersecurity Analyst,Manufacturing,Singapore,High School,6,0.46,0.24,No,174785,High,-1,48,Medium,Moderate,4.86,No,2.11,Declining
AIJ-101388,Machine Learning Engineer,Energy,USA,Bachelor,5,0.71,0.82,Yes,119372,Medium,26,53,Startup,High,4.12,No,2.47,Stable
AIJ-101389,Product Manager,Retail,Germany,High School,0,0.75,0.49,No,90500,Medium,18,37,Medium,Low,3.44,No,4.67,Stable
AIJ-101390,Cybersecurity Analyst,Finance,Singapore,Bachelor,6,0.2,0.26,Yes,42343,High,11,41,Enterprise,High,3.75,No,3.27,Declining
AIJ-101391,Data Scientist,Education,USA,Master,13,0.89,0.26,Hybrid,157384,Medium,-7,58,Enterprise,Moderate,2.22,No,4.64,Growing
AIJ-101392,Data Engineer,Government,Pakistan,Bachelor,7,0.78,0.8,No,195464,Medium,25,38,Startup,High,3.36,No,2.83,Growing
AIJ-101393,HR Specialist,Transportation,Germany,High School,20,0.34,0.95,No,217277,Low,-8,37,Startup,Low,2.79,No,3.99,Growing
AIJ-101394,Data Engineer,Technology,Japan,Master,22,0.75,0.44,No,103637,High,41,36,Startup,High,2.28,No,2.55,Stable
AIJ-101395,HR Specialist,Retail,UAE,PhD,3,0.75,0.66,Yes,124340,Low,-7,45,Enterprise,Moderate,3.18,No,2.45,Growing
AIJ-101396,Prompt Engineer,Government,Germany,Master,16,0.56,0.56,No,73625,Medium,33,30,Startup,High,2.03,No,4.83,Stable
AIJ-101397,DevOps Engineer,Healthcare,Germany,Bachelor,13,0.58,0.67,Hybrid,200381,Medium,-8,49,Medium,Moderate,4.67,No,3.38,Stable
AIJ-101398,Machine Learning Engineer,Transportation,Canada,High School,1,0.39,0.59,No,184470,Low,12,33,Startup,High,3.79,Yes,1.75,Declining
AIJ-101399,AI Engineer,Finance,Germany,Bachelor,8,0.22,0.94,No,93401,Medium,-9,55,Medium,High,4.67,No,3.26,Stable
AIJ-101400,Prompt Engineer,Manufacturing,UK,Master,2,0.17,0.47,Yes,170951,High,11,37,Medium,High,4.5,Yes,4.14,Stable
AIJ-101401,Cloud Architect,Government,Singapore,High School,8,0.75,0.47,Yes,57953,Medium,12,60,Medium,Low,3.59,Yes,2.3,Stable
AIJ-101402,Data Engineer,Media,UAE,PhD,0,0.48,0.88,Hybrid,141221,Low,-8,37,Enterprise,High,4.85,Yes,1.49,Declining
AIJ-101403,Software Developer,Media,UAE,PhD,5,0.88,0.95,Hybrid,181175,Medium,2,56,Enterprise,Low,2.75,Yes,4.22,Growing
AIJ-101404,DevOps Engineer,Technology,Germany,Bachelor,24,0.57,0.44,Yes,60108,High,25,46,Startup,Moderate,2.01,No,1.31,Declining
AIJ-101405,Software Developer,Finance,USA,High School,23,0.67,0.32,No,35558,Medium,9,41,Medium,Low,3.2,No,3.48,Growing
AIJ-101406,Data Scientist,Healthcare,Pakistan,Bachelor,12,0.42,0.89,Hybrid,113764,High,26,44,Medium,Moderate,2.51,Yes,1.92,Growing
AIJ-101407,Data Scientist,Government,Pakistan,PhD,4,0.89,0.84,Yes,82864,High,25,36,Medium,High,4.12,Yes,2.7,Declining
AIJ-101408,Data Engineer,Manufacturing,Singapore,High School,19,0.41,0.26,Hybrid,203974,Medium,-10,33,Medium,Low,4.17,No,2.99,Stable
AIJ-101409,Software Developer,Media,Pakistan,Bachelor,7,0.56,0.24,Yes,177416,High,-1,48,Medium,Low,4.49,Yes,4.02,Growing
AIJ-101410,Healthcare Analyst,Healthcare,Canada,PhD,6,0.92,0.7,Hybrid,127505,High,18,32,Medium,High,2.49,Yes,4.62,Stable
AIJ-101411,Digital Marketer,Government,Australia,Bachelor,12,0.87,0.44,Yes,152616,Medium,28,32,Enterprise,High,2.71,Yes,1.71,Growing
AIJ-101412,Robotics Engineer,Education,India,Bachelor,20,0.48,0.9,No,97602,Medium,29,58,Medium,High,3.49,No,2.45,Declining
AIJ-101413,Teacher,Government,USA,Bachelor,8,0.83,0.71,Hybrid,71075,High,-9,50,Medium,Low,2.88,No,4.84,Growing
AIJ-101414,IoT Specialist,Education,UAE,PhD,4,0.59,0.53,No,122887,Low,15,42,Enterprise,High,4.5,Yes,2.46,Growing
AIJ-101415,UX Designer,Technology,Canada,Master,4,0.59,0.24,No,52158,Low,-4,60,Enterprise,Low,4.26,Yes,4.28,Stable
AIJ-101416,Data Scientist,Healthcare,Singapore,Master,4,0.43,0.97,Hybrid,33341,Low,3,40,Enterprise,High,4.96,No,2.79,Stable
AIJ-101417,IoT Specialist,Transportation,Canada,Master,7,0.43,0.53,Hybrid,211807,Low,40,35,Startup,Moderate,4.31,Yes,3.97,Stable
AIJ-101418,Data Scientist,Government,USA,High School,13,0.7,0.31,No,177526,Medium,16,32,Enterprise,Moderate,2.9,No,3.01,Declining
AIJ-101419,Teacher,Transportation,Japan,Bachelor,23,0.21,0.4,Hybrid,135002,High,-7,53,Medium,Moderate,4.85,No,4.78,Declining
AIJ-101420,HR Specialist,Finance,Pakistan,Bachelor,16,0.07,0.45,No,85577,High,34,37,Medium,Moderate,2.59,Yes,4.57,Declining
AIJ-101421,Business Analyst,Technology,UK,Bachelor,13,0.36,0.7,No,208051,Low,44,35,Startup,Moderate,4.27,No,1.09,Growing
AIJ-101422,Prompt Engineer,Technology,UK,Bachelor,4,0.26,0.24,No,49037,Low,42,30,Medium,High,2.27,No,2.3,Stable
AIJ-101423,Robotics Engineer,Manufacturing,Australia,Master,2,0.19,0.91,Yes,210113,High,29,35,Medium,Moderate,4.57,Yes,2.28,Growing
AIJ-101424,Data Scientist,Manufacturing,Germany,Master,19,0.58,0.87,No,120507,Low,29,52,Medium,Low,3,No,4.43,Stable
AIJ-101425,Software Developer,Retail,Australia,Bachelor,0,0.26,0.96,No,195623,Low,37,43,Startup,Low,4.01,No,4.57,Growing
AIJ-101426,Healthcare Analyst,Technology,India,Bachelor,1,0.05,0.54,No,49177,High,25,51,Medium,High,4.43,No,3.38,Stable
AIJ-101427,AI Engineer,Government,USA,High School,1,0.67,0.53,Yes,162431,Medium,38,54,Medium,High,2.29,Yes,3.93,Growing
AIJ-101428,Cloud Architect,Energy,Germany,High School,13,0.58,0.23,Hybrid,132429,Medium,35,47,Enterprise,Moderate,2.27,No,4.73,Growing
AIJ-101429,Data Engineer,Finance,Australia,PhD,5,0.35,0.52,Hybrid,175962,Low,-10,45,Startup,High,3.46,Yes,3.9,Growing
AIJ-101430,DevOps Engineer,Retail,USA,PhD,16,0.62,0.56,Yes,122197,High,36,52,Startup,High,2.67,No,3.41,Growing
AIJ-101431,UX Designer,Energy,UAE,Master,18,0.54,0.53,Yes,50822,Medium,14,46,Enterprise,High,3.25,No,1.27,Growing
AIJ-101432,Teacher,Manufacturing,Australia,Bachelor,9,0.37,0.24,Yes,205331,Low,22,31,Enterprise,High,3.32,Yes,1.07,Declining
AIJ-101433,IoT Specialist,Transportation,UAE,Bachelor,0,0.35,0.82,Hybrid,92973,Low,-4,42,Medium,High,3.67,Yes,3.37,Declining
AIJ-101434,UX Designer,Technology,UK,Master,9,0.19,0.87,No,67637,Medium,-9,51,Startup,Moderate,2.89,Yes,3.03,Growing
AIJ-101435,Product Manager,Transportation,UK,Master,12,0.41,0.56,Yes,166427,Medium,3,30,Startup,Moderate,2.75,Yes,4.09,Declining
AIJ-101436,Teacher,Education,USA,PhD,22,0.25,0.32,Hybrid,110534,Medium,-4,44,Enterprise,High,4.89,No,2.26,Stable
AIJ-101437,Machine Learning Engineer,Finance,Pakistan,Bachelor,14,0.14,0.68,No,128983,High,15,31,Startup,Low,2.38,Yes,1.52,Stable
AIJ-101438,Machine Learning Engineer,Manufacturing,Canada,Master,16,0.46,0.87,Hybrid,56760,High,-8,56,Medium,Low,4.77,Yes,4.09,Growing
AIJ-101439,Cloud Architect,Finance,Germany,Bachelor,15,0.41,0.23,Hybrid,172151,High,8,54,Medium,Moderate,3.9,Yes,3.33,Stable
AIJ-101440,Robotics Engineer,Retail,India,Bachelor,0,0.48,0.68,Yes,174613,Low,41,38,Enterprise,High,2.45,No,1.77,Declining
AIJ-101441,Cloud Architect,Media,USA,Bachelor,12,0.32,0.23,Hybrid,49313,Medium,30,48,Startup,Moderate,4.36,Yes,3.68,Stable
AIJ-101442,Product Manager,Government,Canada,High School,18,0.29,0.94,Hybrid,54252,Low,36,40,Medium,High,4.03,Yes,4.55,Growing
AIJ-101443,Cybersecurity Analyst,Media,Canada,High School,17,0.29,0.42,Hybrid,81905,Low,9,30,Medium,Low,4.09,Yes,1.63,Growing
AIJ-101444,DevOps Engineer,Technology,Japan,Master,25,0.33,0.23,Yes,124675,Medium,19,33,Medium,High,4.45,No,3.11,Declining
AIJ-101445,UX Designer,Manufacturing,UAE,Bachelor,24,0.78,0.48,Yes,132164,Medium,10,51,Medium,High,2.81,Yes,2.82,Stable
AIJ-101446,Teacher,Media,UAE,High School,19,0.29,0.69,Yes,182207,Low,28,33,Enterprise,Low,3.18,No,1.36,Growing
AIJ-101447,Financial Analyst,Education,Canada,High School,11,0.25,0.54,No,148206,Medium,5,32,Enterprise,Low,2.24,No,3.58,Stable
AIJ-101448,UX Designer,Transportation,India,PhD,14,0.4,0.43,Hybrid,46104,Medium,25,42,Enterprise,High,3.75,No,3.04,Growing
AIJ-101449,Blockchain Developer,Transportation,USA,High School,14,0.41,0.28,No,44039,Low,31,45,Medium,High,4.72,Yes,4.24,Declining
AIJ-101450,AI Engineer,Technology,India,High School,5,0.15,0.76,Yes,140919,Medium,8,39,Startup,Moderate,3,No,2.79,Declining
AIJ-101451,Healthcare Analyst,Manufacturing,UK,Bachelor,18,0.56,0.52,Yes,213849,Medium,39,51,Startup,Low,4.18,No,1.98,Declining
AIJ-101452,Prompt Engineer,Healthcare,Japan,PhD,20,0.61,0.97,No,86214,Low,-4,44,Startup,High,4.61,No,3.78,Declining
AIJ-101453,Product Manager,Energy,Pakistan,Bachelor,19,0.76,0.84,Yes,121487,Medium,32,55,Medium,High,3.36,Yes,2.04,Declining
AIJ-101454,Blockchain Developer,Technology,Australia,High School,11,0.74,0.92,No,132371,High,31,33,Medium,Low,4.47,No,3.43,Declining
AIJ-101455,Data Engineer,Government,Germany,Master,24,0.07,0.75,No,183995,Medium,9,42,Startup,High,3.61,No,1.06,Stable
AIJ-101456,Software Developer,Transportation,Canada,PhD,12,0.26,0.77,Hybrid,95676,High,-1,41,Medium,Low,3.81,Yes,2.32,Growing
AIJ-101457,AI Engineer,Healthcare,Pakistan,PhD,2,0.65,0.82,No,59120,Low,44,48,Medium,Low,3.69,No,4.87,Growing
AIJ-101458,Product Manager,Finance,Germany,Master,21,0.05,0.73,No,175762,High,29,31,Enterprise,High,4.85,No,2.91,Declining
AIJ-101459,Blockchain Developer,Education,Australia,Master,10,0.29,0.3,Hybrid,207279,Medium,-6,49,Startup,Low,4.96,Yes,4.52,Declining
AIJ-101460,Digital Marketer,Technology,UK,Bachelor,13,0.48,0.25,No,195070,Low,34,50,Medium,High,2.72,Yes,2.27,Growing
AIJ-101461,Digital Marketer,Government,Canada,Bachelor,21,0.3,0.86,Yes,68624,Medium,-2,55,Enterprise,Low,4.66,No,4.22,Declining
AIJ-101462,Healthcare Analyst,Finance,UK,Master,5,0.28,0.87,Hybrid,178811,Medium,38,38,Medium,Moderate,4.05,No,4.04,Declining
AIJ-101463,AI Engineer,Energy,India,High School,19,0.33,0.97,Hybrid,87877,High,-9,40,Enterprise,Moderate,3.44,No,2.27,Stable
AIJ-101464,Machine Learning Engineer,Manufacturing,Japan,High School,22,0.53,0.93,Yes,43665,Low,35,53,Medium,Moderate,4.86,No,1.67,Stable
AIJ-101465,Cybersecurity Analyst,Media,USA,Bachelor,19,0.18,0.46,No,107845,Medium,32,49,Enterprise,High,4.85,No,4.08,Growing
AIJ-101466,Software Developer,Retail,UAE,Master,21,0.74,0.25,Yes,198689,Low,-6,45,Enterprise,Low,4.96,No,1.05,Growing
AIJ-101467,Robotics Engineer,Finance,Germany,Bachelor,0,0.14,0.33,Yes,175650,High,-8,41,Medium,Low,2.1,Yes,3.31,Declining
AIJ-101468,IoT Specialist,Media,Singapore,Bachelor,2,0.83,0.83,Yes,40306,High,18,37,Enterprise,Moderate,4.94,No,3.18,Declining
AIJ-101469,Data Engineer,Retail,UK,PhD,8,0.11,0.55,Hybrid,35899,Low,17,51,Enterprise,Low,3.47,No,4.05,Declining
AIJ-101470,Data Scientist,Technology,Pakistan,High School,1,0.34,0.46,Hybrid,209419,Low,29,39,Enterprise,High,4.31,Yes,1.52,Declining
AIJ-101471,Digital Marketer,Manufacturing,USA,Bachelor,23,0.06,0.56,Hybrid,63817,High,4,30,Enterprise,Low,4.01,Yes,4.51,Growing
AIJ-101472,Software Developer,Media,USA,High School,13,0.57,0.97,Hybrid,180241,Medium,4,33,Medium,Moderate,3.84,No,3.91,Stable
AIJ-101473,Cybersecurity Analyst,Technology,Australia,High School,13,0.28,0.42,No,96249,Medium,27,44,Startup,Low,4.06,No,2.16,Growing
AIJ-101474,Software Developer,Government,Australia,Bachelor,16,0.64,0.59,Yes,108465,High,-2,39,Startup,Low,3.08,No,4.27,Growing
AIJ-101475,Digital Marketer,Finance,UK,High School,10,0.69,0.49,Hybrid,213010,High,2,44,Enterprise,Moderate,3.91,Yes,2.4,Stable
AIJ-101476,Business Analyst,Government,Pakistan,High School,24,0.21,0.47,Yes,207304,Low,-3,59,Medium,Low,4.45,No,3.03,Stable
AIJ-101477,UX Designer,Media,Japan,High School,7,0.09,0.27,Yes,146691,Medium,12,55,Enterprise,High,2.02,No,1.47,Growing
AIJ-101478,Robotics Engineer,Manufacturing,Japan,Bachelor,1,0.38,0.75,No,211439,High,40,41,Enterprise,Moderate,3.33,No,2.98,Growing
AIJ-101479,Data Scientist,Retail,Pakistan,PhD,13,0.94,0.83,Yes,88589,Medium,45,38,Medium,High,2.31,No,1,Growing
AIJ-101480,Machine Learning Engineer,Healthcare,Germany,Bachelor,12,0.15,0.48,Hybrid,74010,High,28,54,Medium,Low,2.02,Yes,2.09,Stable
AIJ-101481,UX Designer,Energy,Canada,High School,23,0.06,0.98,Yes,159982,High,43,48,Enterprise,High,3.44,Yes,2.87,Growing
AIJ-101482,Financial Analyst,Finance,Singapore,Master,23,0.66,0.79,Hybrid,166065,High,45,49,Enterprise,Moderate,3.54,Yes,3.18,Stable
AIJ-101483,Data Scientist,Transportation,Germany,PhD,18,0.69,0.91,No,32242,High,27,49,Enterprise,High,4.47,No,2.25,Growing
AIJ-101484,DevOps Engineer,Finance,Australia,Master,9,0.46,0.66,Hybrid,74657,Low,9,54,Medium,Moderate,4.98,Yes,3.76,Declining
AIJ-101485,HR Specialist,Technology,UAE,PhD,11,0.51,0.95,Hybrid,196941,Medium,18,46,Startup,High,3.49,No,3.66,Growing
AIJ-101486,AI Engineer,Transportation,Germany,High School,14,0.95,0.37,Hybrid,110368,High,-4,55,Enterprise,Moderate,3.4,No,1.38,Growing
AIJ-101487,Machine Learning Engineer,Finance,Germany,Bachelor,22,0.51,0.37,Hybrid,183057,High,10,39,Startup,Low,4.71,No,3.33,Growing
AIJ-101488,Prompt Engineer,Manufacturing,Germany,Bachelor,14,0.25,0.8,Yes,66239,Medium,34,51,Enterprise,Moderate,4.43,No,3.49,Declining
AIJ-101489,DevOps Engineer,Government,Pakistan,High School,18,0.29,0.58,Yes,106551,High,12,40,Medium,Moderate,4.08,Yes,4.65,Declining
AIJ-101490,Robotics Engineer,Retail,Pakistan,Master,25,0.47,0.26,No,139601,Medium,-3,54,Startup,Low,3.65,Yes,4.71,Growing
AIJ-101491,Prompt Engineer,Healthcare,UK,Bachelor,4,0.81,0.46,Hybrid,144714,High,5,50,Enterprise,High,2.08,No,2.18,Stable
AIJ-101492,Healthcare Analyst,Technology,UK,PhD,6,0.34,0.94,Hybrid,182209,Medium,17,30,Medium,Moderate,3.46,No,4.69,Declining
AIJ-101493,AI Engineer,Retail,Australia,High School,0,0.94,0.66,Hybrid,187445,Low,34,53,Startup,Moderate,3.7,Yes,4.79,Stable
AIJ-101494,Data Scientist,Energy,Canada,PhD,24,0.11,0.55,Hybrid,118384,Low,17,50,Medium,Low,4.75,Yes,4.82,Growing
AIJ-101495,Robotics Engineer,Government,USA,PhD,13,0.24,0.87,Hybrid,96283,Medium,0,59,Startup,Moderate,2.55,Yes,3.2,Declining
AIJ-101496,Software Developer,Healthcare,USA,Master,7,0.88,0.82,Yes,189750,Medium,-5,35,Startup,Moderate,2.13,Yes,4.59,Declining
AIJ-101497,Healthcare Analyst,Retail,Japan,Master,15,0.72,0.34,Hybrid,44192,High,24,58,Medium,Low,4.67,Yes,1.25,Declining
AIJ-101498,Data Engineer,Technology,India,Master,13,0.93,0.33,Hybrid,181236,Medium,13,46,Enterprise,Moderate,2.41,No,2.96,Declining
AIJ-101499,Machine Learning Engineer,Manufacturing,UAE,Bachelor,14,0.61,0.92,Hybrid,119821,Medium,34,38,Medium,Moderate,3.64,No,1.06,Declining
AIJ-101500,Cybersecurity Analyst,Finance,Japan,PhD,4,0.75,0.24,Hybrid,143764,Medium,-1,42,Enterprise,Low,4.39,Yes,3.05,Declining
AIJ-101501,Cybersecurity Analyst,Media,Australia,High School,10,0.05,0.35,No,159156,High,35,42,Enterprise,High,2.03,Yes,1.3,Growing
AIJ-101502,Product Manager,Education,Canada,Bachelor,24,0.62,0.31,No,182733,Low,25,51,Medium,Low,4.95,No,1.33,Stable
AIJ-101503,Cloud Architect,Transportation,USA,PhD,15,0.55,0.61,Yes,30724,Medium,0,31,Medium,Moderate,3.95,Yes,2.89,Stable
AIJ-101504,Blockchain Developer,Government,Australia,PhD,22,0.43,0.63,Yes,127777,High,8,43,Startup,High,2.16,Yes,1.37,Growing
AIJ-101505,Data Scientist,Finance,USA,Master,1,0.78,0.59,Yes,124927,Medium,32,39,Enterprise,Moderate,2.49,Yes,3.81,Growing
AIJ-101506,Financial Analyst,Government,Japan,PhD,8,0.2,0.91,Hybrid,153382,Medium,33,52,Enterprise,High,4.58,No,3.56,Growing
AIJ-101507,Teacher,Retail,UK,High School,9,0.2,0.32,Yes,203829,Medium,8,33,Medium,High,2.63,No,1.16,Growing
AIJ-101508,DevOps Engineer,Energy,Japan,PhD,12,0.93,0.81,Hybrid,146428,Low,37,51,Medium,Low,4.51,No,2.37,Declining
AIJ-101509,UX Designer,Retail,Japan,High School,16,0.7,0.61,Yes,50667,Low,42,55,Medium,High,3.2,No,3.94,Growing
AIJ-101510,Business Analyst,Finance,India,Master,24,0.56,0.66,Yes,144486,Medium,-1,44,Enterprise,High,2.33,Yes,1.36,Declining
AIJ-101511,Healthcare Analyst,Government,Germany,Bachelor,2,0.86,0.68,Yes,205193,Medium,42,48,Medium,Low,3.5,Yes,1.21,Growing
AIJ-101512,UX Designer,Finance,Pakistan,PhD,21,0.85,0.32,Yes,139731,Low,11,57,Medium,Moderate,3.64,Yes,4.29,Growing
AIJ-101513,UX Designer,Government,Singapore,Master,14,0.77,0.57,No,209067,Medium,-10,39,Startup,High,2.74,No,4.83,Stable
AIJ-101514,Data Engineer,Technology,India,Master,25,0.12,0.34,Yes,118067,High,43,58,Startup,Moderate,3.34,No,3.48,Growing
AIJ-101515,Robotics Engineer,Healthcare,Germany,Master,0,0.3,0.61,Yes,148467,High,-2,53,Enterprise,High,4.95,No,4.98,Declining
AIJ-101516,Business Analyst,Retail,Australia,Bachelor,16,0.94,0.98,Hybrid,182417,Low,-3,34,Medium,High,2.86,No,2.91,Declining
AIJ-101517,Software Developer,Education,USA,PhD,0,0.42,0.83,Hybrid,65678,Medium,11,49,Medium,High,2.09,No,4.87,Declining
AIJ-101518,Machine Learning Engineer,Transportation,Canada,PhD,20,0.27,0.24,Hybrid,145341,Low,8,39,Medium,Moderate,3.26,Yes,4.2,Declining
AIJ-101519,Data Engineer,Technology,Australia,PhD,2,0.54,0.35,No,157997,High,9,41,Enterprise,High,2.99,No,2.51,Stable
AIJ-101520,Machine Learning Engineer,Manufacturing,UK,High School,5,0.62,0.64,Hybrid,166905,High,35,47,Medium,Moderate,3.75,No,4.34,Growing
AIJ-101521,Data Engineer,Retail,UAE,High School,10,0.5,0.32,Yes,211581,Low,5,32,Enterprise,Low,4.52,Yes,4.26,Growing
AIJ-101522,Product Manager,Energy,India,Bachelor,25,0.24,0.54,No,130043,High,20,47,Medium,Low,3.28,No,1.74,Declining
AIJ-101523,Digital Marketer,Retail,UAE,High School,23,0.94,0.58,Yes,177072,Medium,1,51,Enterprise,Low,4.47,No,3.55,Stable
AIJ-101524,Blockchain Developer,Transportation,USA,High School,8,0.21,0.95,No,63833,Low,11,46,Medium,High,3.75,Yes,1.24,Declining
AIJ-101525,Machine Learning Engineer,Retail,USA,Bachelor,10,0.45,0.92,No,111834,Medium,8,59,Medium,High,3.81,Yes,4.92,Stable
AIJ-101526,Financial Analyst,Government,Australia,Master,12,0.92,0.62,Hybrid,48127,Medium,4,46,Medium,Moderate,3.14,Yes,2.19,Stable
AIJ-101527,Machine Learning Engineer,Retail,Singapore,Master,11,0.69,0.69,Hybrid,48495,Medium,34,44,Startup,Low,3.98,No,4.56,Declining
AIJ-101528,Data Engineer,Government,Pakistan,Bachelor,1,0.08,0.53,Yes,196770,Low,35,31,Startup,Low,3.73,Yes,3.78,Declining
AIJ-101529,Healthcare Analyst,Media,Canada,High School,17,0.37,0.63,Hybrid,43983,Low,-3,41,Startup,Low,3.37,Yes,2.3,Stable
AIJ-101530,Healthcare Analyst,Energy,Pakistan,PhD,21,0.2,0.81,Hybrid,48580,Medium,19,52,Enterprise,High,4.69,No,4.84,Stable
AIJ-101531,Prompt Engineer,Finance,Japan,High School,14,0.34,0.71,Yes,210441,Medium,22,41,Medium,Low,3.68,No,4.77,Growing
AIJ-101532,Product Manager,Finance,Canada,PhD,20,0.9,0.91,No,168829,Low,45,32,Enterprise,High,4.13,Yes,2.2,Stable
AIJ-101533,Software Developer,Transportation,Australia,Master,14,0.23,0.82,Yes,204276,Low,22,53,Enterprise,Low,2.9,Yes,1.75,Growing
AIJ-101534,Data Scientist,Finance,Japan,Bachelor,24,0.71,0.42,No,104902,Low,8,50,Startup,High,2.75,Yes,4.19,Declining
AIJ-101535,AI Engineer,Technology,India,PhD,19,0.48,0.45,No,178945,Low,-2,55,Enterprise,Low,4.71,No,2.21,Declining
AIJ-101536,UX Designer,Media,Pakistan,PhD,2,0.23,0.44,Yes,91138,Low,28,54,Enterprise,High,3.3,Yes,4.57,Stable
AIJ-101537,Machine Learning Engineer,Government,Canada,Bachelor,16,0.15,0.29,Yes,36794,Low,-8,32,Medium,High,4.58,Yes,1.65,Growing
AIJ-101538,Financial Analyst,Finance,Germany,High School,18,0.57,0.74,Yes,109172,High,26,57,Enterprise,Low,3.54,Yes,3.68,Declining
AIJ-101539,Prompt Engineer,Transportation,USA,Master,22,0.26,0.54,Hybrid,194111,Low,20,32,Startup,High,2.65,Yes,3.47,Growing
AIJ-101540,Data Scientist,Education,India,Master,18,0.15,0.77,No,71651,Medium,-9,60,Medium,Low,2.77,No,4.08,Stable
AIJ-101541,Blockchain Developer,Finance,Germany,High School,12,0.73,0.32,Hybrid,215463,Low,-3,42,Startup,Low,3.99,Yes,1.37,Growing
AIJ-101542,Teacher,Energy,Germany,High School,13,0.91,0.8,No,180295,Medium,-9,30,Medium,High,3.82,No,4.66,Stable
AIJ-101543,Healthcare Analyst,Media,USA,High School,18,0.1,0.59,No,208569,Low,7,50,Startup,High,3.26,Yes,1.73,Stable
AIJ-101544,Data Engineer,Media,Singapore,Bachelor,19,0.53,0.59,Hybrid,104793,Low,5,44,Medium,High,4.2,No,1.75,Growing
AIJ-101545,Business Analyst,Government,Canada,PhD,25,0.72,0.48,Yes,59509,Low,9,46,Startup,Low,3.29,Yes,3.19,Stable
AIJ-101546,Digital Marketer,Energy,India,PhD,11,0.53,0.23,Hybrid,212152,Medium,16,43,Medium,High,3.29,No,4.77,Stable
AIJ-101547,Digital Marketer,Healthcare,UAE,Master,11,0.74,0.3,Yes,134942,High,18,45,Medium,Low,2.37,No,3.05,Declining
AIJ-101548,Data Engineer,Healthcare,India,Bachelor,22,0.77,0.49,No,76730,Low,-6,43,Enterprise,Moderate,2.35,No,2.55,Declining
AIJ-101549,Healthcare Analyst,Manufacturing,Pakistan,Master,12,0.6,0.52,No,35802,Medium,1,53,Medium,High,4.91,No,3.03,Stable
AIJ-101550,UX Designer,Manufacturing,India,Master,18,0.78,0.36,No,207381,High,16,55,Medium,Low,2.03,Yes,4.4,Declining
AIJ-101551,IoT Specialist,Retail,UK,High School,20,0.92,0.5,Hybrid,183890,Medium,37,57,Startup,Moderate,4.39,Yes,3.14,Growing
AIJ-101552,Data Scientist,Government,Japan,High School,13,0.93,0.66,Hybrid,97800,Medium,-8,47,Startup,Low,2.57,No,4.42,Declining
AIJ-101553,Blockchain Developer,Technology,USA,PhD,5,0.29,0.89,No,154219,High,11,52,Enterprise,High,3.01,Yes,2.22,Declining
AIJ-101554,IoT Specialist,Manufacturing,Australia,Bachelor,15,0.35,0.31,No,52162,Low,22,30,Startup,Low,3.24,Yes,3.59,Stable
AIJ-101555,HR Specialist,Finance,Germany,Master,21,0.65,0.42,Yes,113604,Medium,35,36,Enterprise,Low,4.47,No,2.11,Growing
AIJ-101556,Software Developer,Government,India,Master,14,0.47,0.96,No,57116,Low,37,53,Startup,Low,4.57,No,3.24,Declining
AIJ-101557,Business Analyst,Education,UAE,Bachelor,21,0.75,0.82,Hybrid,172035,Medium,35,41,Medium,High,3.48,Yes,3.64,Declining
AIJ-101558,Cloud Architect,Healthcare,Pakistan,Bachelor,23,0.62,0.95,Hybrid,153824,Low,43,46,Medium,Low,4.03,No,1.29,Growing
AIJ-101559,Prompt Engineer,Retail,India,PhD,22,0.94,0.29,Hybrid,108825,Low,-4,48,Enterprise,Low,2.18,No,2.45,Stable
AIJ-101560,Healthcare Analyst,Finance,Germany,PhD,23,0.78,0.73,Hybrid,173293,Medium,8,47,Enterprise,High,3.49,Yes,1.23,Growing
AIJ-101561,Cybersecurity Analyst,Media,USA,Bachelor,24,0.21,0.94,Yes,71110,Medium,20,48,Enterprise,Low,3.84,No,2.65,Declining
AIJ-101562,HR Specialist,Manufacturing,UAE,High School,13,0.7,0.36,No,86362,Medium,38,56,Enterprise,High,2.4,Yes,4.07,Declining
AIJ-101563,Blockchain Developer,Technology,Germany,PhD,16,0.8,0.79,Yes,35550,High,30,46,Enterprise,Moderate,4.76,No,4.01,Growing
AIJ-101564,HR Specialist,Media,Germany,Master,16,0.81,0.79,No,39207,High,-1,51,Enterprise,High,3.31,No,3.16,Stable
AIJ-101565,Healthcare Analyst,Energy,Pakistan,PhD,4,0.48,0.43,No,100522,Medium,15,41,Enterprise,Moderate,2.27,Yes,3.01,Stable
AIJ-101566,Healthcare Analyst,Finance,UK,High School,5,0.88,0.23,No,110565,Low,15,49,Startup,Low,2.65,No,3.65,Stable
AIJ-101567,Blockchain Developer,Retail,USA,PhD,7,0.06,0.92,No,38652,Low,17,46,Medium,Low,3.94,No,2.86,Growing
AIJ-101568,HR Specialist,Technology,USA,Master,6,0.23,0.8,No,180668,High,39,43,Enterprise,Low,2.58,No,2.74,Declining
AIJ-101569,Digital Marketer,Transportation,UK,Bachelor,15,0.19,0.95,Hybrid,166219,Low,1,40,Enterprise,Low,2.31,Yes,4.24,Growing
AIJ-101570,Blockchain Developer,Technology,India,Bachelor,6,0.28,0.91,Yes,83585,Low,33,33,Enterprise,High,3.61,Yes,3.13,Stable
AIJ-101571,Digital Marketer,Transportation,Canada,Master,24,0.61,0.21,Hybrid,151828,High,-3,45,Medium,High,3.98,Yes,4.57,Growing
AIJ-101572,IoT Specialist,Media,Germany,PhD,19,0.8,0.31,Hybrid,126377,Low,17,39,Startup,Moderate,2.62,Yes,3.52,Stable
AIJ-101573,Product Manager,Media,Germany,High School,7,0.23,0.77,Hybrid,64809,Medium,29,59,Enterprise,Moderate,4.74,Yes,3.71,Declining
AIJ-101574,DevOps Engineer,Manufacturing,Pakistan,High School,21,0.51,0.8,Hybrid,206735,High,-9,34,Medium,Low,3.19,No,4.51,Growing
AIJ-101575,HR Specialist,Government,Singapore,PhD,7,0.43,0.27,Yes,108077,High,27,41,Enterprise,High,2.27,Yes,1.92,Stable
AIJ-101576,HR Specialist,Energy,Germany,PhD,9,0.2,0.28,Yes,122397,High,33,43,Startup,High,3.81,No,4.67,Stable
AIJ-101577,DevOps Engineer,Manufacturing,Germany,High School,15,0.76,0.43,Yes,124973,High,21,36,Startup,Low,2.45,Yes,1.06,Declining
AIJ-101578,Blockchain Developer,Education,UK,Bachelor,23,0.93,0.48,Yes,132372,Medium,22,44,Medium,High,2.64,Yes,2.7,Stable
AIJ-101579,DevOps Engineer,Energy,USA,PhD,6,0.59,0.44,Hybrid,166156,Low,16,39,Medium,Moderate,4.32,Yes,3.66,Growing
AIJ-101580,Data Scientist,Government,Germany,PhD,3,0.77,0.82,No,191575,Medium,39,52,Enterprise,High,3.1,Yes,1.06,Stable
AIJ-101581,Digital Marketer,Media,UAE,High School,23,0.28,0.59,Hybrid,85943,Medium,-2,46,Enterprise,Low,3.98,No,2.75,Declining
AIJ-101582,Product Manager,Education,UAE,Master,7,0.13,0.62,No,171491,Medium,-8,49,Medium,High,2.96,Yes,3.01,Stable
AIJ-101583,HR Specialist,Energy,India,PhD,25,0.09,0.88,Hybrid,199063,High,0,38,Startup,Moderate,4.32,Yes,2.43,Growing
AIJ-101584,Product Manager,Transportation,Canada,High School,16,0.67,0.51,Hybrid,91639,Low,3,40,Medium,Moderate,3.87,No,2.71,Stable
AIJ-101585,HR Specialist,Healthcare,Canada,PhD,2,0.28,0.42,Yes,142803,Low,-3,55,Medium,Low,4.96,Yes,3.91,Growing
AIJ-101586,AI Engineer,Technology,India,High School,10,0.88,0.26,Hybrid,177594,High,4,36,Startup,Moderate,2.39,No,3.86,Growing
AIJ-101587,Machine Learning Engineer,Government,Pakistan,PhD,6,0.72,0.81,Hybrid,36792,Low,-4,58,Startup,Low,2.55,No,4.24,Stable
AIJ-101588,Cybersecurity Analyst,Government,India,High School,6,0.55,0.5,No,201461,High,40,53,Medium,Low,4.63,No,1.48,Declining
AIJ-101589,IoT Specialist,Technology,Singapore,High School,20,0.44,0.72,No,50133,High,-1,49,Startup,High,2.49,No,1.07,Growing
AIJ-101590,Cybersecurity Analyst,Education,India,Master,5,0.92,0.37,Yes,66830,Low,26,57,Medium,Low,4,Yes,2.91,Growing
AIJ-101591,Blockchain Developer,Retail,Singapore,High School,12,0.52,0.48,No,70501,Low,-6,52,Startup,Moderate,4.37,Yes,3.88,Growing
AIJ-101592,Machine Learning Engineer,Healthcare,Canada,PhD,1,0.44,0.59,Hybrid,54458,Low,24,32,Startup,High,4.19,Yes,4.5,Growing
AIJ-101593,IoT Specialist,Government,UK,High School,13,0.37,0.89,Yes,163160,Low,-3,55,Medium,High,3.02,No,3.22,Growing
AIJ-101594,AI Engineer,Retail,Pakistan,High School,11,0.56,0.52,Yes,173542,Low,-6,34,Startup,Low,4.38,Yes,3.08,Stable
AIJ-101595,Data Engineer,Healthcare,Japan,PhD,3,0.77,0.52,No,41141,Low,41,54,Enterprise,Low,2.82,No,2.05,Growing
AIJ-101596,AI Engineer,Energy,UK,PhD,8,0.78,0.78,No,161465,Medium,17,49,Enterprise,Low,4.05,No,3.29,Declining
AIJ-101597,Teacher,Manufacturing,UAE,PhD,13,0.65,0.72,Yes,106115,Medium,44,36,Enterprise,High,3.6,No,2.62,Stable
AIJ-101598,IoT Specialist,Finance,Singapore,PhD,3,0.14,0.94,No,104892,Medium,33,52,Medium,High,2.96,Yes,1.54,Growing
AIJ-101599,Data Engineer,Energy,Australia,High School,24,0.4,0.31,Yes,218523,Medium,28,46,Startup,Moderate,4.42,No,4.5,Growing
AIJ-101600,Robotics Engineer,Technology,UK,High School,11,0.19,0.59,No,158731,Low,3,32,Enterprise,Low,2.97,No,1.72,Declining
AIJ-101601,Teacher,Retail,Japan,PhD,2,0.05,0.45,No,166965,Low,-4,41,Startup,Moderate,4.32,Yes,3.5,Growing
AIJ-101602,DevOps Engineer,Technology,Pakistan,Bachelor,9,0.7,0.61,Hybrid,127377,Low,5,34,Startup,High,4.15,Yes,1.03,Declining
AIJ-101603,Cybersecurity Analyst,Retail,USA,PhD,16,0.15,0.84,Yes,213068,Medium,34,59,Startup,High,4.53,No,4.5,Stable
AIJ-101604,Software Developer,Education,Canada,Bachelor,15,0.89,0.54,Hybrid,169173,High,45,51,Enterprise,High,2.24,Yes,3.61,Declining
AIJ-101605,Business Analyst,Manufacturing,Pakistan,PhD,14,0.52,0.69,No,144090,Medium,45,34,Medium,Low,4.3,No,3.01,Growing
AIJ-101606,Healthcare Analyst,Education,Pakistan,High School,2,0.33,0.79,No,63622,High,33,47,Startup,High,2.08,Yes,4.94,Stable
AIJ-101607,Prompt Engineer,Transportation,Australia,PhD,12,0.19,0.98,Hybrid,145705,Low,24,34,Enterprise,High,4.91,No,2.28,Growing
AIJ-101608,Prompt Engineer,Media,Pakistan,Bachelor,3,0.24,0.74,No,86399,High,-2,42,Startup,Low,3.97,Yes,2.92,Stable
AIJ-101609,Prompt Engineer,Healthcare,India,Master,11,0.05,0.85,Yes,33991,High,40,57,Enterprise,Moderate,4.79,No,3.83,Stable
AIJ-101610,Financial Analyst,Education,Germany,Bachelor,8,0.6,0.58,Hybrid,62107,Medium,0,49,Medium,High,3.4,Yes,1.1,Declining
AIJ-101611,Data Engineer,Manufacturing,Singapore,PhD,20,0.59,0.59,Yes,216499,High,23,46,Enterprise,Low,4.51,No,3.05,Declining
AIJ-101612,Digital Marketer,Media,UK,PhD,9,0.6,0.37,Hybrid,144584,Low,3,36,Startup,Low,2.5,Yes,4.48,Stable
AIJ-101613,Product Manager,Education,Australia,PhD,9,0.46,0.74,No,111840,Medium,36,57,Medium,Moderate,2.02,Yes,1.88,Stable
AIJ-101614,Data Engineer,Finance,Canada,Bachelor,25,0.39,0.77,Hybrid,72481,High,24,34,Startup,High,4.49,Yes,4.43,Growing
AIJ-101615,Business Analyst,Government,Germany,Bachelor,0,0.74,0.31,No,98531,High,39,41,Enterprise,High,4.99,No,3.28,Growing
AIJ-101616,Digital Marketer,Healthcare,UK,Bachelor,8,0.08,0.42,Hybrid,122357,Medium,3,40,Enterprise,High,2.83,Yes,1.45,Growing
AIJ-101617,Digital Marketer,Transportation,Singapore,High School,15,0.21,0.22,Hybrid,131921,Low,9,47,Enterprise,High,4.81,No,2.01,Growing
AIJ-101618,Financial Analyst,Government,India,Bachelor,2,0.57,0.93,Hybrid,174830,Low,21,48,Startup,Low,2.63,No,1.77,Growing
AIJ-101619,Financial Analyst,Government,Germany,Master,25,0.43,0.59,Hybrid,157956,Medium,-6,36,Medium,Low,3.46,Yes,3.34,Declining
AIJ-101620,Business Analyst,Education,Japan,High School,21,0.44,0.59,No,64151,Medium,-3,41,Startup,Low,2.28,Yes,1.9,Declining
AIJ-101621,IoT Specialist,Government,UK,High School,8,0.22,0.36,Hybrid,95828,High,-10,32,Startup,High,3.57,No,1.39,Stable
AIJ-101622,Cybersecurity Analyst,Manufacturing,UAE,Bachelor,16,0.93,0.72,Hybrid,179602,Low,14,44,Enterprise,High,3.14,Yes,2.55,Declining
AIJ-101623,Machine Learning Engineer,Energy,India,Bachelor,21,0.77,0.8,Yes,150080,Low,13,46,Medium,High,3.7,Yes,4.58,Stable
AIJ-101624,Blockchain Developer,Technology,Canada,High School,21,0.61,0.32,No,158160,Medium,33,49,Startup,Moderate,4.03,Yes,3.5,Declining
AIJ-101625,Data Engineer,Energy,Canada,High School,24,0.67,0.89,Hybrid,210005,Medium,33,49,Medium,Low,4.83,No,4.95,Stable
AIJ-101626,Business Analyst,Finance,UAE,PhD,15,0.85,0.24,Hybrid,130316,Medium,41,54,Medium,High,3.18,No,3.94,Growing
AIJ-101627,Financial Analyst,Manufacturing,Germany,Master,14,0.29,0.55,No,50527,Medium,31,31,Enterprise,High,2.39,Yes,4.1,Declining
AIJ-101628,Prompt Engineer,Manufacturing,Germany,Master,10,0.66,0.79,Yes,190207,Low,18,55,Medium,Moderate,3.66,Yes,4.09,Stable
AIJ-101629,HR Specialist,Education,UK,High School,7,0.23,0.62,No,135621,High,14,39,Enterprise,High,2.13,No,4.25,Declining
AIJ-101630,Business Analyst,Finance,India,High School,10,0.13,0.2,Yes,131272,Low,41,53,Startup,Moderate,3.08,Yes,4.48,Stable
AIJ-101631,Prompt Engineer,Energy,USA,Bachelor,6,0.3,0.54,Yes,211313,Medium,2,56,Enterprise,High,3.42,Yes,2.34,Declining
AIJ-101632,IoT Specialist,Energy,USA,PhD,25,0.84,0.22,Hybrid,194701,Low,33,57,Enterprise,Moderate,2.34,No,4.91,Stable
AIJ-101633,UX Designer,Retail,Germany,Master,14,0.83,0.22,Hybrid,52857,Medium,7,52,Medium,High,3.77,No,1.09,Stable
AIJ-101634,IoT Specialist,Manufacturing,Australia,PhD,1,0.47,0.77,No,168374,Low,30,57,Enterprise,High,4.04,Yes,4.77,Growing
AIJ-101635,IoT Specialist,Transportation,India,Master,19,0.25,0.29,Hybrid,79179,High,23,60,Medium,High,2.31,Yes,4.64,Declining
AIJ-101636,HR Specialist,Healthcare,USA,PhD,20,0.5,0.97,No,158261,Low,-9,56,Medium,Moderate,2.12,Yes,4.86,Growing
AIJ-101637,Data Scientist,Education,India,Master,14,0.71,0.6,Yes,81453,Medium,45,40,Enterprise,Moderate,4.07,Yes,4.47,Stable
AIJ-101638,Data Engineer,Media,Germany,PhD,25,0.06,0.29,No,148406,Low,37,60,Startup,Moderate,3.48,No,3.98,Growing
AIJ-101639,Business Analyst,Technology,Germany,Bachelor,20,0.64,0.91,Yes,184042,Medium,30,58,Medium,Moderate,2.02,No,1.62,Growing
AIJ-101640,Software Developer,Government,Japan,PhD,12,0.24,0.92,Yes,39899,Low,-9,60,Enterprise,Low,4.73,No,4.4,Stable
AIJ-101641,UX Designer,Technology,UK,PhD,6,0.59,0.67,Yes,122594,Low,-3,34,Enterprise,High,3.07,Yes,3.23,Stable
AIJ-101642,Software Developer,Technology,Australia,Bachelor,25,0.23,0.72,Yes,169381,Medium,23,57,Startup,High,2.1,Yes,4.64,Declining
AIJ-101643,IoT Specialist,Government,UAE,Bachelor,18,0.25,0.61,Hybrid,146251,High,-1,38,Enterprise,Moderate,3.91,No,1.95,Declining
AIJ-101644,DevOps Engineer,Retail,UK,Master,3,0.66,0.8,Hybrid,66197,Medium,1,57,Medium,Moderate,3.94,No,4.1,Growing
AIJ-101645,HR Specialist,Energy,Japan,Master,9,0.27,0.94,No,62488,High,22,44,Medium,Low,4.03,No,1.06,Growing
AIJ-101646,HR Specialist,Finance,India,Master,13,0.81,0.78,Hybrid,163803,Medium,-8,37,Medium,Low,3.33,No,3.38,Stable
AIJ-101647,Product Manager,Finance,UK,PhD,14,0.51,0.26,No,46253,Medium,18,54,Medium,High,3.49,No,2.09,Growing
AIJ-101648,HR Specialist,Education,UAE,PhD,19,0.25,0.55,Yes,105617,Low,21,31,Enterprise,Moderate,4.62,No,3.4,Stable
AIJ-101649,Software Developer,Education,Japan,Master,25,0.81,0.28,No,141770,High,44,45,Startup,Low,2.99,Yes,2.37,Declining
AIJ-101650,Robotics Engineer,Healthcare,UK,Bachelor,15,0.61,0.83,Yes,128462,High,20,42,Medium,Low,4.42,No,4.27,Declining
AIJ-101651,Healthcare Analyst,Retail,Pakistan,Master,17,0.89,0.85,Yes,44649,Medium,12,41,Enterprise,Moderate,4.66,No,4.69,Declining
AIJ-101652,IoT Specialist,Energy,Australia,High School,17,0.39,0.97,Hybrid,202497,Medium,38,30,Medium,High,3.74,Yes,3.01,Growing
AIJ-101653,IoT Specialist,Media,Pakistan,Bachelor,2,0.48,0.49,Hybrid,116410,High,27,44,Enterprise,Low,2.67,No,4.55,Growing
AIJ-101654,Product Manager,Media,Pakistan,High School,2,0.57,0.96,Yes,165699,Medium,13,55,Enterprise,Low,3.79,Yes,1.43,Declining
AIJ-101655,Digital Marketer,Education,Japan,PhD,7,0.09,0.68,No,79770,High,-8,35,Startup,High,4.01,Yes,3.17,Growing
AIJ-101656,Product Manager,Healthcare,Australia,PhD,13,0.24,0.43,No,147910,Low,37,58,Medium,Low,4.22,Yes,2.2,Growing
AIJ-101657,IoT Specialist,Retail,UK,PhD,9,0.72,0.52,No,106572,Low,6,44,Enterprise,High,2.58,Yes,4.05,Growing
AIJ-101658,Data Engineer,Transportation,UAE,Master,8,0.34,0.27,Hybrid,211680,High,0,39,Medium,High,3.34,Yes,2.22,Stable
AIJ-101659,Software Developer,Education,Japan,Master,0,0.35,0.55,Yes,111514,High,14,55,Enterprise,Low,4.54,No,2.07,Growing
AIJ-101660,HR Specialist,Finance,Germany,Bachelor,8,0.94,0.34,No,66465,High,21,34,Startup,Low,2.68,Yes,1.92,Growing
AIJ-101661,Product Manager,Manufacturing,UAE,Bachelor,1,0.42,0.93,No,215294,Medium,10,48,Medium,High,4.4,No,3.7,Stable
AIJ-101662,Software Developer,Energy,UAE,PhD,8,0.1,0.48,Hybrid,47590,Medium,28,38,Startup,Moderate,4.75,Yes,2.87,Stable
AIJ-101663,Robotics Engineer,Finance,Canada,PhD,14,0.77,0.34,No,46109,Medium,35,33,Medium,Low,2.15,No,1.33,Growing
AIJ-101664,Cloud Architect,Education,Germany,Master,17,0.77,0.52,No,194455,Low,24,32,Enterprise,Moderate,4.97,Yes,4.33,Growing
AIJ-101665,UX Designer,Finance,Germany,Bachelor,17,0.65,0.75,Yes,42483,Low,15,31,Enterprise,High,3.85,Yes,3.95,Stable
AIJ-101666,Financial Analyst,Transportation,India,PhD,11,0.16,0.26,Hybrid,100063,High,-9,40,Startup,Moderate,2.06,Yes,2.41,Growing
AIJ-101667,IoT Specialist,Transportation,Pakistan,High School,7,0.79,0.24,Yes,31635,Medium,-6,30,Enterprise,Low,4.69,Yes,1.43,Growing
AIJ-101668,AI Engineer,Retail,Germany,High School,19,0.3,0.55,Yes,70631,Medium,8,37,Startup,Low,3.24,No,2.41,Declining
AIJ-101669,Product Manager,Technology,Australia,Bachelor,8,0.86,0.96,No,119064,Medium,11,40,Startup,Moderate,3.37,Yes,4.58,Growing
AIJ-101670,Data Scientist,Manufacturing,Australia,PhD,1,0.46,0.45,No,32022,High,-10,40,Medium,Low,4.32,Yes,1.33,Growing
AIJ-101671,Business Analyst,Government,Germany,Bachelor,0,0.78,0.97,Hybrid,125676,Medium,7,46,Medium,High,3.75,No,4.87,Stable
AIJ-101672,Product Manager,Education,USA,Bachelor,8,0.22,0.88,Yes,215142,Medium,33,38,Medium,High,3.58,No,3.51,Growing
AIJ-101673,Cybersecurity Analyst,Manufacturing,India,High School,24,0.32,0.88,No,201034,Low,-7,49,Startup,Low,2.85,No,3.89,Declining
AIJ-101674,Blockchain Developer,Technology,USA,Master,3,0.75,0.75,No,80726,Medium,4,44,Medium,Low,3.92,Yes,1.38,Stable
AIJ-101675,Teacher,Finance,Singapore,Bachelor,6,0.15,0.35,Hybrid,214487,High,37,45,Startup,Moderate,3.93,No,2.52,Declining
AIJ-101676,HR Specialist,Education,USA,High School,1,0.13,0.95,Hybrid,92063,Medium,36,41,Enterprise,Low,4.32,Yes,1.99,Growing
AIJ-101677,Teacher,Retail,India,High School,12,0.31,0.59,No,166087,High,35,55,Enterprise,Moderate,4.78,No,4.31,Growing
AIJ-101678,Financial Analyst,Technology,Japan,Master,12,0.5,0.94,Yes,130190,Low,20,47,Enterprise,Moderate,3.28,Yes,2.8,Growing
AIJ-101679,Cloud Architect,Media,Australia,High School,23,0.8,0.72,Yes,47001,Low,28,58,Startup,Moderate,4.52,Yes,3.36,Growing
AIJ-101680,IoT Specialist,Energy,UK,High School,11,0.09,0.89,Hybrid,65634,High,34,46,Medium,Moderate,4.47,No,4.14,Declining
AIJ-101681,Healthcare Analyst,Energy,Japan,PhD,9,0.84,0.28,No,177631,Low,21,44,Startup,High,2.95,No,2.56,Growing
AIJ-101682,Business Analyst,Manufacturing,Australia,Bachelor,23,0.37,0.84,Hybrid,61490,High,32,44,Medium,High,3.59,Yes,2.41,Declining
AIJ-101683,IoT Specialist,Education,Pakistan,High School,17,0.84,0.77,Yes,139069,High,-3,45,Enterprise,Moderate,2.79,No,4.78,Stable
AIJ-101684,Data Engineer,Retail,Germany,Bachelor,11,0.65,0.95,No,201600,High,27,48,Medium,Low,2.53,Yes,4.09,Declining
AIJ-101685,IoT Specialist,Healthcare,Japan,High School,18,0.63,0.3,No,130014,High,26,36,Startup,Moderate,2.72,Yes,1.85,Declining
AIJ-101686,Product Manager,Transportation,Pakistan,Bachelor,7,0.34,0.51,No,64761,Medium,1,43,Enterprise,Low,2.16,No,4.1,Stable
AIJ-101687,HR Specialist,Education,India,Master,3,0.55,0.52,No,204182,Low,26,35,Startup,Low,3.74,Yes,2.76,Stable
AIJ-101688,Financial Analyst,Technology,Pakistan,Master,15,0.67,0.84,Hybrid,145180,High,21,53,Medium,High,2.24,No,1.82,Declining
AIJ-101689,Cybersecurity Analyst,Manufacturing,UAE,Master,1,0.27,0.93,Hybrid,50051,Low,19,35,Startup,High,2.82,Yes,3.93,Declining
AIJ-101690,DevOps Engineer,Media,Australia,PhD,0,0.28,0.36,Hybrid,56324,High,10,40,Startup,Moderate,3.72,No,1.91,Growing
AIJ-101691,HR Specialist,Transportation,India,Bachelor,11,0.11,0.44,No,157607,High,-1,33,Startup,Low,4.55,Yes,3.02,Growing
AIJ-101692,Business Analyst,Media,India,High School,3,0.58,0.49,Yes,114137,Medium,35,45,Startup,Low,2.9,No,2.58,Growing
AIJ-101693,Healthcare Analyst,Retail,Australia,Bachelor,0,0.4,0.44,Yes,117640,Low,43,37,Medium,High,2.75,No,3.49,Growing
AIJ-101694,Digital Marketer,Retail,Germany,Master,12,0.49,0.88,No,146607,Low,41,49,Medium,Moderate,3.42,Yes,3.88,Declining
AIJ-101695,Business Analyst,Manufacturing,UK,High School,8,0.95,0.48,Hybrid,132546,High,-5,53,Startup,Low,4.74,Yes,2.16,Declining
AIJ-101696,Cybersecurity Analyst,Media,Pakistan,Master,3,0.86,0.47,Yes,96346,Low,33,36,Medium,Moderate,3.08,Yes,1.56,Stable
AIJ-101697,Cloud Architect,Manufacturing,UAE,Bachelor,18,0.55,0.55,Yes,190595,High,11,35,Enterprise,Moderate,3.78,Yes,1.34,Growing
AIJ-101698,Product Manager,Healthcare,India,High School,9,0.56,0.92,Yes,100866,Low,3,56,Enterprise,Moderate,4.08,No,4.61,Growing
AIJ-101699,Machine Learning Engineer,Technology,Canada,PhD,9,0.34,0.2,Yes,61642,Low,-7,49,Enterprise,High,2.91,No,2.74,Growing
AIJ-101700,Cloud Architect,Education,Australia,PhD,21,0.54,0.57,No,187249,High,-4,59,Medium,Moderate,4.87,Yes,4.98,Stable
AIJ-101701,Healthcare Analyst,Finance,Germany,High School,11,0.14,0.35,No,165628,High,39,35,Startup,Moderate,2.55,No,4.74,Declining
AIJ-101702,Digital Marketer,Finance,USA,Bachelor,10,0.9,0.58,Yes,51410,Medium,0,37,Enterprise,Moderate,3.32,Yes,4.25,Stable
AIJ-101703,HR Specialist,Media,UAE,PhD,22,0.64,0.7,No,203307,Medium,9,31,Enterprise,High,4.63,No,2.95,Declining
AIJ-101704,AI Engineer,Technology,Germany,Bachelor,22,0.21,0.43,Yes,210394,Medium,44,32,Startup,High,4.02,No,4.87,Declining
AIJ-101705,DevOps Engineer,Media,Japan,Bachelor,18,0.44,0.43,Yes,46968,Medium,44,43,Enterprise,High,4.14,No,3.8,Declining
AIJ-101706,Machine Learning Engineer,Transportation,Singapore,PhD,16,0.87,0.71,Yes,205798,Medium,37,59,Startup,Moderate,2.54,Yes,2.41,Stable
AIJ-101707,HR Specialist,Government,UK,High School,20,0.26,0.85,Yes,141773,Medium,5,39,Enterprise,Moderate,4.16,No,1.03,Stable
AIJ-101708,HR Specialist,Retail,Japan,PhD,6,0.06,0.64,No,107996,Medium,14,46,Medium,High,4.87,Yes,4.07,Declining
AIJ-101709,UX Designer,Manufacturing,India,Bachelor,5,0.6,0.85,No,174820,High,11,40,Startup,Low,4.45,Yes,3.83,Growing
AIJ-101710,Cloud Architect,Healthcare,USA,PhD,15,0.42,0.72,No,122900,Medium,-4,51,Startup,Moderate,2.69,No,3.94,Declining
AIJ-101711,Software Developer,Education,India,Bachelor,13,0.5,0.93,Hybrid,67319,Medium,43,46,Medium,Low,4.98,Yes,4.53,Growing
AIJ-101712,Teacher,Government,Germany,Master,9,0.12,0.25,Hybrid,167973,Medium,37,51,Enterprise,Moderate,4.63,Yes,1.28,Declining
AIJ-101713,Robotics Engineer,Government,Germany,Bachelor,3,0.85,0.37,Yes,52984,High,22,42,Startup,Low,2.16,No,3.93,Stable
AIJ-101714,DevOps Engineer,Retail,Singapore,Master,22,0.14,0.83,Yes,93820,High,-8,59,Startup,Low,2.2,Yes,2.22,Growing
AIJ-101715,DevOps Engineer,Media,UAE,PhD,20,0.52,0.97,Hybrid,46431,Low,1,54,Startup,Moderate,3.7,No,4.45,Declining
AIJ-101716,Business Analyst,Education,India,Master,4,0.63,0.72,Yes,97059,Low,16,41,Startup,Low,4.41,No,4.37,Declining
AIJ-101717,Healthcare Analyst,Transportation,Japan,Master,4,0.23,0.39,Yes,126046,High,20,54,Startup,High,4.04,Yes,3.39,Stable
AIJ-101718,Data Engineer,Government,Singapore,PhD,22,0.75,0.76,Hybrid,187262,Medium,21,43,Medium,High,3.31,No,4.46,Declining
AIJ-101719,Digital Marketer,Government,UAE,Bachelor,1,0.53,0.62,No,180407,High,20,37,Startup,Moderate,3.08,No,2.28,Growing
AIJ-101720,Data Scientist,Transportation,Japan,PhD,24,0.3,0.63,No,209723,High,33,31,Startup,High,3.9,Yes,2.39,Stable
AIJ-101721,Healthcare Analyst,Education,Australia,Bachelor,1,0.15,0.98,No,197132,Medium,42,39,Enterprise,Low,4.3,Yes,2.79,Growing
AIJ-101722,Data Scientist,Finance,USA,PhD,20,0.33,0.53,Yes,149560,Medium,2,44,Enterprise,High,2.84,Yes,3.75,Stable
AIJ-101723,Blockchain Developer,Media,Japan,PhD,14,0.29,0.94,No,39440,High,22,57,Enterprise,High,4.92,Yes,3.58,Growing
AIJ-101724,UX Designer,Technology,Japan,Master,15,0.75,0.74,Yes,32398,Low,40,35,Medium,Moderate,2.32,No,2.47,Stable
AIJ-101725,DevOps Engineer,Energy,UAE,High School,16,0.91,0.98,No,174690,Medium,7,34,Medium,Low,4.31,No,4.29,Stable
AIJ-101726,Product Manager,Transportation,UAE,High School,7,0.12,0.84,Yes,60794,Low,10,44,Startup,High,2.86,No,1.9,Declining
AIJ-101727,IoT Specialist,Retail,Japan,High School,24,0.43,0.62,Yes,190842,High,39,31,Medium,Low,3.54,Yes,4.21,Stable
AIJ-101728,Cloud Architect,Healthcare,Germany,High School,2,0.47,0.42,Hybrid,168253,Medium,39,39,Startup,Low,2.74,No,4.69,Growing
AIJ-101729,AI Engineer,Technology,Germany,Master,7,0.59,0.91,No,154421,Medium,2,53,Startup,Moderate,4.66,No,2.18,Growing
AIJ-101730,Cloud Architect,Healthcare,Pakistan,Master,3,0.84,0.73,Hybrid,83871,Low,-3,48,Startup,High,2.41,No,1.05,Declining
AIJ-101731,Cybersecurity Analyst,Retail,India,Bachelor,20,0.08,0.89,No,76277,Medium,31,60,Startup,High,4.26,Yes,3.24,Growing
AIJ-101732,Healthcare Analyst,Government,Japan,Master,8,0.8,0.29,Hybrid,209678,Low,16,55,Enterprise,Low,3.6,No,2.26,Stable
AIJ-101733,Data Engineer,Healthcare,India,Master,1,0.7,0.69,Yes,45735,Low,-2,36,Medium,High,3.11,Yes,4.3,Growing
AIJ-101734,IoT Specialist,Manufacturing,USA,PhD,22,0.51,0.22,Hybrid,37344,High,-5,48,Enterprise,High,4.46,Yes,2.44,Stable
AIJ-101735,UX Designer,Retail,India,PhD,8,0.68,0.59,Hybrid,156464,Low,-8,39,Medium,Moderate,4.42,Yes,2.74,Stable
AIJ-101736,Financial Analyst,Education,UAE,PhD,18,0.91,0.73,Yes,125460,High,12,58,Enterprise,Moderate,3.96,No,1.08,Declining
AIJ-101737,Financial Analyst,Education,Japan,PhD,1,0.47,0.88,Yes,96396,Medium,-7,48,Enterprise,Low,2.42,No,2.87,Stable
AIJ-101738,IoT Specialist,Retail,Germany,High School,21,0.89,0.83,No,215247,Low,3,34,Medium,Low,3.95,Yes,4,Growing
AIJ-101739,Digital Marketer,Energy,Canada,PhD,18,0.46,0.65,No,70709,High,16,53,Medium,Moderate,4.78,No,3.42,Growing
AIJ-101740,Robotics Engineer,Finance,UAE,High School,16,0.7,0.77,Yes,159240,Low,44,34,Enterprise,Moderate,4.71,Yes,1.85,Declining
AIJ-101741,UX Designer,Technology,India,PhD,10,0.88,0.41,Hybrid,37968,Medium,-4,32,Startup,High,3.13,Yes,4.83,Declining
AIJ-101742,Robotics Engineer,Manufacturing,Japan,Master,5,0.59,0.23,Hybrid,200354,High,-2,44,Medium,Moderate,3.44,No,1.73,Growing
AIJ-101743,Business Analyst,Finance,UAE,Bachelor,19,0.73,0.85,No,149749,High,27,35,Startup,Moderate,2.36,Yes,1.55,Declining
AIJ-101744,Product Manager,Energy,Japan,PhD,25,0.61,0.95,No,212690,Low,45,45,Startup,Moderate,4.71,No,1.99,Declining
AIJ-101745,Financial Analyst,Technology,UAE,Bachelor,7,0.46,0.22,No,178988,Medium,44,56,Startup,Low,4.95,No,4.96,Stable
AIJ-101746,Blockchain Developer,Manufacturing,Japan,High School,16,0.1,0.97,Yes,71919,Medium,24,52,Startup,Low,3.82,No,1.6,Declining
AIJ-101747,Teacher,Manufacturing,Japan,PhD,24,0.93,0.47,Yes,94306,Low,5,36,Startup,Moderate,4.43,No,4.78,Declining
AIJ-101748,Data Engineer,Technology,Australia,High School,19,0.06,0.94,No,167828,Low,19,40,Startup,Low,4.86,No,1.49,Declining
AIJ-101749,IoT Specialist,Manufacturing,Pakistan,Master,0,0.49,0.48,Hybrid,213675,Medium,26,54,Startup,Moderate,3.01,No,3.47,Stable
AIJ-101750,Machine Learning Engineer,Media,Australia,Master,3,0.31,0.51,Hybrid,146736,Low,8,54,Enterprise,Low,2.12,Yes,3.61,Stable
AIJ-101751,Business Analyst,Retail,Japan,Bachelor,18,0.49,0.5,No,203643,Low,17,55,Enterprise,Moderate,3.35,Yes,2.77,Growing
AIJ-101752,Prompt Engineer,Energy,UAE,Bachelor,13,0.12,0.79,No,44313,Low,22,44,Enterprise,Low,3.96,No,3.15,Stable
AIJ-101753,Cloud Architect,Energy,India,Master,21,0.92,0.42,Hybrid,85774,High,23,34,Medium,Low,4.96,No,3.19,Stable
AIJ-101754,Blockchain Developer,Manufacturing,Australia,Bachelor,13,0.23,0.47,Hybrid,163421,High,-2,54,Startup,Low,4,Yes,2.88,Declining
AIJ-101755,Software Developer,Education,USA,High School,17,0.85,0.98,No,48970,Medium,32,46,Enterprise,Moderate,4.36,Yes,2.47,Declining
AIJ-101756,Data Scientist,Manufacturing,UAE,Bachelor,13,0.06,0.63,Hybrid,219786,High,-8,52,Startup,Low,2.61,No,1.29,Declining
AIJ-101757,Teacher,Government,UAE,PhD,0,0.44,0.94,Hybrid,99983,Medium,41,31,Medium,Low,2.07,No,4.75,Declining
AIJ-101758,IoT Specialist,Retail,India,Bachelor,12,0.76,0.78,Hybrid,50799,Medium,-5,51,Enterprise,High,4.48,No,1.95,Growing
AIJ-101759,Healthcare Analyst,Retail,Pakistan,PhD,13,0.69,0.83,Yes,31628,High,-1,39,Enterprise,High,3.5,Yes,2.1,Stable
AIJ-101760,Machine Learning Engineer,Energy,Germany,Master,21,0.71,0.6,Hybrid,153240,Low,-5,50,Startup,Low,2.61,Yes,3.3,Growing
AIJ-101761,Software Developer,Technology,India,Master,16,0.46,0.85,No,85475,Medium,16,44,Medium,Low,3.09,No,1.44,Stable
AIJ-101762,Cloud Architect,Energy,India,Master,14,0.58,0.38,Hybrid,52156,Medium,21,59,Enterprise,Moderate,4.26,No,4.73,Stable
AIJ-101763,Healthcare Analyst,Finance,Japan,PhD,9,0.56,0.3,No,161107,Medium,1,32,Medium,Moderate,2.19,No,3.12,Growing
AIJ-101764,Data Engineer,Manufacturing,USA,PhD,19,0.18,0.2,Yes,50186,High,42,47,Medium,High,2.7,No,4.14,Stable
AIJ-101765,Business Analyst,Government,USA,Bachelor,5,0.18,0.53,Yes,143191,Medium,5,31,Startup,Low,3.63,Yes,5,Declining
AIJ-101766,Data Scientist,Energy,Pakistan,Master,16,0.15,0.89,Hybrid,98903,Medium,11,46,Medium,Moderate,3.11,No,2.42,Growing
AIJ-101767,Blockchain Developer,Media,Germany,Master,2,0.6,0.94,No,120817,High,24,36,Enterprise,High,3.37,Yes,3.63,Stable
AIJ-101768,HR Specialist,Manufacturing,Singapore,PhD,21,0.64,0.36,No,172241,Low,19,50,Enterprise,Low,2.98,No,4.62,Growing
AIJ-101769,Robotics Engineer,Transportation,Australia,Bachelor,18,0.29,0.54,Yes,188009,Medium,41,58,Enterprise,High,2.85,No,3.1,Stable
AIJ-101770,AI Engineer,Healthcare,USA,Bachelor,20,0.44,0.65,No,188912,Low,28,54,Startup,High,4.36,No,4.42,Growing
AIJ-101771,Cybersecurity Analyst,Government,USA,Master,11,0.14,0.3,Hybrid,125769,Medium,0,56,Medium,High,2.81,Yes,1.6,Declining
AIJ-101772,Financial Analyst,Technology,Singapore,Bachelor,9,0.26,0.37,Yes,207763,High,-2,42,Startup,Moderate,2.72,Yes,4.82,Declining
AIJ-101773,Robotics Engineer,Healthcare,India,Bachelor,1,0.9,0.67,Yes,168163,Medium,23,39,Startup,Moderate,2.15,No,2.48,Growing
AIJ-101774,Teacher,Transportation,USA,Bachelor,8,0.58,0.94,No,178112,Low,9,59,Startup,Low,2.07,Yes,2.87,Declining
AIJ-101775,Digital Marketer,Transportation,Australia,Master,10,0.17,0.89,No,154443,Medium,15,32,Medium,Low,3.33,No,4.79,Stable
AIJ-101776,Cloud Architect,Manufacturing,Germany,Bachelor,25,0.21,0.51,Hybrid,142195,High,45,34,Enterprise,Moderate,2.54,Yes,4.33,Declining
AIJ-101777,HR Specialist,Technology,Australia,Bachelor,15,0.8,0.38,Hybrid,95420,High,24,49,Enterprise,Moderate,3.51,No,4.25,Stable
AIJ-101778,Blockchain Developer,Healthcare,Japan,High School,4,0.83,0.88,No,87946,Medium,28,37,Enterprise,High,4.36,No,2.85,Declining
AIJ-101779,Prompt Engineer,Manufacturing,Japan,High School,1,0.22,0.34,Yes,215125,High,7,56,Medium,Low,3.18,Yes,2.57,Stable
AIJ-101780,Data Scientist,Technology,UAE,Bachelor,5,0.28,0.32,No,215478,Medium,35,46,Startup,Moderate,2.47,Yes,4.39,Growing
AIJ-101781,Business Analyst,Technology,USA,High School,18,0.87,0.35,Yes,127552,Low,32,43,Startup,High,4.93,No,3.06,Stable
AIJ-101782,Robotics Engineer,Transportation,USA,Bachelor,9,0.42,0.58,No,174897,Medium,30,36,Startup,Low,4.14,No,2.41,Growing
AIJ-101783,Blockchain Developer,Manufacturing,UAE,Bachelor,10,0.42,0.36,Yes,61742,High,13,33,Enterprise,Moderate,3.19,No,2.44,Growing
AIJ-101784,Digital Marketer,Transportation,Pakistan,Bachelor,5,0.76,0.71,Hybrid,89943,Medium,37,38,Enterprise,Moderate,3.91,Yes,1.03,Declining
AIJ-101785,Financial Analyst,Education,UAE,Bachelor,7,0.29,0.48,No,184107,Medium,16,31,Medium,Low,2.85,No,2.23,Declining
AIJ-101786,Data Engineer,Finance,Canada,High School,19,0.76,0.32,Yes,184753,Medium,30,54,Startup,Moderate,4.68,Yes,3.42,Declining
AIJ-101787,Blockchain Developer,Energy,Japan,Master,6,0.86,0.64,Hybrid,36704,Low,24,44,Enterprise,Low,3.98,No,4.01,Stable
AIJ-101788,Prompt Engineer,Government,India,Bachelor,13,0.32,0.54,Hybrid,132795,Low,33,60,Enterprise,High,2.93,No,3.02,Growing
AIJ-101789,Machine Learning Engineer,Government,UAE,Bachelor,12,0.21,0.82,No,141981,High,38,57,Startup,Low,4.42,Yes,2.31,Growing
AIJ-101790,Teacher,Finance,UAE,High School,23,0.8,0.53,Hybrid,171635,Medium,19,35,Startup,High,4.04,No,3.55,Stable
AIJ-101791,Data Engineer,Technology,Australia,PhD,5,0.59,0.79,Hybrid,52789,High,14,54,Enterprise,High,3.56,No,4.77,Growing
AIJ-101792,Teacher,Manufacturing,Canada,PhD,19,0.07,0.39,Hybrid,200396,Medium,16,55,Startup,Low,4,No,1.19,Growing
AIJ-101793,UX Designer,Transportation,Australia,High School,25,0.07,0.51,Yes,79968,High,43,55,Startup,Moderate,4.9,Yes,3.53,Growing
AIJ-101794,Business Analyst,Healthcare,Singapore,Master,5,0.89,0.22,Yes,131071,Low,30,34,Startup,High,2.3,Yes,1.86,Declining
AIJ-101795,Cybersecurity Analyst,Finance,UAE,High School,5,0.74,0.67,Yes,76513,Low,25,49,Medium,Moderate,2.56,Yes,1.73,Stable
AIJ-101796,Data Scientist,Technology,USA,High School,20,0.49,0.45,Hybrid,180810,High,38,53,Startup,Moderate,3.13,No,4.37,Declining
AIJ-101797,IoT Specialist,Healthcare,Pakistan,High School,10,0.94,0.82,No,163775,High,21,39,Medium,High,2.35,No,4.91,Declining
AIJ-101798,AI Engineer,Government,Germany,High School,17,0.87,0.87,Hybrid,43953,Low,8,50,Enterprise,High,3.92,Yes,4.35,Declining
AIJ-101799,Business Analyst,Finance,India,High School,17,0.39,0.67,Yes,216171,Low,33,53,Medium,Low,4.13,No,1.64,Declining
AIJ-101800,Financial Analyst,Retail,UK,Bachelor,5,0.15,0.54,No,177849,Medium,33,30,Startup,High,4.27,No,2.78,Declining
AIJ-101801,Machine Learning Engineer,Manufacturing,Canada,Master,6,0.71,0.95,Hybrid,31850,Medium,45,38,Startup,Moderate,3.33,Yes,1.68,Declining
AIJ-101802,Data Scientist,Manufacturing,Germany,High School,19,0.82,0.42,Hybrid,206608,Medium,39,32,Startup,High,3.03,No,2.29,Stable
AIJ-101803,Blockchain Developer,Technology,Germany,PhD,16,0.2,0.43,No,158290,Medium,18,49,Medium,Low,4.2,Yes,4.98,Growing
AIJ-101804,Data Scientist,Healthcare,UAE,Bachelor,14,0.89,0.38,Yes,115897,Medium,31,49,Medium,Low,4.79,Yes,3.19,Growing
AIJ-101805,Cybersecurity Analyst,Education,India,High School,13,0.06,0.29,Yes,71327,Medium,24,30,Startup,High,3.79,No,1.12,Stable
AIJ-101806,UX Designer,Transportation,Canada,High School,14,0.11,0.57,Yes,216976,High,15,38,Enterprise,Moderate,4.82,No,3.27,Growing
AIJ-101807,Teacher,Technology,India,Master,17,0.28,0.24,Hybrid,203079,Low,5,47,Enterprise,High,2.36,Yes,4.66,Declining
AIJ-101808,HR Specialist,Manufacturing,UK,Master,18,0.41,0.55,No,48671,High,-9,33,Medium,Low,3.7,Yes,2.8,Stable
AIJ-101809,Business Analyst,Media,USA,Master,22,0.09,0.9,No,204451,Low,9,44,Enterprise,Low,3.32,Yes,2.29,Declining
AIJ-101810,Digital Marketer,Manufacturing,Singapore,PhD,5,0.29,0.65,No,154335,Low,29,49,Startup,Low,3.89,No,3.8,Growing
AIJ-101811,Product Manager,Energy,Australia,Bachelor,22,0.85,0.68,Hybrid,180818,High,9,54,Medium,Moderate,3.6,No,1.54,Stable
AIJ-101812,Software Developer,Education,Japan,High School,17,0.73,0.83,Hybrid,120912,High,16,51,Medium,Moderate,2.5,Yes,2.89,Stable
AIJ-101813,DevOps Engineer,Energy,Germany,Bachelor,8,0.62,0.24,Yes,57357,Low,6,52,Startup,Low,3.12,Yes,2.02,Growing
AIJ-101814,Machine Learning Engineer,Education,Germany,Master,14,0.77,0.62,Yes,139993,Medium,7,38,Medium,Moderate,4.4,Yes,3.96,Growing
AIJ-101815,UX Designer,Government,India,Master,18,0.13,0.28,No,119006,Medium,31,39,Startup,Low,3.9,No,1.72,Growing
AIJ-101816,DevOps Engineer,Retail,UAE,Bachelor,8,0.12,0.69,Hybrid,62248,Medium,8,35,Enterprise,High,4.64,No,1.69,Stable
AIJ-101817,Financial Analyst,Education,USA,High School,14,0.74,0.65,No,60999,Low,6,41,Enterprise,Low,4.39,Yes,4.43,Stable
AIJ-101818,Healthcare Analyst,Education,Canada,High School,23,0.78,0.64,Hybrid,98177,Low,-2,38,Medium,Moderate,4.71,Yes,3.97,Growing
AIJ-101819,Data Scientist,Energy,Australia,PhD,3,0.11,0.41,Hybrid,138989,Low,14,55,Enterprise,High,3.24,No,4.65,Growing
AIJ-101820,Prompt Engineer,Manufacturing,USA,PhD,2,0.59,0.75,No,39692,Medium,-5,41,Enterprise,Low,2.31,Yes,2.27,Declining
AIJ-101821,IoT Specialist,Finance,Singapore,PhD,25,0.87,0.8,Hybrid,79085,Low,30,34,Startup,Low,2.18,No,4.55,Stable
AIJ-101822,Teacher,Transportation,Singapore,Master,5,0.61,0.8,Yes,191975,Low,31,32,Medium,Low,2.83,No,1.55,Stable
AIJ-101823,DevOps Engineer,Healthcare,Pakistan,Master,5,0.2,0.76,Hybrid,169790,High,43,40,Enterprise,High,4.13,No,2.83,Stable
AIJ-101824,Healthcare Analyst,Manufacturing,UAE,PhD,18,0.5,0.67,No,37527,High,42,49,Enterprise,High,4.55,Yes,2.56,Stable
AIJ-101825,UX Designer,Media,Canada,Master,0,0.09,0.66,No,188661,Low,26,31,Startup,Moderate,4.92,No,3.97,Declining
AIJ-101826,Financial Analyst,Retail,UAE,PhD,0,0.06,0.69,No,85437,Medium,44,32,Startup,Low,2.17,No,1.52,Declining
AIJ-101827,UX Designer,Manufacturing,Japan,Master,1,0.14,0.22,Hybrid,64250,Medium,40,49,Enterprise,Low,2.96,No,1.96,Declining
AIJ-101828,DevOps Engineer,Manufacturing,Pakistan,PhD,7,0.9,0.46,No,147247,Medium,25,55,Enterprise,High,3.06,Yes,2.32,Declining
AIJ-101829,Cybersecurity Analyst,Transportation,Pakistan,Bachelor,5,0.76,0.87,No,43468,High,38,50,Startup,High,2.82,No,2.31,Declining
AIJ-101830,Teacher,Technology,UK,High School,7,0.84,0.95,Hybrid,177780,High,11,38,Startup,Moderate,2,No,4.04,Stable
AIJ-101831,Healthcare Analyst,Education,Singapore,Master,2,0.42,0.78,Hybrid,153151,Low,33,60,Enterprise,Moderate,3.13,Yes,2.33,Growing
AIJ-101832,AI Engineer,Media,Pakistan,Bachelor,0,0.44,0.33,No,101072,Low,3,38,Medium,Low,2.21,No,3.1,Declining
AIJ-101833,Business Analyst,Media,USA,Master,3,0.95,0.91,Hybrid,79438,High,-6,45,Startup,Moderate,2.14,Yes,1.81,Growing
AIJ-101834,Digital Marketer,Energy,Australia,High School,21,0.3,0.62,Yes,109000,High,-9,50,Enterprise,Low,2.26,No,4.64,Growing
AIJ-101835,DevOps Engineer,Transportation,UAE,PhD,14,0.57,0.93,Yes,157276,Medium,11,54,Medium,Moderate,2.93,No,2.2,Growing
AIJ-101836,UX Designer,Education,Pakistan,High School,3,0.6,0.84,Yes,212402,Low,14,49,Startup,High,2.95,Yes,1.94,Declining
AIJ-101837,Cybersecurity Analyst,Retail,Singapore,Master,10,0.9,0.26,Hybrid,125741,Low,19,30,Startup,Moderate,2.75,No,1.55,Stable
AIJ-101838,Robotics Engineer,Retail,Singapore,PhD,13,0.7,0.45,Yes,62321,Low,16,60,Medium,High,4.95,No,3.64,Stable
AIJ-101839,Machine Learning Engineer,Manufacturing,UK,High School,5,0.44,0.46,Yes,155301,High,41,54,Medium,High,3.86,No,2.85,Declining
AIJ-101840,HR Specialist,Government,India,Master,2,0.94,0.64,No,52185,High,36,40,Enterprise,High,2.2,No,2.25,Stable
AIJ-101841,Data Scientist,Retail,Canada,Master,5,0.18,0.85,No,31547,Low,44,53,Enterprise,Moderate,3.49,No,2.32,Stable
AIJ-101842,AI Engineer,Healthcare,India,PhD,14,0.74,0.67,Yes,120872,High,29,51,Startup,Moderate,3.47,No,4.61,Growing
AIJ-101843,IoT Specialist,Technology,UAE,Bachelor,8,0.67,0.73,Hybrid,150960,Medium,-8,51,Startup,Low,3.24,Yes,3.65,Declining
AIJ-101844,Financial Analyst,Retail,UK,Bachelor,4,0.48,0.87,Hybrid,157872,Medium,21,51,Enterprise,Moderate,4.76,No,3.72,Stable
AIJ-101845,DevOps Engineer,Energy,Canada,PhD,13,0.47,0.75,Hybrid,125631,High,9,31,Enterprise,Low,3.26,Yes,2.55,Stable
AIJ-101846,Digital Marketer,Education,Japan,Master,13,0.16,0.53,Yes,48809,Low,-2,38,Medium,Low,3.53,No,2.58,Stable
AIJ-101847,Blockchain Developer,Retail,Singapore,PhD,18,0.63,0.54,No,178768,High,9,46,Medium,High,4.26,No,3.96,Declining
AIJ-101848,HR Specialist,Finance,UK,Master,18,0.1,0.76,Hybrid,131890,Low,17,38,Startup,Low,2.01,Yes,1.54,Stable
AIJ-101849,DevOps Engineer,Education,UAE,High School,16,0.73,0.27,No,161703,High,12,37,Medium,Low,3.26,Yes,1.7,Declining
AIJ-101850,Prompt Engineer,Government,India,Bachelor,24,0.71,0.59,Hybrid,127966,High,9,55,Startup,Low,4.4,Yes,4.35,Growing
AIJ-101851,Robotics Engineer,Media,UK,PhD,9,0.23,0.37,Hybrid,63413,Medium,3,53,Medium,Low,4.05,Yes,4.15,Stable
AIJ-101852,Data Scientist,Energy,Japan,Master,16,0.06,0.39,Hybrid,171568,Medium,-2,51,Startup,High,3,Yes,3.84,Declining
AIJ-101853,Prompt Engineer,Energy,Australia,PhD,7,0.77,0.22,No,84813,High,36,60,Enterprise,Moderate,3.44,Yes,3.6,Declining
AIJ-101854,AI Engineer,Finance,Japan,Master,0,0.23,0.74,Yes,190198,Medium,13,36,Medium,High,4.07,Yes,3.64,Declining
AIJ-101855,Healthcare Analyst,Technology,Germany,High School,11,0.42,0.86,No,182580,High,19,47,Startup,Moderate,4.37,Yes,3.8,Stable
AIJ-101856,Teacher,Media,Germany,Bachelor,0,0.59,0.6,Hybrid,71936,Low,10,33,Medium,High,3.4,No,2.65,Growing
AIJ-101857,Financial Analyst,Finance,Singapore,Bachelor,4,0.42,0.48,Hybrid,138509,Medium,-4,56,Enterprise,High,2.98,No,3.83,Growing
AIJ-101858,UX Designer,Manufacturing,UAE,PhD,25,0.57,0.43,No,205873,Medium,-6,53,Startup,High,3.61,No,2.37,Stable
AIJ-101859,Product Manager,Education,UK,Bachelor,18,0.58,0.77,Hybrid,146287,High,37,55,Medium,High,4.27,No,4.23,Declining
AIJ-101860,Digital Marketer,Energy,USA,PhD,17,0.39,0.64,Yes,115768,Medium,-2,30,Enterprise,Low,2.09,Yes,4.71,Growing
AIJ-101861,DevOps Engineer,Energy,UAE,PhD,7,0.06,0.92,No,191953,Low,-9,36,Enterprise,Moderate,2.67,No,3.01,Stable
AIJ-101862,Financial Analyst,Energy,Pakistan,PhD,25,0.14,0.7,No,30658,Low,27,43,Medium,Moderate,2.1,No,2.56,Stable
AIJ-101863,UX Designer,Energy,Singapore,PhD,23,0.7,0.2,Yes,119579,High,32,31,Medium,High,4.9,No,3.14,Declining
AIJ-101864,DevOps Engineer,Finance,Pakistan,Master,15,0.92,0.83,Hybrid,140735,Low,33,31,Enterprise,Moderate,3.55,No,1.06,Declining
AIJ-101865,Data Scientist,Healthcare,Japan,High School,1,0.47,0.78,No,40717,Low,23,46,Medium,Moderate,3.18,Yes,3.52,Growing
AIJ-101866,Data Engineer,Government,India,High School,6,0.79,0.7,Yes,38502,High,23,40,Enterprise,Moderate,3.49,Yes,1.57,Declining
AIJ-101867,Machine Learning Engineer,Manufacturing,Canada,High School,2,0.89,0.63,Hybrid,96353,High,-8,36,Medium,High,2.9,Yes,3.31,Declining
AIJ-101868,AI Engineer,Education,UK,Bachelor,17,0.61,0.78,Hybrid,184567,High,18,51,Medium,Moderate,3.17,No,1.15,Growing
AIJ-101869,Data Scientist,Education,Japan,PhD,17,0.85,0.82,Yes,111197,High,19,39,Medium,High,4.1,Yes,1.09,Declining
AIJ-101870,Teacher,Transportation,USA,Bachelor,12,0.73,0.72,No,196104,Low,22,35,Startup,Moderate,2.37,No,3.24,Growing
AIJ-101871,DevOps Engineer,Technology,Pakistan,PhD,14,0.14,0.84,No,163524,Medium,21,32,Enterprise,Low,4.96,Yes,4.05,Declining
AIJ-101872,Financial Analyst,Media,Japan,Bachelor,7,0.34,0.55,Hybrid,38780,Low,3,43,Startup,Moderate,3.31,No,1.44,Growing
AIJ-101873,Cybersecurity Analyst,Education,Australia,Master,18,0.34,0.79,No,151984,Medium,6,52,Medium,Low,4.08,No,2.27,Stable
AIJ-101874,Data Engineer,Finance,Pakistan,Bachelor,23,0.93,0.43,No,165845,High,43,60,Enterprise,High,4.9,Yes,4.27,Stable
AIJ-101875,Digital Marketer,Media,Pakistan,High School,10,0.71,0.58,No,95445,Medium,8,53,Medium,Moderate,4.98,No,1.24,Stable
AIJ-101876,UX Designer,Energy,Pakistan,High School,5,0.94,0.88,No,88547,Medium,22,60,Medium,Low,2.75,No,3.99,Stable
AIJ-101877,Software Developer,Retail,Pakistan,PhD,1,0.19,0.44,No,124257,Low,10,57,Medium,High,3.41,Yes,2.61,Growing
AIJ-101878,Blockchain Developer,Healthcare,Australia,High School,21,0.95,0.78,Hybrid,68101,High,32,42,Startup,High,4.79,No,3.32,Stable
AIJ-101879,Data Engineer,Manufacturing,India,PhD,17,0.62,0.22,No,209445,High,1,43,Enterprise,Low,3.71,Yes,4.67,Growing
AIJ-101880,Digital Marketer,Finance,Singapore,High School,24,0.76,0.96,No,213945,Low,12,37,Enterprise,High,2.75,Yes,4.65,Stable
AIJ-101881,Product Manager,Education,Canada,Master,24,0.54,0.33,Yes,171235,Low,4,41,Medium,Low,2.08,Yes,3.02,Stable
AIJ-101882,Prompt Engineer,Manufacturing,UAE,High School,13,0.33,0.55,Hybrid,173304,High,35,43,Enterprise,Low,2.28,Yes,4.12,Stable
AIJ-101883,Healthcare Analyst,Energy,India,Bachelor,9,0.82,0.52,No,170573,Medium,-7,51,Enterprise,High,4.47,Yes,1.84,Growing
AIJ-101884,Prompt Engineer,Transportation,Germany,PhD,6,0.59,0.71,Yes,105885,Medium,2,37,Startup,High,2.88,Yes,1.41,Declining
AIJ-101885,Product Manager,Retail,UAE,Master,18,0.85,0.45,Yes,42871,High,-5,43,Startup,Moderate,4.56,Yes,4.43,Growing
AIJ-101886,DevOps Engineer,Education,Australia,PhD,5,0.69,0.74,Yes,131761,High,7,41,Medium,Moderate,2.22,Yes,3.13,Stable
AIJ-101887,Data Scientist,Media,India,PhD,2,0.12,0.86,Yes,196161,Medium,36,54,Medium,High,2.13,Yes,1.73,Stable
AIJ-101888,Healthcare Analyst,Education,Singapore,High School,23,0.62,0.55,No,190558,Low,9,38,Startup,Low,3.25,No,3.18,Stable
AIJ-101889,UX Designer,Finance,Germany,Bachelor,11,0.44,0.24,No,76582,High,6,57,Startup,Moderate,2.23,Yes,3.57,Declining
AIJ-101890,Data Scientist,Energy,Australia,PhD,3,0.65,0.22,No,120716,High,11,37,Startup,High,2.6,Yes,3,Declining
AIJ-101891,Machine Learning Engineer,Retail,Japan,Bachelor,5,0.78,0.33,Yes,174809,Low,22,60,Enterprise,High,2.22,Yes,1.19,Growing
AIJ-101892,DevOps Engineer,Government,Australia,Bachelor,10,0.54,0.29,Yes,71398,Medium,38,31,Medium,High,2.68,Yes,2.11,Growing
AIJ-101893,Machine Learning Engineer,Manufacturing,USA,Bachelor,15,0.1,0.85,No,210354,High,15,56,Startup,Low,3.68,No,2.18,Growing
AIJ-101894,Software Developer,Media,Pakistan,High School,6,0.24,0.66,Yes,99734,Low,23,43,Enterprise,Moderate,4.46,No,3.23,Growing
AIJ-101895,Product Manager,Transportation,Canada,Master,18,0.07,0.97,Yes,101403,Medium,-3,47,Startup,Low,3.4,Yes,1.42,Growing
AIJ-101896,HR Specialist,Healthcare,Canada,PhD,3,0.28,0.65,No,90687,Medium,44,52,Startup,Low,2.6,No,2.43,Growing
AIJ-101897,Teacher,Energy,Australia,PhD,0,0.73,0.58,No,102911,Low,4,42,Medium,High,2.17,No,4.4,Stable
AIJ-101898,Teacher,Education,Singapore,Bachelor,11,0.54,0.35,Yes,165465,High,33,60,Enterprise,High,2.85,No,1.86,Declining
AIJ-101899,Blockchain Developer,Manufacturing,UK,PhD,13,0.6,0.76,Hybrid,156655,Medium,25,59,Startup,Low,4,Yes,2.71,Stable
AIJ-101900,Healthcare Analyst,Education,UAE,PhD,8,0.8,0.64,Yes,95141,High,43,58,Enterprise,Low,4.27,Yes,1.05,Growing
AIJ-101901,Data Engineer,Manufacturing,Germany,Bachelor,19,0.84,0.51,Hybrid,166817,Medium,5,39,Enterprise,Low,2.28,No,3.48,Growing
AIJ-101902,Blockchain Developer,Technology,India,High School,18,0.23,0.89,No,147841,Medium,24,32,Enterprise,Moderate,3.09,No,4.91,Stable
AIJ-101903,Data Scientist,Manufacturing,UAE,Bachelor,12,0.65,0.81,Hybrid,95750,High,27,33,Startup,High,4.6,Yes,2.17,Declining
AIJ-101904,Cloud Architect,Media,Singapore,PhD,21,0.48,0.76,No,72348,Low,33,53,Medium,High,3.76,No,2.28,Stable
AIJ-101905,Data Engineer,Manufacturing,UAE,PhD,14,0.74,0.29,Yes,99124,Low,14,40,Medium,High,2.48,Yes,3.21,Declining
AIJ-101906,HR Specialist,Healthcare,Japan,PhD,0,0.87,0.33,Hybrid,181375,High,8,33,Enterprise,High,3.04,No,4.5,Declining
AIJ-101907,HR Specialist,Energy,UAE,High School,15,0.23,0.62,Yes,126576,Medium,38,49,Medium,Moderate,3.64,Yes,2.08,Stable
AIJ-101908,AI Engineer,Finance,Germany,High School,1,0.08,0.55,Hybrid,137557,Medium,9,54,Startup,Moderate,4.31,No,1.64,Stable
AIJ-101909,UX Designer,Retail,Japan,PhD,18,0.76,0.32,Hybrid,84036,High,-1,58,Medium,Low,4.39,No,3.76,Stable
AIJ-101910,Digital Marketer,Transportation,Canada,High School,22,0.86,0.56,No,176877,Low,27,53,Enterprise,Low,3.06,Yes,4.18,Growing
AIJ-101911,Robotics Engineer,Education,USA,Master,1,0.05,0.7,Yes,154640,Medium,14,60,Startup,Low,2.88,Yes,4.6,Stable
AIJ-101912,Blockchain Developer,Government,UAE,High School,14,0.95,0.55,No,70828,Low,37,60,Medium,Low,3.23,No,1.71,Growing
AIJ-101913,DevOps Engineer,Transportation,Australia,Bachelor,5,0.62,0.58,No,218557,Low,-1,53,Medium,Moderate,2.74,Yes,2.59,Declining
AIJ-101914,Software Developer,Manufacturing,Australia,High School,9,0.95,0.42,No,156482,Medium,22,35,Enterprise,Low,4.05,No,3.48,Stable
AIJ-101915,Digital Marketer,Retail,USA,PhD,7,0.65,0.35,Yes,46952,Low,-1,55,Enterprise,Low,4.45,No,2.54,Stable
AIJ-101916,Cloud Architect,Energy,Japan,Master,7,0.62,0.42,No,194419,Low,34,35,Enterprise,High,3.3,Yes,2.87,Growing
AIJ-101917,Blockchain Developer,Education,UK,High School,7,0.93,0.61,No,117275,Medium,44,47,Enterprise,High,3.15,No,2.33,Stable
AIJ-101918,Financial Analyst,Transportation,USA,Master,5,0.08,0.21,Hybrid,121168,Medium,-8,47,Medium,High,3.48,No,2.16,Declining
AIJ-101919,Software Developer,Energy,Germany,Master,13,0.89,0.64,Yes,186421,Low,14,50,Startup,Moderate,4,Yes,2.46,Stable
AIJ-101920,Blockchain Developer,Education,India,Master,25,0.58,0.37,No,75261,High,31,30,Enterprise,Low,3.87,No,2.69,Declining
AIJ-101921,Prompt Engineer,Healthcare,Pakistan,Bachelor,22,0.74,0.51,No,209108,Medium,5,34,Startup,Low,4.54,No,4.61,Stable
AIJ-101922,Machine Learning Engineer,Government,UAE,High School,19,0.15,0.62,Hybrid,58348,High,7,31,Enterprise,High,4.64,No,1.99,Stable
AIJ-101923,Data Scientist,Technology,Singapore,High School,10,0.49,0.93,Hybrid,95467,High,41,48,Enterprise,Low,2.99,Yes,3.19,Stable
AIJ-101924,Data Engineer,Healthcare,USA,Master,12,0.69,0.22,Hybrid,38737,Low,11,60,Enterprise,High,4.16,No,4.24,Growing
AIJ-101925,DevOps Engineer,Government,India,PhD,0,0.95,0.28,Yes,213934,High,-6,35,Medium,Moderate,4.89,No,4.1,Declining
AIJ-101926,UX Designer,Government,Singapore,Master,18,0.41,0.33,Hybrid,149809,High,10,49,Startup,Low,3.17,Yes,1,Declining
AIJ-101927,Cloud Architect,Energy,Australia,Master,15,0.43,0.74,Hybrid,159875,High,-4,36,Startup,Moderate,4.94,No,4.4,Stable
AIJ-101928,Product Manager,Energy,UK,Master,6,0.14,0.41,Yes,40345,Low,44,37,Startup,Moderate,4.99,No,4.57,Growing
AIJ-101929,Financial Analyst,Manufacturing,UAE,Master,10,0.14,0.37,Hybrid,179031,Medium,-3,46,Enterprise,Low,4.06,Yes,3.31,Stable
AIJ-101930,Software Developer,Transportation,Singapore,Master,18,0.29,0.84,Hybrid,103204,High,-3,48,Startup,Low,3.3,No,2.49,Growing
AIJ-101931,Machine Learning Engineer,Finance,Germany,PhD,17,0.18,0.56,Yes,210444,Low,41,35,Medium,Moderate,2.69,No,1.49,Declining
AIJ-101932,Product Manager,Technology,Canada,PhD,15,0.89,0.87,Yes,65180,High,-9,43,Startup,High,2.89,Yes,1.53,Stable
AIJ-101933,Robotics Engineer,Education,Japan,High School,0,0.65,0.42,Hybrid,198437,Low,1,60,Startup,High,4.1,No,4.35,Growing
AIJ-101934,Software Developer,Technology,Canada,High School,21,0.91,0.4,Yes,156371,Medium,-10,47,Startup,High,2.75,No,4.38,Declining
AIJ-101935,Digital Marketer,Education,India,Bachelor,4,0.76,0.79,No,198912,Low,27,37,Enterprise,Low,2.4,Yes,2.44,Stable
AIJ-101936,Cloud Architect,Media,Singapore,Master,5,0.45,0.47,Yes,73215,Low,8,46,Medium,Moderate,4.99,Yes,3.84,Declining
AIJ-101937,Robotics Engineer,Transportation,Pakistan,Bachelor,11,0.78,0.21,Hybrid,204890,High,40,49,Medium,Moderate,4.26,Yes,4.52,Growing
AIJ-101938,Healthcare Analyst,Retail,Australia,High School,13,0.17,0.7,Hybrid,69377,High,35,50,Medium,High,4.85,No,3.98,Stable
AIJ-101939,HR Specialist,Manufacturing,Japan,Master,24,0.72,0.26,Hybrid,88936,Medium,40,48,Startup,High,4.92,Yes,3.85,Stable
AIJ-101940,IoT Specialist,Government,Australia,Bachelor,12,0.61,0.56,Hybrid,159585,Low,22,59,Enterprise,Moderate,4.65,No,2.17,Growing
AIJ-101941,Data Scientist,Technology,Singapore,High School,0,0.19,0.88,Yes,65427,Low,37,38,Startup,High,4.45,No,3.38,Stable
AIJ-101942,HR Specialist,Technology,Japan,PhD,14,0.34,0.47,Yes,96416,High,34,55,Enterprise,Low,3.99,Yes,1.01,Stable
AIJ-101943,Robotics Engineer,Government,Australia,PhD,11,0.64,0.58,Hybrid,206524,High,-2,49,Medium,High,2.6,Yes,4.8,Stable
AIJ-101944,Business Analyst,Retail,Germany,Bachelor,10,0.19,0.46,Yes,77196,Medium,19,41,Enterprise,Moderate,4.04,No,2.78,Stable
AIJ-101945,Robotics Engineer,Government,UAE,High School,8,0.09,0.73,Yes,32378,Medium,20,32,Enterprise,High,3.88,Yes,4.82,Stable
AIJ-101946,DevOps Engineer,Government,UAE,Master,15,0.95,0.51,Yes,215593,High,-5,44,Startup,Low,2.87,Yes,2.47,Stable
AIJ-101947,Financial Analyst,Finance,Pakistan,Master,17,0.73,0.51,No,180161,High,37,58,Medium,Moderate,2.62,Yes,2.9,Growing
AIJ-101948,Robotics Engineer,Transportation,Australia,Master,23,0.52,0.38,No,186077,High,33,60,Startup,Low,4.04,Yes,2.04,Growing
AIJ-101949,Healthcare Analyst,Energy,India,Master,7,0.57,0.34,Hybrid,145709,Low,27,40,Startup,High,3.82,No,2.57,Stable
AIJ-101950,AI Engineer,Manufacturing,Canada,PhD,8,0.4,0.76,Yes,60964,Medium,22,44,Enterprise,High,4.54,Yes,4.48,Growing
AIJ-101951,IoT Specialist,Education,Japan,PhD,11,0.74,0.9,Yes,81225,Medium,30,58,Startup,High,2.95,No,2.76,Stable
AIJ-101952,IoT Specialist,Healthcare,UK,PhD,19,0.52,0.66,Hybrid,39681,Low,10,39,Enterprise,High,2.55,No,1.04,Growing
AIJ-101953,Business Analyst,Transportation,India,PhD,0,0.93,0.51,Yes,179927,Low,5,43,Enterprise,High,2.86,No,3,Declining
AIJ-101954,HR Specialist,Manufacturing,Australia,High School,15,0.68,0.71,No,46547,High,13,40,Enterprise,High,2.47,Yes,3.77,Stable
AIJ-101955,Business Analyst,Technology,UK,Bachelor,17,0.07,0.98,Hybrid,144603,Low,28,59,Startup,Low,3.07,Yes,3.17,Stable
AIJ-101956,DevOps Engineer,Media,India,PhD,8,0.63,0.44,No,71064,Medium,33,41,Medium,Low,3.36,Yes,4.59,Declining
AIJ-101957,AI Engineer,Media,UAE,Master,12,0.7,0.24,Hybrid,173217,Medium,42,59,Medium,Low,4.24,No,3.17,Growing
AIJ-101958,Data Engineer,Energy,UAE,PhD,25,0.15,0.64,No,198230,Medium,21,43,Startup,High,2.64,No,2.51,Stable
AIJ-101959,UX Designer,Government,Australia,Bachelor,6,0.26,0.85,No,146047,High,45,34,Startup,High,3.29,Yes,3.01,Growing
AIJ-101960,IoT Specialist,Education,India,Master,1,0.25,0.43,No,174025,Low,-3,49,Medium,Low,2.96,Yes,2.01,Declining
AIJ-101961,Blockchain Developer,Education,Australia,PhD,0,0.29,0.95,Hybrid,157614,High,38,53,Medium,High,2.34,Yes,2.76,Stable
AIJ-101962,Product Manager,Transportation,India,Master,20,0.45,0.62,No,121769,Medium,-3,37,Startup,High,3.84,No,4.84,Stable
AIJ-101963,IoT Specialist,Transportation,India,Bachelor,14,0.21,0.58,Hybrid,155166,Low,-5,34,Startup,High,2.82,No,2.78,Stable
AIJ-101964,Data Engineer,Education,UK,Bachelor,19,0.35,0.59,Yes,205325,High,39,30,Startup,Moderate,3.77,No,2.15,Growing
AIJ-101965,Healthcare Analyst,Government,Canada,Bachelor,8,0.34,0.49,No,38497,Low,8,43,Startup,High,4.22,No,1.41,Declining
AIJ-101966,Business Analyst,Manufacturing,Germany,Master,19,0.93,0.52,No,92061,Medium,42,48,Enterprise,High,2.06,No,4.99,Declining
AIJ-101967,Healthcare Analyst,Transportation,Singapore,Bachelor,24,0.49,0.59,Hybrid,194942,Medium,2,44,Medium,Low,2.14,No,2.82,Growing
AIJ-101968,Product Manager,Manufacturing,Pakistan,High School,25,0.56,0.72,Yes,160702,High,31,39,Medium,Moderate,3.99,No,3.82,Growing
AIJ-101969,Prompt Engineer,Manufacturing,UK,PhD,16,0.26,0.34,Yes,68683,Medium,8,42,Startup,Low,3,No,3.68,Growing
AIJ-101970,Blockchain Developer,Finance,India,Master,17,0.45,0.36,Yes,174479,High,27,55,Enterprise,Moderate,4.01,No,1.03,Stable
AIJ-101971,Software Developer,Energy,Singapore,Bachelor,19,0.4,0.69,No,155100,Low,39,44,Enterprise,High,4.92,No,1.33,Declining
AIJ-101972,Cloud Architect,Manufacturing,Australia,Bachelor,17,0.21,0.82,No,170176,Low,42,59,Startup,Moderate,4.6,No,1.9,Growing
AIJ-101973,Digital Marketer,Technology,Australia,Bachelor,18,0.13,0.57,Yes,155683,High,13,46,Startup,Low,3.22,No,3.73,Growing
AIJ-101974,DevOps Engineer,Manufacturing,Australia,High School,12,0.45,0.36,No,133459,Medium,13,59,Medium,High,3.07,Yes,3.94,Stable
AIJ-101975,Software Developer,Manufacturing,USA,Master,1,0.62,0.9,Yes,156193,Medium,34,56,Enterprise,High,3.95,Yes,1.1,Growing
AIJ-101976,IoT Specialist,Finance,USA,High School,4,0.36,0.6,No,124316,Low,-9,55,Medium,Low,3.11,No,3.94,Stable
AIJ-101977,Cloud Architect,Healthcare,Pakistan,Master,20,0.52,0.29,No,208397,Medium,-5,37,Enterprise,Moderate,2.05,No,2.76,Growing
AIJ-101978,Data Engineer,Government,UK,Bachelor,20,0.33,0.64,No,38891,Low,15,57,Enterprise,High,4.05,No,2.24,Stable
AIJ-101979,AI Engineer,Education,Australia,Bachelor,17,0.68,0.91,Yes,162699,Medium,8,45,Startup,Low,2.91,No,4.08,Growing
AIJ-101980,Machine Learning Engineer,Retail,India,PhD,12,0.26,0.25,Hybrid,107800,Low,32,49,Startup,Low,4.19,No,2.43,Growing
AIJ-101981,Robotics Engineer,Technology,Japan,PhD,3,0.62,0.87,Hybrid,57391,Medium,-7,48,Enterprise,High,4.84,Yes,1.29,Declining
AIJ-101982,Data Engineer,Retail,Australia,High School,21,0.25,0.21,Yes,194287,High,-4,41,Startup,Low,3.14,No,2.04,Stable
AIJ-101983,Software Developer,Transportation,Australia,PhD,12,0.83,0.37,Yes,58312,Low,40,54,Enterprise,Moderate,4.78,No,2.95,Stable
AIJ-101984,Digital Marketer,Healthcare,Pakistan,PhD,3,0.16,0.91,No,200925,Low,7,35,Medium,Low,2.8,No,2.79,Stable
AIJ-101985,Financial Analyst,Media,UK,PhD,23,0.38,0.54,Hybrid,104430,Medium,36,41,Medium,Low,3.98,Yes,4.34,Growing
AIJ-101986,Business Analyst,Media,Germany,PhD,7,0.8,0.31,Hybrid,188057,Medium,10,53,Startup,Moderate,4.7,No,3.68,Declining
AIJ-101987,DevOps Engineer,Healthcare,Germany,Master,6,0.85,0.2,No,74658,Low,10,41,Medium,Moderate,2.26,Yes,1.57,Stable
AIJ-101988,Data Scientist,Government,Pakistan,Master,4,0.83,0.48,Hybrid,48977,Medium,39,34,Medium,Moderate,2.02,No,4.61,Growing
AIJ-101989,Cybersecurity Analyst,Finance,Australia,Bachelor,6,0.68,0.55,No,153420,Low,34,51,Startup,High,3.85,No,3.12,Declining
AIJ-101990,Software Developer,Transportation,UAE,PhD,14,0.46,0.39,No,137328,Medium,29,40,Enterprise,High,4.58,No,4.05,Growing
AIJ-101991,Business Analyst,Energy,UAE,Master,20,0.6,0.35,No,49116,Low,45,56,Enterprise,Moderate,3.23,No,3.84,Growing
AIJ-101992,Product Manager,Education,UK,High School,6,0.63,0.91,Yes,199388,Medium,-3,58,Enterprise,High,4.33,Yes,2.93,Growing
AIJ-101993,Data Engineer,Education,Germany,Bachelor,3,0.09,0.36,Hybrid,208412,Medium,40,51,Enterprise,Low,3.54,Yes,2.59,Stable
AIJ-101994,Teacher,Education,Singapore,Master,6,0.17,0.25,Yes,61256,Low,12,38,Enterprise,Low,3.69,Yes,2.44,Declining
AIJ-101995,DevOps Engineer,Finance,Germany,PhD,11,0.39,0.54,Yes,161100,Medium,15,31,Startup,Moderate,4.74,Yes,4.24,Stable
AIJ-101996,Software Developer,Energy,Canada,Bachelor,10,0.62,0.63,Yes,212533,Medium,-2,32,Startup,High,2.87,Yes,2.29,Stable
AIJ-101997,IoT Specialist,Manufacturing,UK,PhD,16,0.11,0.65,No,190376,Medium,13,31,Enterprise,Low,3.26,Yes,4.05,Growing
AIJ-101998,AI Engineer,Media,UAE,High School,8,0.91,0.57,Yes,81370,High,-9,36,Enterprise,Low,3.81,Yes,1.1,Declining
AIJ-101999,Robotics Engineer,Transportation,India,Master,20,0.48,0.7,No,200910,High,23,52,Enterprise,High,3.85,Yes,1.92,Stable
AIJ-102000,Machine Learning Engineer,Finance,Japan,PhD,21,0.19,0.82,Hybrid,84319,Low,39,40,Medium,Low,2.34,Yes,3.2,Stable
AIJ-102001,Teacher,Retail,UAE,High School,1,0.53,0.82,No,124635,High,43,56,Enterprise,Low,4.21,No,4.01,Declining
AIJ-102002,Data Scientist,Retail,Pakistan,Bachelor,17,0.37,0.7,No,125814,Medium,-8,30,Enterprise,Moderate,4.24,Yes,3.47,Declining
AIJ-102003,Financial Analyst,Government,Singapore,High School,9,0.62,0.26,Yes,89512,Low,5,33,Medium,High,3.26,No,2.06,Declining
AIJ-102004,Business Analyst,Education,Pakistan,Bachelor,0,0.08,0.9,No,207518,Low,1,55,Medium,Low,4.06,Yes,1.31,Stable
AIJ-102005,AI Engineer,Media,UK,Bachelor,3,0.26,0.5,Yes,106764,Low,20,32,Enterprise,Moderate,2.36,No,2.27,Growing
AIJ-102006,Cybersecurity Analyst,Government,USA,High School,24,0.62,0.49,No,175248,Medium,39,44,Startup,High,3.07,No,4.99,Stable
AIJ-102007,Data Scientist,Finance,UK,PhD,15,0.21,0.29,Yes,200959,Low,15,43,Medium,High,3.27,Yes,2.18,Declining
AIJ-102008,AI Engineer,Manufacturing,UAE,High School,15,0.31,0.72,No,182037,Low,-1,34,Enterprise,Moderate,4.59,No,3.78,Growing
AIJ-102009,Product Manager,Government,Canada,PhD,23,0.47,0.92,Hybrid,193694,Low,-4,45,Startup,Moderate,4.6,Yes,1.37,Stable
AIJ-102010,Robotics Engineer,Energy,UAE,Bachelor,2,0.68,0.6,Hybrid,125488,Low,18,32,Enterprise,Moderate,4.69,No,1.37,Declining
AIJ-102011,Business Analyst,Retail,USA,High School,20,0.1,0.48,Yes,31288,Medium,15,58,Startup,Moderate,2.09,Yes,1.83,Declining
AIJ-102012,Product Manager,Healthcare,UAE,Bachelor,0,0.24,0.38,Yes,53717,Medium,20,48,Medium,Moderate,4.87,No,2.04,Declining
AIJ-102013,AI Engineer,Transportation,Singapore,Bachelor,9,0.82,0.82,Yes,219477,Low,16,57,Medium,Low,2.81,Yes,2.21,Growing
AIJ-102014,DevOps Engineer,Finance,India,Bachelor,4,0.34,0.43,Yes,133744,Low,31,43,Medium,Low,4.23,Yes,2.69,Growing
AIJ-102015,Cloud Architect,Manufacturing,Japan,Bachelor,7,0.9,0.67,No,121149,High,17,42,Medium,Low,2.19,No,2.15,Stable
AIJ-102016,Data Scientist,Energy,USA,Master,20,0.83,0.66,No,112437,Low,-4,52,Startup,Moderate,4.94,Yes,4.73,Growing
AIJ-102017,AI Engineer,Transportation,Singapore,PhD,18,0.06,0.59,Hybrid,186925,High,10,44,Enterprise,Moderate,2.16,Yes,4.94,Stable
AIJ-102018,Digital Marketer,Retail,Germany,Master,20,0.49,0.86,Hybrid,93031,High,20,37,Medium,High,3.43,Yes,3.66,Growing
AIJ-102019,AI Engineer,Retail,USA,Bachelor,15,0.78,0.75,Yes,113825,Low,37,33,Enterprise,Moderate,3.86,No,2.07,Declining
AIJ-102020,Financial Analyst,Transportation,Japan,Bachelor,16,0.64,0.48,Yes,187014,High,7,44,Enterprise,Low,3.17,Yes,2.59,Declining
AIJ-102021,AI Engineer,Energy,UK,PhD,16,0.14,0.67,Hybrid,100623,High,-9,46,Enterprise,High,4.24,Yes,2.58,Declining
AIJ-102022,Software Developer,Media,UK,Bachelor,6,0.46,0.66,Yes,187987,Low,1,40,Medium,Moderate,3.5,No,1.01,Growing
AIJ-102023,Cloud Architect,Retail,Canada,Bachelor,8,0.43,0.74,Yes,213318,Medium,31,52,Medium,Low,2.43,No,3.6,Declining
AIJ-102024,AI Engineer,Transportation,Japan,Bachelor,15,0.19,0.68,No,78532,Low,13,50,Enterprise,Moderate,2.2,No,1.57,Declining
AIJ-102025,Financial Analyst,Manufacturing,Singapore,PhD,15,0.78,0.2,Hybrid,180648,High,28,37,Medium,Moderate,4.01,Yes,2.95,Stable
AIJ-102026,Cybersecurity Analyst,Finance,Japan,Bachelor,2,0.61,0.53,Yes,208524,Medium,-4,33,Enterprise,High,2.22,Yes,1.2,Declining
AIJ-102027,UX Designer,Media,India,High School,5,0.21,0.41,Yes,181197,Low,42,53,Startup,Low,2.68,Yes,4.63,Growing
AIJ-102028,HR Specialist,Retail,Germany,High School,7,0.48,0.94,No,218622,Low,23,41,Enterprise,Moderate,4.88,Yes,2.92,Declining
AIJ-102029,Software Developer,Energy,USA,High School,19,0.78,0.79,Hybrid,78707,Low,18,32,Medium,Low,3.87,Yes,4.7,Growing
AIJ-102030,Digital Marketer,Media,Canada,High School,7,0.62,0.98,Yes,144732,Medium,-7,51,Medium,High,2.8,Yes,2.22,Stable
AIJ-102031,Digital Marketer,Manufacturing,Pakistan,Bachelor,6,0.84,0.21,No,114114,High,36,33,Enterprise,Low,4.34,Yes,3.67,Declining
AIJ-102032,UX Designer,Transportation,UAE,Bachelor,10,0.89,0.78,Hybrid,170231,Medium,37,41,Startup,Moderate,2.21,No,2.7,Stable
AIJ-102033,Prompt Engineer,Energy,Australia,PhD,1,0.72,0.55,Hybrid,34230,High,34,42,Startup,Low,2.27,Yes,3.87,Growing
AIJ-102034,IoT Specialist,Education,Canada,Bachelor,8,0.72,0.22,Hybrid,94199,Low,4,45,Medium,High,2.23,No,1.03,Declining
AIJ-102035,Robotics Engineer,Manufacturing,Singapore,Bachelor,1,0.57,0.89,No,33818,Low,41,33,Medium,Low,4.48,No,4.9,Stable
AIJ-102036,AI Engineer,Energy,Pakistan,Bachelor,18,0.48,0.32,Hybrid,114218,High,-9,40,Enterprise,Low,3.15,No,3.5,Declining
AIJ-102037,Financial Analyst,Transportation,Singapore,High School,7,0.86,0.78,No,192895,High,34,40,Startup,High,2.3,No,3.16,Growing
AIJ-102038,Data Engineer,Healthcare,UAE,Master,9,0.45,0.99,Yes,212720,Low,10,38,Startup,High,3.08,Yes,4.89,Stable
AIJ-102039,IoT Specialist,Manufacturing,Japan,Bachelor,1,0.76,0.24,Yes,133168,Low,4,58,Medium,High,2.24,Yes,2.4,Growing
AIJ-102040,DevOps Engineer,Manufacturing,India,Master,0,0.56,0.87,Yes,101242,Low,-8,58,Medium,Low,2.07,No,2.02,Stable
AIJ-102041,Machine Learning Engineer,Manufacturing,Australia,High School,9,0.92,0.84,Hybrid,122014,High,28,34,Medium,Moderate,3.27,No,2.77,Declining
AIJ-102042,Cybersecurity Analyst,Media,Canada,Bachelor,21,0.68,0.68,Yes,50740,Medium,12,35,Enterprise,High,3.12,Yes,2.47,Stable
AIJ-102043,IoT Specialist,Retail,Canada,PhD,21,0.35,0.22,No,48517,Medium,41,45,Enterprise,High,3.16,Yes,4.27,Declining
AIJ-102044,AI Engineer,Finance,Pakistan,Master,12,0.16,0.56,Yes,153682,Medium,22,38,Medium,Moderate,3.14,No,2.13,Growing
AIJ-102045,Cybersecurity Analyst,Education,UAE,Bachelor,8,0.54,0.35,Hybrid,47645,High,33,38,Medium,High,3.79,Yes,4.12,Stable
AIJ-102046,HR Specialist,Retail,Australia,Master,24,0.94,0.22,Hybrid,31301,Medium,15,37,Enterprise,Low,3.93,No,3.24,Growing
AIJ-102047,DevOps Engineer,Retail,Japan,PhD,6,0.41,0.7,No,155132,High,-8,40,Startup,Moderate,4.57,No,1.45,Declining
AIJ-102048,DevOps Engineer,Energy,Australia,High School,22,0.45,0.55,Hybrid,149991,Low,27,33,Enterprise,Low,4.68,Yes,2.52,Stable
AIJ-102049,Product Manager,Manufacturing,Australia,PhD,10,0.44,0.66,Hybrid,34062,Low,-9,50,Medium,High,3.31,Yes,4.19,Growing
AIJ-102050,UX Designer,Technology,Pakistan,PhD,14,0.45,0.96,Yes,59093,Low,13,60,Enterprise,Low,4.09,No,2.47,Stable
AIJ-102051,Business Analyst,Transportation,India,Master,23,0.34,0.49,Hybrid,195132,Medium,12,40,Enterprise,Moderate,4.13,No,2.56,Growing
AIJ-102052,Data Scientist,Government,Pakistan,Bachelor,24,0.05,0.91,Yes,117546,High,18,35,Medium,High,3.41,Yes,2.9,Growing
AIJ-102053,DevOps Engineer,Energy,USA,Bachelor,13,0.57,0.42,No,71311,High,24,30,Enterprise,Low,4.33,No,3.73,Stable
AIJ-102054,Teacher,Energy,Canada,PhD,11,0.37,0.24,Yes,156339,Medium,21,57,Medium,High,3.58,Yes,2.11,Declining
AIJ-102055,IoT Specialist,Finance,Pakistan,Bachelor,11,0.44,0.46,Yes,209986,Low,14,49,Startup,Moderate,3.28,No,3.12,Stable
AIJ-102056,Business Analyst,Retail,Japan,High School,4,0.09,0.61,Yes,81557,Medium,9,37,Startup,Moderate,3.72,Yes,4.03,Stable
AIJ-102057,Teacher,Healthcare,Canada,Bachelor,18,0.66,0.7,No,190117,Medium,6,31,Startup,Low,4.97,Yes,3.21,Growing
AIJ-102058,Software Developer,Technology,Germany,Bachelor,18,0.58,0.28,Hybrid,51524,Low,13,49,Medium,Moderate,4.04,No,1.62,Growing
AIJ-102059,Machine Learning Engineer,Media,Singapore,Master,12,0.66,0.9,Yes,105233,Medium,36,45,Startup,Moderate,3.88,No,1.21,Declining
AIJ-102060,Blockchain Developer,Government,Germany,High School,12,0.76,0.74,Yes,50793,Medium,-8,60,Medium,Moderate,2.59,No,2.77,Growing
AIJ-102061,Blockchain Developer,Transportation,Japan,Bachelor,23,0.47,0.51,Hybrid,176368,High,23,48,Medium,High,2.24,Yes,4.42,Stable
AIJ-102062,Cybersecurity Analyst,Technology,India,High School,14,0.76,0.5,No,191631,High,45,57,Startup,High,3.13,No,2.25,Growing
AIJ-102063,Robotics Engineer,Technology,India,High School,22,0.65,0.24,Yes,34784,Medium,41,33,Enterprise,Low,2.4,No,2,Growing
AIJ-102064,Robotics Engineer,Government,Australia,Bachelor,25,0.38,0.62,No,56133,Medium,-9,32,Enterprise,Low,3.11,Yes,3.65,Declining
AIJ-102065,Cybersecurity Analyst,Education,UAE,High School,22,0.38,0.55,Yes,89047,High,34,52,Startup,High,4.08,No,3.27,Declining
AIJ-102066,Blockchain Developer,Education,UAE,Bachelor,7,0.06,0.95,Hybrid,214980,Medium,41,50,Enterprise,Low,2.25,Yes,1.39,Stable
AIJ-102067,Machine Learning Engineer,Retail,USA,High School,13,0.77,0.64,Yes,71435,Low,23,42,Medium,Moderate,4.54,No,4.71,Declining
AIJ-102068,IoT Specialist,Healthcare,Canada,High School,25,0.36,0.77,Yes,102547,Medium,11,31,Startup,Moderate,4.24,Yes,3.83,Growing
AIJ-102069,UX Designer,Transportation,UAE,PhD,13,0.59,0.35,Yes,214230,Medium,6,59,Enterprise,Moderate,3.13,No,2.89,Declining
AIJ-102070,UX Designer,Media,Australia,High School,24,0.28,0.24,Hybrid,184838,Medium,11,57,Medium,Low,4.22,Yes,2.99,Stable
AIJ-102071,Data Scientist,Healthcare,Japan,PhD,21,0.39,0.49,No,175840,Medium,21,31,Enterprise,Low,3.2,No,4.4,Stable
AIJ-102072,Software Developer,Government,India,Bachelor,23,0.13,0.44,No,103136,Medium,40,50,Startup,High,3.62,No,4.39,Declining
AIJ-102073,DevOps Engineer,Media,India,PhD,1,0.64,0.97,No,76341,Low,6,32,Medium,High,3.69,Yes,2.18,Declining
AIJ-102074,Digital Marketer,Energy,Pakistan,PhD,4,0.44,0.26,Hybrid,99383,Low,28,53,Enterprise,Moderate,3.17,Yes,3.73,Stable
AIJ-102075,Cybersecurity Analyst,Transportation,Pakistan,High School,22,0.08,0.59,Hybrid,33644,High,-10,30,Medium,Moderate,3.66,Yes,3.03,Stable
AIJ-102076,DevOps Engineer,Energy,UAE,Bachelor,22,0.44,0.58,Yes,41990,High,36,35,Startup,High,4.28,No,3.34,Declining
AIJ-102077,Teacher,Transportation,Singapore,Bachelor,6,0.19,0.95,No,125300,Medium,7,55,Enterprise,Low,4.69,Yes,1.68,Declining
AIJ-102078,Data Engineer,Technology,Canada,Bachelor,21,0.4,0.78,Yes,169828,Medium,38,42,Startup,Low,3.6,No,1.38,Declining
AIJ-102079,Prompt Engineer,Finance,USA,PhD,22,0.79,0.23,Yes,48314,Medium,-7,37,Medium,Moderate,3.86,Yes,2.27,Stable
AIJ-102080,Data Engineer,Energy,Germany,PhD,1,0.93,0.52,Yes,121021,Medium,5,57,Medium,High,3.46,Yes,4.24,Growing
AIJ-102081,Prompt Engineer,Government,India,High School,19,0.09,0.63,No,35143,High,41,59,Medium,Low,4.47,No,4.65,Growing
AIJ-102082,Data Engineer,Retail,Singapore,Master,7,0.63,0.55,Hybrid,114571,High,4,60,Startup,Low,2.83,Yes,1.9,Stable
AIJ-102083,Financial Analyst,Government,USA,Master,9,0.83,0.74,No,153289,High,-7,50,Medium,High,3.66,Yes,1.23,Stable
AIJ-102084,Financial Analyst,Healthcare,Germany,High School,21,0.19,0.56,Yes,98913,Medium,30,55,Startup,Low,4.69,No,4.66,Stable
AIJ-102085,Machine Learning Engineer,Media,UK,Master,25,0.21,0.44,Yes,130351,Medium,0,41,Medium,Low,2.55,No,3.77,Growing
AIJ-102086,Blockchain Developer,Healthcare,Canada,PhD,17,0.16,0.46,Hybrid,96294,Medium,33,54,Medium,Low,4.16,Yes,1.83,Growing
AIJ-102087,Robotics Engineer,Healthcare,UK,High School,22,0.51,0.48,Yes,54271,Medium,6,50,Startup,Moderate,4.2,No,1.27,Stable
AIJ-102088,Data Engineer,Government,Japan,Master,14,0.68,0.31,Yes,130315,High,19,56,Enterprise,Low,2.13,Yes,3.7,Declining
AIJ-102089,Blockchain Developer,Healthcare,UK,Master,3,0.42,0.53,Yes,41892,Medium,3,49,Medium,High,2.26,No,3.14,Declining
AIJ-102090,Financial Analyst,Education,Canada,Master,23,0.22,0.44,No,142072,High,28,55,Medium,Moderate,4.86,Yes,2.47,Growing
AIJ-102091,Data Engineer,Transportation,Japan,PhD,13,0.76,0.93,Yes,58256,Low,33,54,Startup,Low,2.6,No,1.62,Declining
AIJ-102092,Healthcare Analyst,Technology,Japan,Bachelor,15,0.65,0.51,Yes,68056,Medium,-10,30,Medium,Low,4.32,No,4.72,Stable
AIJ-102093,Healthcare Analyst,Transportation,Singapore,PhD,13,0.4,0.78,Yes,151663,Medium,22,30,Medium,Low,4.91,No,1.77,Declining
AIJ-102094,Data Engineer,Finance,India,PhD,15,0.46,0.27,Yes,182250,High,33,44,Medium,Low,3.57,No,1.55,Declining
AIJ-102095,Data Engineer,Government,Australia,High School,0,0.5,0.71,No,141048,Medium,44,55,Enterprise,High,4.72,Yes,4.5,Declining
AIJ-102096,Data Scientist,Energy,Singapore,High School,21,0.65,0.5,No,162010,High,-2,35,Enterprise,Moderate,2.3,No,4.97,Stable
AIJ-102097,Data Engineer,Technology,Japan,Master,23,0.55,0.62,No,99311,Medium,23,44,Enterprise,High,2.13,No,4.59,Growing
AIJ-102098,Blockchain Developer,Finance,Australia,High School,5,0.77,0.63,Yes,211416,Low,-6,51,Enterprise,High,2.09,No,3.99,Stable
AIJ-102099,IoT Specialist,Media,USA,Bachelor,14,0.32,0.71,Hybrid,169252,Low,31,54,Medium,High,4.77,Yes,2.76,Declining
AIJ-102100,Data Engineer,Healthcare,Germany,PhD,6,0.35,0.95,Hybrid,157562,Low,8,56,Startup,Low,4.52,No,2.55,Declining
AIJ-102101,Machine Learning Engineer,Transportation,Germany,High School,11,0.8,0.59,Hybrid,172768,High,20,43,Medium,Low,2.1,No,4.3,Stable
AIJ-102102,Prompt Engineer,Finance,Canada,PhD,16,0.35,0.55,Hybrid,136504,Medium,43,43,Medium,High,2.38,No,3.66,Stable
AIJ-102103,Teacher,Technology,UAE,Bachelor,4,0.46,0.68,Hybrid,180091,Medium,20,49,Medium,Low,3.3,Yes,1.4,Stable
AIJ-102104,Data Engineer,Energy,Singapore,Bachelor,7,0.44,0.93,Hybrid,91180,Low,41,36,Enterprise,High,4.25,No,1.55,Stable
AIJ-102105,AI Engineer,Education,Pakistan,PhD,11,0.42,0.54,No,52774,Medium,31,47,Startup,High,4.74,Yes,2.96,Declining
AIJ-102106,AI Engineer,Technology,Canada,Bachelor,13,0.61,0.2,No,134540,Medium,44,42,Enterprise,Low,3.76,No,1.3,Growing
AIJ-102107,HR Specialist,Manufacturing,India,Master,9,0.59,0.54,Hybrid,123223,Low,-8,31,Startup,Moderate,4.66,No,4.42,Declining
AIJ-102108,Data Engineer,Government,Singapore,PhD,21,0.21,0.76,Yes,119096,Low,21,54,Startup,Low,2.33,No,2.49,Stable
AIJ-102109,Cybersecurity Analyst,Healthcare,UAE,High School,6,0.61,0.74,Hybrid,135910,Medium,-10,50,Startup,Moderate,2.1,Yes,2.63,Declining
AIJ-102110,DevOps Engineer,Manufacturing,UK,PhD,21,0.33,0.65,Hybrid,110374,Medium,-7,57,Medium,Low,2.85,No,3.69,Stable
AIJ-102111,Financial Analyst,Education,Singapore,PhD,10,0.19,0.5,No,180212,High,30,58,Enterprise,Moderate,4.77,Yes,1.24,Growing
AIJ-102112,Digital Marketer,Technology,Canada,PhD,8,0.92,0.96,Hybrid,73172,Low,-9,59,Enterprise,Low,3.88,Yes,3.41,Stable
AIJ-102113,Robotics Engineer,Manufacturing,UAE,PhD,15,0.7,0.31,Hybrid,214083,High,36,39,Enterprise,Low,2.88,No,4.77,Declining
AIJ-102114,Business Analyst,Retail,Canada,High School,13,0.83,0.78,No,163676,High,40,51,Startup,Low,2.1,No,3.24,Stable
AIJ-102115,Software Developer,Media,UK,PhD,11,0.39,0.41,Hybrid,61746,Medium,28,45,Startup,Low,2.85,Yes,1.01,Growing
AIJ-102116,UX Designer,Manufacturing,Australia,Master,3,0.8,0.79,Hybrid,89924,Low,39,37,Medium,Low,4.76,No,1.22,Stable
AIJ-102117,HR Specialist,Manufacturing,Japan,Master,7,0.82,0.37,No,92741,Medium,24,53,Enterprise,Moderate,4.57,Yes,3.97,Declining
AIJ-102118,Machine Learning Engineer,Energy,India,Bachelor,3,0.12,0.28,Hybrid,48709,High,-5,40,Medium,Moderate,4.3,Yes,4.07,Growing
AIJ-102119,Data Scientist,Energy,UK,PhD,21,0.45,0.69,Yes,199165,Low,18,42,Startup,Moderate,4.14,Yes,1.52,Stable
AIJ-102120,Product Manager,Government,Germany,PhD,19,0.28,0.59,Hybrid,156160,Medium,21,51,Medium,Low,4.1,Yes,3.48,Growing
AIJ-102121,HR Specialist,Media,Germany,Master,14,0.38,0.41,Hybrid,207959,High,-1,46,Startup,Moderate,4.43,Yes,1.4,Stable
AIJ-102122,IoT Specialist,Healthcare,Pakistan,Master,23,0.48,0.42,Yes,172447,Low,3,32,Enterprise,Moderate,3.72,Yes,1.28,Growing
AIJ-102123,Cloud Architect,Transportation,Australia,Master,20,0.39,0.25,Yes,140892,Low,-3,55,Startup,Low,4.36,Yes,2.99,Stable
AIJ-102124,Healthcare Analyst,Education,Singapore,High School,20,0.05,0.3,No,62829,Low,-4,49,Enterprise,Low,2.99,Yes,4.55,Stable
AIJ-102125,Prompt Engineer,Finance,UK,PhD,16,0.83,0.95,Hybrid,105231,High,20,40,Startup,Low,2.23,No,1.65,Stable
AIJ-102126,Teacher,Education,Canada,Master,20,0.64,0.55,No,146933,Medium,31,49,Medium,Low,3.78,No,3.64,Stable
AIJ-102127,Software Developer,Transportation,UAE,High School,11,0.92,0.95,No,217845,Low,32,50,Medium,High,2.99,No,1.24,Growing
AIJ-102128,Business Analyst,Healthcare,Singapore,PhD,14,0.13,0.92,Yes,38000,Low,20,41,Enterprise,Low,2.82,No,2.66,Declining
AIJ-102129,Digital Marketer,Retail,USA,High School,0,0.7,0.24,Yes,100862,Medium,31,41,Medium,Moderate,3.14,No,2.85,Stable
AIJ-102130,Cybersecurity Analyst,Technology,Pakistan,High School,13,0.63,0.58,Hybrid,108868,Medium,29,30,Enterprise,Low,2.72,Yes,3.45,Stable
AIJ-102131,Prompt Engineer,Manufacturing,Germany,PhD,7,0.07,0.53,Yes,55605,Medium,3,54,Medium,Low,3.63,Yes,4.8,Growing
AIJ-102132,Prompt Engineer,Healthcare,Pakistan,High School,15,0.11,0.65,Yes,200221,Low,17,42,Startup,Moderate,3.81,Yes,2.73,Stable
AIJ-102133,IoT Specialist,Transportation,Japan,PhD,21,0.16,0.56,Yes,180502,Low,28,48,Medium,Moderate,3.33,No,3.69,Growing
AIJ-102134,Data Scientist,Media,UAE,Master,22,0.59,0.93,No,87406,Medium,44,48,Enterprise,High,4.72,Yes,2.02,Declining
AIJ-102135,Product Manager,Finance,Germany,High School,24,0.95,0.55,Yes,96489,High,35,44,Startup,Moderate,2.77,No,3.36,Stable
AIJ-102136,Cybersecurity Analyst,Healthcare,Pakistan,PhD,14,0.4,0.88,Hybrid,202456,High,-6,38,Startup,High,2.48,Yes,4.79,Stable
AIJ-102137,Machine Learning Engineer,Education,Canada,Master,18,0.76,0.24,No,103021,High,5,45,Enterprise,Low,4.39,Yes,4.53,Growing
AIJ-102138,Data Scientist,Technology,India,PhD,19,0.69,0.5,Yes,182099,Medium,17,53,Medium,Moderate,3.8,Yes,4.08,Growing
AIJ-102139,Data Engineer,Government,Canada,High School,19,0.6,0.92,Hybrid,159633,Low,17,55,Enterprise,High,2.16,No,4.83,Declining
AIJ-102140,Prompt Engineer,Healthcare,Canada,PhD,24,0.44,0.7,No,219402,High,-1,56,Enterprise,Moderate,2.49,Yes,2.64,Stable
AIJ-102141,Data Engineer,Finance,India,High School,8,0.72,0.79,Hybrid,120345,High,20,45,Enterprise,High,3.77,No,3.81,Declining
AIJ-102142,DevOps Engineer,Healthcare,UAE,Master,18,0.13,0.25,Hybrid,166295,High,17,35,Startup,High,2.93,No,3.53,Stable
AIJ-102143,Financial Analyst,Healthcare,Japan,High School,2,0.83,0.94,Yes,77487,Low,45,57,Medium,Low,2.64,Yes,4.93,Stable
AIJ-102144,Teacher,Manufacturing,Pakistan,Master,6,0.2,0.6,Hybrid,91548,Medium,6,47,Startup,Low,2.72,Yes,1.47,Stable
AIJ-102145,Business Analyst,Government,Singapore,Master,11,0.65,0.49,Yes,56911,Low,3,45,Medium,Low,3.51,Yes,3.44,Declining
AIJ-102146,Digital Marketer,Finance,India,Bachelor,8,0.78,0.32,Hybrid,218053,Low,-4,53,Startup,High,3.05,No,4.17,Stable
AIJ-102147,DevOps Engineer,Retail,Pakistan,Master,23,0.85,0.5,Hybrid,33228,Low,9,55,Enterprise,Low,3.84,No,1.17,Growing
AIJ-102148,HR Specialist,Education,UAE,High School,24,0.71,0.61,No,77107,Low,30,50,Medium,High,4.86,Yes,2.52,Growing
AIJ-102149,Business Analyst,Healthcare,Australia,PhD,11,0.79,0.31,Yes,67645,Low,-5,41,Startup,Low,3.91,No,3.99,Declining
AIJ-102150,Product Manager,Energy,Germany,PhD,2,0.73,0.87,Yes,172821,Medium,27,48,Enterprise,Moderate,2.02,Yes,4.45,Growing
AIJ-102151,Software Developer,Education,Japan,PhD,25,0.55,0.99,No,76094,Medium,34,53,Medium,Low,4.28,No,4.17,Stable
AIJ-102152,Software Developer,Technology,Singapore,Bachelor,25,0.34,0.5,No,74310,Medium,43,38,Enterprise,Moderate,4.4,Yes,3.35,Growing
AIJ-102153,DevOps Engineer,Government,Japan,Bachelor,19,0.66,0.94,Hybrid,41629,Medium,11,32,Startup,Moderate,3.97,Yes,3.07,Declining
AIJ-102154,Robotics Engineer,Finance,UAE,Master,22,0.51,0.78,No,33856,Low,38,31,Startup,Moderate,3.95,Yes,2.44,Growing
AIJ-102155,Cybersecurity Analyst,Finance,Germany,Master,5,0.67,0.5,Hybrid,108664,High,24,49,Enterprise,High,4.38,Yes,3.71,Growing
AIJ-102156,Business Analyst,Energy,USA,Bachelor,24,0.14,0.67,No,75723,High,-9,46,Enterprise,Moderate,4.94,No,2.04,Stable
AIJ-102157,IoT Specialist,Transportation,Australia,Bachelor,17,0.23,0.54,Yes,217159,Low,35,48,Startup,High,4.77,Yes,4.2,Declining
AIJ-102158,UX Designer,Finance,Canada,High School,17,0.35,0.81,Yes,164378,Low,41,46,Enterprise,Moderate,2.84,Yes,3.39,Growing
AIJ-102159,Prompt Engineer,Technology,Germany,High School,4,0.37,0.75,Hybrid,111046,Low,-4,34,Startup,Moderate,3.58,No,4.15,Declining
AIJ-102160,Cybersecurity Analyst,Media,Pakistan,Bachelor,0,0.33,0.63,No,54089,Low,-9,57,Medium,Low,3.14,Yes,4.46,Declining
AIJ-102161,Blockchain Developer,Government,UK,Master,2,0.14,0.23,Yes,48204,Medium,45,50,Startup,Low,2.58,Yes,1.3,Growing
AIJ-102162,Teacher,Retail,USA,High School,24,0.85,0.9,No,53847,Medium,29,42,Startup,High,2.71,No,1.14,Stable
AIJ-102163,HR Specialist,Media,USA,PhD,23,0.3,0.24,Yes,216909,High,33,58,Medium,Low,2.72,Yes,2.45,Declining
AIJ-102164,Prompt Engineer,Healthcare,UAE,Bachelor,1,0.33,0.86,No,101330,High,-6,55,Enterprise,Moderate,2.3,Yes,3.63,Declining
AIJ-102165,Robotics Engineer,Technology,UAE,Master,2,0.8,0.85,Hybrid,69276,Low,11,48,Enterprise,High,3.26,No,1.96,Growing
AIJ-102166,IoT Specialist,Retail,Germany,Bachelor,19,0.64,0.61,Yes,124870,High,10,57,Enterprise,Low,4.11,Yes,4.18,Stable
AIJ-102167,Robotics Engineer,Energy,Singapore,Bachelor,20,0.49,0.23,Yes,217005,Medium,15,41,Startup,Low,2.68,No,4.07,Stable
AIJ-102168,Product Manager,Healthcare,Japan,High School,4,0.31,0.33,Yes,55606,Low,-10,33,Medium,Moderate,2.32,Yes,2.62,Declining
AIJ-102169,Machine Learning Engineer,Energy,UAE,PhD,20,0.46,0.47,No,181616,Low,7,42,Startup,Moderate,3.94,Yes,3.69,Growing
AIJ-102170,IoT Specialist,Finance,USA,Bachelor,0,0.84,0.89,No,176302,High,21,32,Startup,Low,3.15,No,1.91,Stable
AIJ-102171,Cloud Architect,Government,UAE,Master,10,0.7,0.76,Yes,152949,Low,45,39,Medium,High,3.1,Yes,4.83,Declining
AIJ-102172,Business Analyst,Manufacturing,Australia,Master,4,0.7,0.48,No,153331,High,-2,48,Medium,Low,3.24,Yes,1.15,Growing
AIJ-102173,UX Designer,Energy,India,PhD,1,0.34,0.71,Yes,60520,Low,16,30,Medium,Moderate,2.34,Yes,4.14,Declining
AIJ-102174,Cybersecurity Analyst,Education,India,High School,14,0.34,0.92,No,203209,Low,1,47,Startup,High,3.04,Yes,2.97,Stable
AIJ-102175,Financial Analyst,Media,India,Bachelor,17,0.93,0.55,Yes,39482,Medium,2,49,Startup,Low,4.27,No,3.47,Declining
AIJ-102176,Cloud Architect,Finance,USA,PhD,9,0.64,0.97,No,143788,Medium,36,43,Medium,Moderate,2.78,No,2.53,Stable
AIJ-102177,Robotics Engineer,Education,Japan,Bachelor,11,0.1,0.74,No,200071,Low,27,48,Startup,High,3.3,Yes,1.58,Stable
AIJ-102178,Software Developer,Technology,Germany,Bachelor,21,0.82,0.45,Hybrid,117441,High,38,43,Medium,High,2.35,Yes,4.44,Growing
AIJ-102179,Healthcare Analyst,Education,USA,PhD,15,0.78,0.81,Yes,41195,Low,36,51,Enterprise,Low,4.44,Yes,3.25,Growing
AIJ-102180,Cybersecurity Analyst,Government,Canada,High School,10,0.47,0.52,Yes,67308,Medium,-4,48,Medium,Low,3.81,No,2.17,Stable
AIJ-102181,DevOps Engineer,Transportation,Germany,Master,7,0.85,0.4,Yes,149170,High,30,40,Enterprise,Moderate,3.24,No,3.43,Growing
AIJ-102182,UX Designer,Education,UAE,High School,6,0.2,0.58,Hybrid,73882,High,29,32,Enterprise,High,4.96,No,2.64,Stable
AIJ-102183,Prompt Engineer,Media,Germany,Bachelor,18,0.33,0.22,Hybrid,147527,Medium,14,55,Enterprise,High,2.26,No,1.13,Stable
AIJ-102184,DevOps Engineer,Education,UAE,Master,23,0.19,0.41,Hybrid,92322,Low,19,37,Enterprise,Low,2.2,Yes,3.1,Stable
AIJ-102185,DevOps Engineer,Media,UK,PhD,3,0.82,0.58,Yes,61278,Low,37,39,Medium,Moderate,4.78,Yes,1.1,Declining
AIJ-102186,Financial Analyst,Energy,India,PhD,6,0.33,0.42,Yes,114835,High,-4,54,Medium,High,3.6,Yes,2.62,Declining
AIJ-102187,Financial Analyst,Transportation,Singapore,High School,12,0.09,0.44,No,205084,Medium,-10,46,Enterprise,Low,4.67,No,4.59,Growing
AIJ-102188,Data Engineer,Media,UK,PhD,2,0.9,0.84,No,78387,Low,6,52,Medium,Low,4.78,No,1.87,Stable
AIJ-102189,Software Developer,Finance,Japan,Bachelor,16,0.13,0.27,Hybrid,148337,Low,9,40,Startup,High,2.69,Yes,2.11,Declining
AIJ-102190,Business Analyst,Media,Australia,High School,6,0.42,0.66,Yes,155115,High,20,50,Startup,High,2.48,No,4.24,Growing
AIJ-102191,Machine Learning Engineer,Manufacturing,Singapore,Bachelor,1,0.36,0.36,Yes,181949,Low,2,42,Medium,Low,3.22,Yes,1.98,Stable
AIJ-102192,Robotics Engineer,Government,USA,PhD,5,0.41,0.32,No,159267,High,33,38,Enterprise,High,2.21,No,3.78,Declining
AIJ-102193,Blockchain Developer,Government,Germany,Master,20,0.21,0.6,Hybrid,93791,Low,38,31,Enterprise,Low,4.9,Yes,4.15,Growing
AIJ-102194,HR Specialist,Media,UK,Bachelor,24,0.27,0.45,Yes,140557,Low,18,35,Enterprise,Moderate,4.44,No,1.4,Growing
AIJ-102195,Prompt Engineer,Transportation,Singapore,High School,2,0.26,0.24,Hybrid,212195,High,7,42,Medium,Low,4.98,No,3.82,Declining
AIJ-102196,AI Engineer,Media,Germany,PhD,4,0.44,0.98,No,71539,High,18,39,Enterprise,Moderate,3.21,Yes,4.27,Growing
AIJ-102197,Data Scientist,Energy,Germany,Master,20,0.77,0.56,Yes,136752,High,5,43,Enterprise,High,4.58,Yes,2.71,Stable
AIJ-102198,Digital Marketer,Education,UAE,Master,13,0.91,0.53,Yes,215693,High,7,41,Startup,Moderate,3.45,No,3.86,Growing
AIJ-102199,Product Manager,Education,UAE,Master,9,0.42,0.62,Hybrid,208556,High,0,36,Enterprise,Moderate,2.11,Yes,2.07,Stable
AIJ-102200,IoT Specialist,Media,UK,Master,25,0.5,0.25,Hybrid,61599,High,24,59,Startup,Moderate,4.28,Yes,4.85,Stable
AIJ-102201,Robotics Engineer,Education,UAE,Master,2,0.51,0.85,Hybrid,38113,Low,17,49,Enterprise,Low,3.54,No,2.28,Declining
AIJ-102202,IoT Specialist,Media,Germany,Bachelor,21,0.6,0.67,Yes,30807,Low,-2,49,Medium,Low,2.5,No,4.18,Growing
AIJ-102203,IoT Specialist,Retail,Singapore,PhD,6,0.39,0.49,Hybrid,113713,Low,25,32,Startup,High,4.72,No,3.68,Declining
AIJ-102204,Cloud Architect,Technology,Japan,PhD,0,0.24,0.77,Yes,104409,High,17,59,Medium,Low,3.22,Yes,3.64,Declining
AIJ-102205,Robotics Engineer,Manufacturing,Australia,PhD,22,0.07,0.75,Hybrid,106882,Low,22,32,Medium,Low,2.69,No,4.47,Stable
AIJ-102206,UX Designer,Finance,Australia,High School,11,0.76,0.5,Yes,79948,Low,45,46,Enterprise,Low,4.44,No,3.43,Growing
AIJ-102207,Cloud Architect,Media,UAE,Master,16,0.82,0.77,Hybrid,209701,Low,8,33,Medium,High,2.06,No,4.92,Stable
AIJ-102208,Blockchain Developer,Government,USA,Bachelor,5,0.4,0.92,Hybrid,93211,High,28,36,Startup,High,3.94,No,2.18,Declining
AIJ-102209,Teacher,Government,Japan,High School,1,0.69,0.46,No,145219,Low,11,42,Medium,High,3.46,Yes,1.23,Growing
AIJ-102210,Cybersecurity Analyst,Manufacturing,Canada,High School,9,0.52,0.36,Yes,212921,Low,15,45,Medium,Moderate,4.86,No,3.42,Growing
AIJ-102211,Cybersecurity Analyst,Government,Australia,PhD,10,0.59,0.58,No,152660,Medium,27,33,Startup,Low,4.51,No,2.34,Growing
AIJ-102212,Software Developer,Energy,Japan,PhD,12,0.23,0.93,Hybrid,168496,Medium,-3,37,Enterprise,Moderate,3.16,No,4.07,Growing
AIJ-102213,Robotics Engineer,Healthcare,Singapore,Bachelor,10,0.52,0.38,Hybrid,50635,Low,37,53,Enterprise,Moderate,3.83,No,4.16,Stable
AIJ-102214,IoT Specialist,Media,Australia,High School,1,0.38,0.42,Hybrid,69468,Medium,6,44,Enterprise,Low,3.65,No,4.62,Stable
AIJ-102215,Data Engineer,Finance,Singapore,High School,7,0.39,0.21,No,147659,Medium,23,60,Enterprise,High,4.07,Yes,3.24,Growing
AIJ-102216,Cloud Architect,Education,Japan,Bachelor,25,0.85,0.57,Hybrid,37707,High,1,40,Medium,Moderate,4.51,No,3.77,Stable
AIJ-102217,Blockchain Developer,Media,Australia,High School,12,0.52,0.34,Yes,136531,Low,38,47,Medium,Low,4.37,Yes,1.97,Declining
AIJ-102218,Data Scientist,Government,India,PhD,12,0.79,0.61,No,109471,Medium,26,45,Medium,Low,4.33,Yes,2.58,Stable
AIJ-102219,Machine Learning Engineer,Technology,Singapore,High School,2,0.17,0.72,Hybrid,129690,Low,45,46,Enterprise,Low,4.69,Yes,3.13,Declining
AIJ-102220,Financial Analyst,Energy,Singapore,PhD,19,0.4,0.22,No,195933,High,-8,31,Startup,High,2.51,Yes,1.75,Stable
AIJ-102221,Blockchain Developer,Manufacturing,Singapore,Master,22,0.91,0.93,Yes,197055,Medium,17,46,Medium,Low,3.95,Yes,2.92,Growing
AIJ-102222,Robotics Engineer,Finance,USA,High School,17,0.35,0.94,No,191363,Medium,40,40,Medium,Moderate,4.89,Yes,2.66,Growing
AIJ-102223,Robotics Engineer,Healthcare,UAE,Bachelor,21,0.11,0.37,Yes,170151,High,16,41,Startup,Low,2.77,No,2.48,Stable
AIJ-102224,UX Designer,Energy,UAE,Bachelor,13,0.77,0.37,No,171988,Medium,33,31,Startup,High,4.83,Yes,3.82,Growing
AIJ-102225,UX Designer,Finance,Pakistan,PhD,4,0.93,0.47,Hybrid,197935,High,45,43,Enterprise,High,2.01,Yes,4.34,Declining
AIJ-102226,UX Designer,Government,Canada,Master,0,0.74,0.81,No,151424,High,24,58,Startup,High,2.78,No,3.69,Stable
AIJ-102227,DevOps Engineer,Healthcare,Canada,Master,24,0.41,0.22,Hybrid,194451,Medium,3,50,Medium,Low,2.98,Yes,1.93,Stable
AIJ-102228,Data Engineer,Technology,Pakistan,Master,21,0.75,0.41,Yes,63479,Low,27,35,Enterprise,Low,2.32,No,4.74,Declining
AIJ-102229,Digital Marketer,Retail,Germany,Bachelor,23,0.67,0.66,Hybrid,39947,Low,14,34,Startup,Moderate,4.04,No,3.83,Growing
AIJ-102230,Data Engineer,Education,Germany,Bachelor,19,0.4,0.47,Hybrid,146017,Medium,3,32,Startup,High,4.05,Yes,4.88,Growing
AIJ-102231,Healthcare Analyst,Transportation,UK,Bachelor,19,0.9,0.21,No,178338,High,2,30,Enterprise,Low,3.68,No,4.25,Growing
AIJ-102232,Healthcare Analyst,Energy,UAE,High School,6,0.36,0.53,Yes,205456,Medium,-4,60,Enterprise,High,3.52,No,3.08,Stable
AIJ-102233,Software Developer,Technology,India,PhD,25,0.08,0.47,Hybrid,203804,Low,19,39,Startup,High,2.06,No,4.3,Growing
AIJ-102234,UX Designer,Technology,UAE,Bachelor,20,0.09,0.44,Yes,96951,High,20,32,Enterprise,High,3.87,Yes,1.48,Declining
AIJ-102235,Cybersecurity Analyst,Energy,Japan,Master,4,0.87,0.68,No,200120,Low,30,54,Medium,Moderate,3.99,No,2.93,Declining
AIJ-102236,Data Scientist,Media,Germany,High School,21,0.38,0.98,Yes,215400,Low,31,30,Startup,High,3.16,Yes,1.71,Stable
AIJ-102237,UX Designer,Education,USA,PhD,0,0.11,0.78,No,128972,Low,25,57,Enterprise,Low,2.29,No,1.56,Declining
AIJ-102238,AI Engineer,Energy,UAE,Bachelor,15,0.08,0.24,No,133141,High,24,58,Enterprise,Low,2.22,Yes,3.17,Declining
AIJ-102239,Data Engineer,Technology,Canada,High School,14,0.5,0.4,Yes,192700,High,12,54,Medium,Moderate,3.39,No,3.96,Growing
AIJ-102240,Prompt Engineer,Transportation,Pakistan,Master,24,0.85,0.84,No,88961,High,-5,56,Startup,High,4.28,Yes,3.97,Stable
AIJ-102241,Healthcare Analyst,Education,Germany,Master,6,0.74,0.63,Yes,105762,Medium,29,56,Enterprise,Low,2.08,No,4.39,Declining
AIJ-102242,Business Analyst,Government,Australia,Master,25,0.36,0.41,Hybrid,121020,Low,17,36,Enterprise,Low,3.02,Yes,2.88,Declining
AIJ-102243,Prompt Engineer,Education,Germany,High School,17,0.2,0.58,Yes,75948,High,6,47,Enterprise,High,2.04,No,4.52,Declining
AIJ-102244,AI Engineer,Energy,Pakistan,PhD,15,0.32,0.75,Yes,90729,Low,-4,34,Medium,Low,4.11,Yes,1,Growing
AIJ-102245,Cybersecurity Analyst,Manufacturing,UK,PhD,15,0.93,0.92,Yes,63736,High,18,33,Startup,Low,3.36,Yes,4.74,Growing
AIJ-102246,Financial Analyst,Government,India,PhD,17,0.14,0.57,Hybrid,91663,Medium,2,50,Medium,Moderate,4.93,No,1.69,Stable
AIJ-102247,Prompt Engineer,Energy,USA,Bachelor,23,0.66,0.65,Yes,53183,High,31,37,Enterprise,Moderate,4.22,Yes,1.4,Growing
AIJ-102248,Cloud Architect,Government,Japan,PhD,23,0.77,0.84,Hybrid,122051,High,37,37,Startup,Low,2.17,No,2.95,Stable
AIJ-102249,Teacher,Manufacturing,Germany,Bachelor,25,0.13,0.7,Hybrid,198412,Medium,-5,42,Startup,High,4.45,Yes,2.74,Growing
AIJ-102250,Data Scientist,Government,Singapore,High School,11,0.1,0.85,Yes,80597,High,23,36,Medium,Low,2.82,Yes,2.63,Stable
AIJ-102251,Robotics Engineer,Transportation,UK,Master,22,0.88,0.96,No,95228,Low,35,43,Medium,Moderate,2.43,No,3.98,Declining
AIJ-102252,Software Developer,Energy,Singapore,Bachelor,23,0.32,0.68,No,82701,High,20,30,Enterprise,High,4.85,Yes,3.33,Stable
AIJ-102253,Software Developer,Energy,UK,PhD,15,0.55,0.48,Yes,167943,Low,-4,57,Startup,Moderate,3.56,Yes,3.68,Growing
AIJ-102254,UX Designer,Transportation,Australia,Master,22,0.77,0.69,Yes,96141,Low,9,42,Enterprise,Moderate,3.55,No,4.76,Declining
AIJ-102255,Software Developer,Media,India,Master,8,0.14,0.49,Hybrid,202241,Medium,-9,52,Enterprise,Moderate,2.02,Yes,2.42,Stable
AIJ-102256,Robotics Engineer,Healthcare,Germany,Bachelor,3,0.43,0.62,Yes,165700,Medium,17,31,Medium,High,4.32,Yes,2.4,Stable
AIJ-102257,Data Engineer,Healthcare,Australia,High School,21,0.31,0.95,Yes,171841,Medium,41,37,Medium,Low,3.46,No,2.25,Declining
AIJ-102258,Digital Marketer,Government,Canada,Bachelor,18,0.14,0.73,Hybrid,151235,High,5,60,Medium,High,2.75,Yes,3.7,Declining
AIJ-102259,Product Manager,Manufacturing,Germany,High School,18,0.68,0.92,Yes,130971,High,18,39,Medium,Moderate,3.71,No,1.06,Growing
AIJ-102260,UX Designer,Healthcare,Japan,PhD,10,0.2,0.7,Hybrid,135475,High,8,31,Startup,High,3.7,No,2.68,Stable
AIJ-102261,Data Engineer,Energy,Pakistan,PhD,5,0.52,0.93,No,92390,Low,-10,47,Startup,Moderate,3.74,Yes,3.68,Declining
AIJ-102262,Data Engineer,Finance,Singapore,PhD,16,0.05,0.93,Hybrid,149554,Medium,30,35,Enterprise,High,4.54,Yes,1.2,Declining
AIJ-102263,HR Specialist,Finance,UK,Bachelor,22,0.94,0.63,Hybrid,141175,Medium,14,60,Enterprise,Moderate,2.5,No,2.08,Stable
AIJ-102264,Blockchain Developer,Finance,Japan,Bachelor,22,0.05,0.82,Hybrid,63263,Medium,44,56,Startup,High,3.68,Yes,2.33,Declining
AIJ-102265,IoT Specialist,Retail,Japan,Master,11,0.74,0.7,Hybrid,171717,Low,-7,49,Startup,High,2.69,Yes,2.44,Growing
AIJ-102266,Cloud Architect,Energy,Canada,High School,11,0.64,0.71,No,189640,High,21,41,Startup,Low,4.09,Yes,3.35,Declining
AIJ-102267,AI Engineer,Finance,UAE,High School,8,0.56,0.7,No,71111,Medium,24,32,Startup,High,4.86,Yes,2.89,Declining
AIJ-102268,AI Engineer,Government,UK,PhD,5,0.49,0.66,Hybrid,41252,High,15,41,Enterprise,High,4.52,No,3.63,Declining
AIJ-102269,IoT Specialist,Retail,Germany,Master,14,0.46,0.22,No,179381,High,-1,51,Enterprise,Low,2.99,No,4.49,Stable
AIJ-102270,Cloud Architect,Manufacturing,Singapore,High School,4,0.79,0.78,Yes,30376,Medium,44,34,Medium,High,2.56,No,4.14,Growing
AIJ-102271,Blockchain Developer,Finance,India,Master,24,0.15,0.75,No,133060,Low,29,60,Medium,Moderate,4.07,Yes,4.35,Growing
AIJ-102272,Blockchain Developer,Finance,Singapore,High School,19,0.9,0.62,Yes,117372,High,-7,31,Enterprise,High,4.49,Yes,2.07,Stable
AIJ-102273,Software Developer,Finance,Germany,High School,10,0.85,0.31,Hybrid,207722,Medium,12,44,Startup,Low,4.95,No,4.97,Growing
AIJ-102274,Financial Analyst,Finance,Pakistan,PhD,17,0.91,0.48,No,123645,Medium,24,41,Startup,High,4.87,No,2.07,Growing
AIJ-102275,AI Engineer,Finance,Pakistan,Master,8,0.48,0.38,No,43440,High,6,40,Startup,Low,2.86,No,1.54,Stable
AIJ-102276,AI Engineer,Manufacturing,Australia,Bachelor,24,0.16,0.75,Yes,127485,Medium,-8,43,Enterprise,Moderate,3.95,Yes,3.09,Growing
AIJ-102277,UX Designer,Finance,UK,High School,21,0.64,0.48,Yes,177809,Low,31,34,Medium,Low,3.85,No,4.39,Stable
AIJ-102278,Blockchain Developer,Transportation,India,Bachelor,12,0.82,0.76,Yes,128940,Medium,24,49,Startup,High,3.56,Yes,2.75,Stable
AIJ-102279,Robotics Engineer,Transportation,Australia,Bachelor,22,0.95,0.36,Hybrid,196688,Medium,-5,42,Enterprise,High,2.27,No,4.22,Stable
AIJ-102280,Healthcare Analyst,Finance,Canada,PhD,18,0.22,0.82,Hybrid,138595,Low,30,55,Startup,Moderate,2.58,Yes,1.54,Stable
AIJ-102281,Data Engineer,Retail,Pakistan,Master,17,0.32,0.31,No,194683,Medium,26,40,Medium,High,4.61,Yes,3.56,Stable
AIJ-102282,Cloud Architect,Media,Germany,Master,18,0.52,0.56,No,84972,Low,0,53,Startup,High,4.97,No,3.33,Declining
AIJ-102283,Cybersecurity Analyst,Healthcare,Australia,Bachelor,25,0.21,0.47,Hybrid,161056,Medium,7,54,Startup,Moderate,2.31,No,3.39,Growing
AIJ-102284,AI Engineer,Finance,Singapore,High School,1,0.23,0.57,No,196185,Low,39,50,Medium,Moderate,2.7,No,2.1,Declining
AIJ-102285,Financial Analyst,Energy,India,High School,22,0.39,0.96,No,94392,High,1,48,Enterprise,High,4.83,Yes,4.25,Stable
AIJ-102286,Financial Analyst,Healthcare,UAE,Bachelor,20,0.66,0.96,Yes,89706,High,14,59,Enterprise,Moderate,2.13,No,3.14,Declining
AIJ-102287,AI Engineer,Manufacturing,Pakistan,Bachelor,1,0.47,0.89,No,97232,Low,-3,37,Enterprise,Low,2.01,No,3.62,Growing
AIJ-102288,Financial Analyst,Energy,Singapore,Bachelor,7,0.29,0.6,No,39374,Medium,12,42,Startup,High,3.11,Yes,3.1,Declining
AIJ-102289,Financial Analyst,Manufacturing,UAE,Bachelor,6,0.4,0.64,Hybrid,41480,Low,19,49,Enterprise,Low,3.22,No,1,Growing
AIJ-102290,Data Scientist,Manufacturing,Australia,PhD,11,0.07,0.56,No,112479,High,28,54,Enterprise,High,4.9,Yes,3.58,Stable
AIJ-102291,AI Engineer,Energy,Germany,High School,18,0.21,0.4,Yes,34756,Low,42,43,Enterprise,Moderate,4.51,Yes,3.96,Declining
AIJ-102292,Software Developer,Technology,UK,PhD,3,0.77,0.87,Yes,218413,Low,3,35,Enterprise,Moderate,4.04,Yes,2.08,Growing
AIJ-102293,Machine Learning Engineer,Retail,Germany,High School,4,0.18,0.78,Yes,70946,High,-2,54,Enterprise,Low,2.05,Yes,1.76,Stable
AIJ-102294,IoT Specialist,Government,Canada,Bachelor,10,0.26,0.25,Yes,183629,Low,28,40,Medium,Low,3.91,No,4.99,Declining
AIJ-102295,Teacher,Transportation,UAE,Master,6,0.77,0.43,No,170864,Low,7,30,Enterprise,Low,2,No,1.16,Declining
AIJ-102296,Healthcare Analyst,Energy,UAE,Bachelor,13,0.9,0.92,Yes,219089,Medium,37,59,Startup,Moderate,2.56,Yes,2.17,Growing
AIJ-102297,Software Developer,Healthcare,India,PhD,5,0.21,0.44,Hybrid,161714,Low,0,35,Startup,High,4.56,Yes,3.09,Declining
AIJ-102298,Prompt Engineer,Finance,UAE,High School,24,0.2,0.47,Hybrid,37326,High,8,59,Startup,High,4.06,No,2.2,Declining
AIJ-102299,Data Scientist,Media,Japan,Bachelor,18,0.28,0.49,Hybrid,146070,Low,45,52,Enterprise,Moderate,2.1,No,4.64,Growing
AIJ-102300,Data Engineer,Education,Germany,PhD,16,0.37,0.36,Hybrid,119654,High,13,55,Enterprise,Low,4.19,Yes,2.36,Declining
AIJ-102301,Financial Analyst,Transportation,UK,Bachelor,5,0.1,0.75,Hybrid,78540,High,33,36,Startup,Low,3.45,No,4.5,Declining
AIJ-102302,Machine Learning Engineer,Government,Canada,Master,17,0.31,0.77,Yes,121771,High,13,60,Enterprise,Moderate,4.61,Yes,3.22,Stable
AIJ-102303,Financial Analyst,Retail,Canada,High School,23,0.21,0.85,Hybrid,207599,Low,38,57,Medium,Moderate,4.22,Yes,3.61,Declining
AIJ-102304,HR Specialist,Retail,USA,Master,18,0.86,0.6,No,199702,Medium,20,31,Startup,Low,3.27,No,1.68,Stable
AIJ-102305,Software Developer,Energy,Canada,Master,7,0.29,0.77,No,88961,Low,34,51,Startup,Moderate,2.21,Yes,4.56,Growing
AIJ-102306,Data Engineer,Education,USA,Master,7,0.35,0.87,Hybrid,137809,Low,37,35,Startup,Moderate,2.49,No,2.1,Stable
AIJ-102307,Robotics Engineer,Finance,Singapore,PhD,20,0.64,0.73,Yes,106145,Low,19,51,Enterprise,Low,3.38,Yes,3.94,Growing
AIJ-102308,Product Manager,Technology,Pakistan,PhD,19,0.31,0.86,Hybrid,106020,Medium,-2,33,Startup,High,3.53,No,3.87,Growing
AIJ-102309,AI Engineer,Transportation,UK,Bachelor,22,0.58,0.85,Yes,202462,High,43,55,Medium,High,2.52,Yes,2.13,Growing
AIJ-102310,AI Engineer,Transportation,USA,Master,21,0.85,0.27,Yes,49237,Low,-9,55,Medium,Moderate,4.36,Yes,1.35,Growing
AIJ-102311,Cloud Architect,Retail,Canada,Master,16,0.74,0.55,Yes,123775,Medium,-6,40,Medium,Low,3.7,Yes,2.06,Declining
AIJ-102312,Healthcare Analyst,Healthcare,Canada,High School,22,0.26,0.51,No,57451,Low,45,53,Medium,Low,2.77,No,3.47,Stable
AIJ-102313,Data Scientist,Retail,UAE,Bachelor,10,0.63,0.53,No,115358,Low,-3,57,Enterprise,Low,3.49,No,4.59,Declining
AIJ-102314,Healthcare Analyst,Finance,India,High School,17,0.71,0.63,Hybrid,110263,Medium,36,55,Startup,High,3.83,Yes,2.27,Declining
AIJ-102315,Teacher,Government,Germany,High School,18,0.06,0.94,Yes,201674,High,43,38,Startup,Low,4.43,Yes,1.66,Growing
AIJ-102316,Healthcare Analyst,Government,India,Bachelor,25,0.82,0.44,No,50152,Medium,30,36,Medium,High,2.99,Yes,1.59,Stable
AIJ-102317,DevOps Engineer,Retail,Singapore,High School,2,0.44,0.67,Yes,133209,Medium,-6,60,Startup,High,3.92,Yes,3.8,Stable
AIJ-102318,Product Manager,Education,Australia,PhD,14,0.43,0.57,Hybrid,191881,Low,-10,45,Startup,High,4.07,Yes,2.01,Declining
AIJ-102319,Blockchain Developer,Government,UK,High School,17,0.72,0.28,Yes,123183,High,5,55,Medium,Moderate,2.25,No,3.57,Declining
AIJ-102320,Prompt Engineer,Technology,Singapore,PhD,18,0.71,0.74,No,129970,Low,-5,57,Startup,High,2.81,Yes,3.5,Growing
AIJ-102321,DevOps Engineer,Education,Germany,Bachelor,18,0.73,0.22,Hybrid,168577,High,12,31,Medium,Moderate,4.11,No,2.71,Growing
AIJ-102322,Teacher,Technology,Singapore,Bachelor,1,0.36,0.93,No,207937,High,29,35,Medium,Low,4.08,Yes,2.41,Stable
AIJ-102323,UX Designer,Education,Australia,High School,12,0.31,0.25,Yes,63240,Medium,-10,52,Startup,High,3.91,Yes,2.76,Declining
AIJ-102324,IoT Specialist,Media,India,High School,7,0.6,0.62,Yes,138280,Low,18,44,Medium,High,4.5,Yes,4.9,Stable
AIJ-102325,Healthcare Analyst,Education,Canada,Master,14,0.76,0.42,No,159422,High,32,57,Startup,Low,3.86,Yes,3.86,Declining
AIJ-102326,Prompt Engineer,Transportation,Pakistan,Bachelor,24,0.31,0.54,No,124389,Low,10,37,Medium,High,4.1,No,2.14,Growing
AIJ-102327,Data Scientist,Education,UAE,High School,0,0.1,0.63,Yes,217487,Low,5,50,Startup,Low,3.51,Yes,2.03,Declining
AIJ-102328,Cloud Architect,Energy,Australia,High School,18,0.52,0.84,Yes,122680,Medium,15,38,Medium,Moderate,4.69,Yes,2.12,Growing
AIJ-102329,Blockchain Developer,Finance,Australia,High School,0,0.16,0.33,No,152221,Medium,39,50,Startup,Low,4.17,Yes,3.98,Declining
AIJ-102330,Healthcare Analyst,Energy,Singapore,PhD,8,0.86,0.76,Hybrid,184075,High,3,57,Startup,High,3.75,No,2.41,Growing
AIJ-102331,DevOps Engineer,Healthcare,India,Master,8,0.26,0.43,Yes,145577,High,35,57,Startup,High,4.03,No,4.62,Stable
AIJ-102332,Teacher,Retail,UAE,PhD,24,0.44,0.38,Yes,152642,Low,23,52,Startup,High,2.76,Yes,1.05,Stable
AIJ-102333,Cybersecurity Analyst,Manufacturing,Canada,Bachelor,3,0.23,0.52,No,202617,Medium,15,53,Startup,High,4.79,No,1.18,Declining
AIJ-102334,DevOps Engineer,Manufacturing,Singapore,Bachelor,24,0.69,0.3,Hybrid,126867,Low,25,56,Medium,Moderate,4.11,Yes,3.51,Stable
AIJ-102335,UX Designer,Energy,Australia,High School,16,0.55,0.35,Yes,82032,Medium,8,49,Enterprise,Moderate,4.99,Yes,3.42,Stable
AIJ-102336,IoT Specialist,Technology,UAE,High School,19,0.36,0.94,Yes,35808,Medium,35,46,Enterprise,Moderate,3.55,Yes,1.3,Declining
AIJ-102337,UX Designer,Manufacturing,India,High School,16,0.21,0.62,Yes,188046,Low,39,45,Enterprise,High,2.32,No,4.01,Growing
AIJ-102338,AI Engineer,Education,Japan,Master,21,0.87,0.38,Yes,64833,High,35,55,Startup,Moderate,3.53,No,2.79,Stable
AIJ-102339,Prompt Engineer,Technology,Germany,PhD,14,0.34,0.83,Yes,196994,Low,14,32,Medium,Low,4.92,No,2.12,Stable
AIJ-102340,Cybersecurity Analyst,Retail,Singapore,Bachelor,22,0.6,0.55,No,215803,High,5,43,Medium,High,3.03,No,3.11,Growing
AIJ-102341,Data Scientist,Healthcare,UAE,Master,24,0.4,0.41,Yes,132502,High,14,39,Startup,High,2.18,Yes,2.31,Growing
AIJ-102342,IoT Specialist,Transportation,UAE,PhD,10,0.52,0.69,No,175977,Low,-2,37,Medium,Moderate,4.29,No,2.38,Declining
AIJ-102343,DevOps Engineer,Manufacturing,UK,Bachelor,21,0.2,0.85,No,199048,Medium,13,42,Startup,Moderate,3.11,No,2.36,Stable
AIJ-102344,Healthcare Analyst,Education,Australia,Master,20,0.59,0.49,Yes,123855,Low,33,31,Enterprise,Moderate,3.31,No,2.03,Stable
AIJ-102345,Data Engineer,Transportation,Australia,Bachelor,14,0.69,0.96,Yes,47842,Medium,44,37,Enterprise,High,2.99,Yes,4.46,Growing
AIJ-102346,HR Specialist,Government,UAE,Bachelor,17,0.75,0.38,No,64459,Medium,7,57,Startup,Moderate,2.18,No,4.28,Growing
AIJ-102347,Data Engineer,Government,USA,PhD,12,0.68,0.9,Yes,192555,Medium,32,35,Medium,Low,2.92,No,1.41,Stable
AIJ-102348,Prompt Engineer,Finance,Canada,PhD,6,0.13,0.9,No,62137,Medium,44,32,Startup,High,3.58,No,1.79,Stable
AIJ-102349,Cloud Architect,Energy,UK,Master,23,0.41,0.53,Hybrid,218304,High,15,49,Enterprise,High,3.57,No,2.92,Stable
AIJ-102350,Machine Learning Engineer,Finance,India,PhD,12,0.33,0.65,Hybrid,194933,High,17,44,Startup,High,3.37,No,4.37,Declining
AIJ-102351,Machine Learning Engineer,Education,Pakistan,Bachelor,19,0.35,0.62,Hybrid,211365,Low,-9,55,Enterprise,Low,2.88,Yes,1.89,Stable
AIJ-102352,Cybersecurity Analyst,Manufacturing,Pakistan,Bachelor,5,0.95,0.58,Yes,55135,High,-3,56,Enterprise,Moderate,2.25,Yes,4.13,Declining
AIJ-102353,Business Analyst,Healthcare,Australia,Master,10,0.93,0.68,Yes,60662,High,2,36,Medium,Moderate,2.48,No,4.95,Declining
AIJ-102354,Robotics Engineer,Energy,UAE,Master,24,0.13,0.28,Hybrid,118420,Low,8,48,Enterprise,High,3.82,No,2.88,Declining
AIJ-102355,Financial Analyst,Media,Germany,Bachelor,1,0.44,0.72,Yes,63016,Medium,41,59,Startup,Moderate,2.92,No,4.22,Declining
AIJ-102356,Robotics Engineer,Retail,Japan,High School,0,0.26,0.7,Hybrid,108721,Medium,2,54,Startup,Moderate,4.58,Yes,3.26,Growing
AIJ-102357,Software Developer,Government,Japan,Bachelor,24,0.18,0.98,Yes,107208,Low,29,56,Startup,Moderate,3.34,Yes,3.57,Growing
AIJ-102358,Product Manager,Transportation,UK,High School,3,0.1,0.66,Yes,84276,Low,3,46,Startup,High,3.78,Yes,3.35,Growing
AIJ-102359,Financial Analyst,Government,Pakistan,Master,15,0.75,0.95,No,207619,Low,17,47,Startup,High,3.88,No,3.05,Declining
AIJ-102360,UX Designer,Energy,Singapore,High School,2,0.83,0.46,Hybrid,212710,Low,-3,56,Medium,Low,4.75,No,1,Stable
AIJ-102361,HR Specialist,Manufacturing,Japan,Bachelor,18,0.16,0.98,Yes,99747,High,20,49,Enterprise,Low,3.79,Yes,3.41,Declining
AIJ-102362,HR Specialist,Finance,USA,Master,18,0.63,0.45,No,213332,High,30,36,Medium,Low,4.7,Yes,4.56,Declining
AIJ-102363,DevOps Engineer,Technology,Japan,PhD,9,0.85,0.85,Yes,86803,High,9,41,Enterprise,Low,3.97,No,1.83,Declining
AIJ-102364,Data Scientist,Manufacturing,Germany,Bachelor,25,0.38,0.46,No,195336,Medium,37,35,Medium,High,4.97,Yes,4.46,Stable
AIJ-102365,Prompt Engineer,Government,Germany,Bachelor,22,0.35,0.48,No,55498,Low,43,40,Enterprise,Moderate,4.27,No,1.4,Growing
AIJ-102366,Cybersecurity Analyst,Energy,Australia,PhD,14,0.05,0.61,Hybrid,181823,Low,29,57,Enterprise,Moderate,2.47,No,3.71,Stable
AIJ-102367,Product Manager,Government,UK,Master,24,0.18,0.21,Hybrid,164945,High,10,45,Enterprise,Low,3.83,Yes,1.77,Declining
AIJ-102368,Data Engineer,Energy,Japan,Master,16,0.12,0.24,No,174645,Low,34,31,Medium,Moderate,3.56,Yes,4.22,Stable
AIJ-102369,Data Engineer,Healthcare,Germany,PhD,2,0.06,0.25,No,48847,Low,-10,31,Medium,High,4.46,No,3.91,Declining
AIJ-102370,Healthcare Analyst,Finance,Pakistan,Master,7,0.84,0.66,Hybrid,207834,High,14,34,Medium,Moderate,3.29,No,2.08,Declining
AIJ-102371,UX Designer,Healthcare,UAE,PhD,3,0.17,0.46,Yes,184353,Low,44,39,Enterprise,Low,2.47,Yes,3.4,Growing
AIJ-102372,HR Specialist,Retail,Singapore,High School,22,0.4,0.82,Hybrid,217263,Low,-10,32,Startup,Low,4.13,Yes,4.91,Declining
AIJ-102373,Blockchain Developer,Education,UK,Bachelor,17,0.35,0.49,Hybrid,132287,High,41,36,Medium,High,2.92,No,1.96,Stable
AIJ-102374,Business Analyst,Media,Japan,High School,10,0.65,0.71,Hybrid,112256,High,13,30,Enterprise,High,4.91,Yes,3.1,Declining
AIJ-102375,Product Manager,Transportation,UK,PhD,9,0.49,0.27,Yes,213538,Low,43,60,Medium,High,2.24,No,3.96,Growing
AIJ-102376,Financial Analyst,Finance,Japan,PhD,8,0.13,0.45,Yes,123661,High,10,34,Startup,Low,3.45,Yes,3.21,Declining
AIJ-102377,Teacher,Healthcare,UAE,Bachelor,12,0.1,0.33,No,70610,Low,31,50,Startup,High,2.79,Yes,2.25,Stable
AIJ-102378,Financial Analyst,Education,USA,Bachelor,1,0.91,0.88,Yes,65962,Medium,44,32,Startup,Low,2.05,Yes,1.84,Stable
AIJ-102379,Data Scientist,Manufacturing,Pakistan,Bachelor,23,0.47,0.58,Yes,207704,Medium,20,30,Enterprise,Low,3.28,No,3.25,Stable
AIJ-102380,Cybersecurity Analyst,Healthcare,Germany,Master,0,0.58,0.71,No,110142,High,17,55,Medium,High,3.87,No,1.67,Stable
AIJ-102381,Robotics Engineer,Transportation,Pakistan,High School,21,0.45,0.92,No,191469,High,1,34,Startup,Low,2.2,No,4.26,Declining
AIJ-102382,Software Developer,Education,Singapore,High School,25,0.7,0.39,No,218150,Low,3,33,Medium,Low,3.29,No,3.95,Growing
AIJ-102383,HR Specialist,Manufacturing,Canada,High School,3,0.49,0.29,No,168163,Medium,24,58,Medium,Low,2.72,Yes,4.65,Stable
AIJ-102384,Business Analyst,Energy,UK,Master,10,0.06,0.52,Hybrid,64138,High,36,39,Enterprise,Moderate,4.22,Yes,2.78,Stable
AIJ-102385,Blockchain Developer,Healthcare,Canada,PhD,16,0.65,0.48,No,211852,High,9,38,Startup,Low,2.47,No,4.3,Growing
AIJ-102386,Prompt Engineer,Energy,USA,Master,9,0.45,0.85,Hybrid,136434,Medium,40,53,Medium,Low,2.36,Yes,2.63,Growing
AIJ-102387,DevOps Engineer,Transportation,Singapore,Master,11,0.79,0.57,Hybrid,184172,Low,19,58,Startup,High,4.96,Yes,3.56,Growing
AIJ-102388,Healthcare Analyst,Retail,Pakistan,Master,21,0.34,0.43,No,85999,High,19,50,Startup,High,3.38,Yes,2.9,Stable
AIJ-102389,Cybersecurity Analyst,Transportation,Germany,High School,24,0.92,0.22,No,35166,Low,-1,45,Startup,Moderate,3.76,Yes,3.55,Growing
AIJ-102390,Machine Learning Engineer,Manufacturing,Canada,PhD,15,0.38,0.47,No,199275,High,24,41,Medium,Moderate,2.47,No,2.23,Declining
AIJ-102391,Machine Learning Engineer,Finance,USA,Master,2,0.72,0.82,Yes,36205,Medium,8,58,Enterprise,Moderate,2.13,Yes,2.5,Declining
AIJ-102392,Digital Marketer,Transportation,UK,Master,1,0.43,0.69,Yes,148335,High,5,35,Startup,High,3.72,No,3.88,Growing
AIJ-102393,Prompt Engineer,Government,Australia,High School,21,0.05,0.78,Hybrid,40925,Medium,24,46,Medium,Moderate,4.01,Yes,1.87,Stable
AIJ-102394,Data Engineer,Government,Australia,PhD,12,0.77,0.74,Hybrid,38699,Low,9,31,Medium,Low,2.73,Yes,1.39,Stable
AIJ-102395,HR Specialist,Energy,USA,Master,16,0.59,0.57,No,76879,Medium,4,32,Medium,High,4.39,No,4.6,Declining
AIJ-102396,Blockchain Developer,Transportation,UK,Bachelor,4,0.25,0.82,Hybrid,41862,Medium,6,49,Enterprise,Moderate,4.74,Yes,3.94,Stable
AIJ-102397,IoT Specialist,Media,UAE,Bachelor,16,0.75,0.98,Hybrid,211129,Low,-3,33,Startup,Low,2.1,No,1.69,Growing
AIJ-102398,Blockchain Developer,Transportation,Pakistan,High School,8,0.88,0.33,No,85148,High,41,30,Medium,High,2.73,Yes,2.06,Growing
AIJ-102399,Cloud Architect,Energy,Pakistan,Master,20,0.88,0.76,No,139607,Low,19,48,Startup,Low,3.98,No,1.22,Declining
AIJ-102400,Prompt Engineer,Healthcare,USA,Bachelor,19,0.72,0.23,No,154146,High,38,50,Enterprise,Moderate,2.79,Yes,3.35,Declining
AIJ-102401,AI Engineer,Manufacturing,USA,Bachelor,10,0.2,0.72,No,150167,Low,5,60,Medium,Low,4.94,No,2.59,Stable
AIJ-102402,Cybersecurity Analyst,Government,Japan,High School,12,0.86,0.48,No,52654,Medium,36,37,Startup,Low,4.02,No,3.42,Declining
AIJ-102403,Machine Learning Engineer,Transportation,UK,High School,12,0.15,0.47,Hybrid,216495,Medium,-2,54,Startup,Low,4.64,Yes,4.7,Declining
AIJ-102404,IoT Specialist,Energy,Pakistan,PhD,5,0.48,0.93,Yes,52711,High,6,57,Medium,High,4.69,Yes,2.74,Declining
AIJ-102405,IoT Specialist,Media,Germany,PhD,20,0.51,0.78,Yes,80988,Medium,43,50,Enterprise,Low,4.56,No,3.09,Stable
AIJ-102406,AI Engineer,Technology,USA,Bachelor,25,0.58,0.53,Yes,92542,Medium,13,30,Enterprise,Low,4.08,Yes,2.12,Declining
AIJ-102407,Software Developer,Healthcare,Germany,PhD,9,0.25,0.83,No,99432,Low,21,56,Enterprise,Low,3.74,Yes,3.74,Growing
AIJ-102408,Digital Marketer,Education,Australia,Bachelor,4,0.42,0.89,No,190102,Low,33,45,Startup,High,2.26,No,3.45,Declining
AIJ-102409,Data Engineer,Technology,India,High School,19,0.79,0.22,Yes,170053,Low,15,53,Startup,Moderate,2.44,No,4.11,Stable
AIJ-102410,Software Developer,Transportation,UK,Bachelor,4,0.28,0.51,Yes,90966,Medium,12,37,Startup,Moderate,2.15,Yes,2.57,Growing
AIJ-102411,Healthcare Analyst,Healthcare,Australia,High School,17,0.14,0.76,No,133450,Low,39,60,Medium,High,4.35,Yes,1.9,Growing
AIJ-102412,Prompt Engineer,Retail,UAE,High School,21,0.81,0.71,Yes,136457,High,-5,36,Startup,High,2.01,Yes,1.77,Growing
AIJ-102413,DevOps Engineer,Education,Australia,Master,25,0.35,0.49,Yes,44213,Medium,19,58,Enterprise,Moderate,3.95,No,2.42,Growing
AIJ-102414,Business Analyst,Energy,India,Master,18,0.42,0.79,Hybrid,66152,High,40,55,Medium,High,2.31,No,1.94,Growing
AIJ-102415,DevOps Engineer,Finance,Australia,Bachelor,3,0.93,0.43,No,57154,Medium,20,54,Medium,High,4.7,Yes,1.72,Declining
AIJ-102416,Business Analyst,Media,Canada,High School,7,0.69,0.67,No,155717,Medium,3,33,Medium,Moderate,2.3,Yes,3.36,Stable
AIJ-102417,Cloud Architect,Technology,India,Master,6,0.71,0.39,Hybrid,154244,Medium,-5,60,Startup,Moderate,3.95,Yes,4.94,Growing
AIJ-102418,Prompt Engineer,Education,Germany,Master,8,0.66,0.7,No,46910,High,-5,52,Medium,Moderate,4.6,Yes,1.97,Growing
AIJ-102419,Software Developer,Technology,Australia,Bachelor,18,0.77,0.63,Hybrid,66894,High,36,38,Medium,High,4.06,Yes,4.72,Stable
AIJ-102420,Product Manager,Healthcare,Australia,Bachelor,11,0.93,0.8,No,204013,High,28,36,Startup,Moderate,2.97,No,2.35,Declining
AIJ-102421,Prompt Engineer,Healthcare,Australia,High School,13,0.25,0.57,Yes,106228,Medium,7,37,Startup,Moderate,4.05,No,4.01,Growing
AIJ-102422,DevOps Engineer,Government,Pakistan,Bachelor,25,0.5,0.41,Yes,31064,Low,-4,44,Enterprise,High,2.91,Yes,3.65,Stable
AIJ-102423,Teacher,Education,Canada,High School,20,0.3,0.64,No,74486,Medium,25,59,Enterprise,Moderate,2.94,No,3.76,Stable
AIJ-102424,Healthcare Analyst,Manufacturing,USA,Master,12,0.36,0.89,Yes,148764,Medium,-3,39,Enterprise,Low,3.62,No,1.2,Growing
AIJ-102425,AI Engineer,Government,India,High School,8,0.45,0.85,Yes,195742,Medium,32,54,Startup,High,3.06,Yes,2.63,Growing
AIJ-102426,Machine Learning Engineer,Education,Canada,Bachelor,4,0.63,0.33,Hybrid,167062,High,17,45,Enterprise,Low,4.68,No,1.81,Stable
AIJ-102427,HR Specialist,Finance,UK,Master,22,0.51,0.6,Hybrid,132710,High,7,37,Medium,High,3.22,No,2.62,Growing
AIJ-102428,Healthcare Analyst,Government,Pakistan,Master,6,0.44,0.88,Hybrid,196965,Medium,13,55,Startup,Moderate,4,No,3.01,Growing
AIJ-102429,Software Developer,Media,Pakistan,Master,22,0.77,0.68,Hybrid,151036,Medium,-3,44,Enterprise,Low,4.1,No,4.65,Declining
AIJ-102430,HR Specialist,Energy,UAE,PhD,4,0.37,0.44,No,38696,Low,25,60,Medium,Moderate,2.79,No,1.09,Stable
AIJ-102431,Prompt Engineer,Education,USA,PhD,25,0.38,0.93,Hybrid,142985,Medium,26,55,Enterprise,Moderate,2.96,Yes,3.33,Stable
AIJ-102432,DevOps Engineer,Healthcare,Pakistan,High School,8,0.79,0.96,Yes,103528,High,37,32,Medium,Low,3.54,Yes,1.56,Growing
AIJ-102433,Financial Analyst,Technology,Canada,High School,9,0.08,0.34,No,210422,Medium,33,56,Medium,Low,3.85,Yes,3.83,Stable
AIJ-102434,IoT Specialist,Manufacturing,UAE,Master,10,0.67,0.22,No,190745,High,8,39,Startup,Moderate,2.7,Yes,4.29,Declining
AIJ-102435,AI Engineer,Media,UK,Master,2,0.24,0.43,Yes,82384,Low,-3,43,Startup,Moderate,3.99,No,3.65,Growing
AIJ-102436,Cloud Architect,Transportation,UAE,Bachelor,6,0.56,0.89,No,106194,High,33,50,Startup,High,3.89,No,1.44,Growing
AIJ-102437,Business Analyst,Government,UK,Bachelor,2,0.39,0.21,Hybrid,143726,Medium,19,50,Enterprise,High,2.34,Yes,3.65,Declining
AIJ-102438,IoT Specialist,Technology,UK,Master,14,0.85,0.99,Hybrid,208238,Medium,5,55,Medium,Moderate,2.93,Yes,4.61,Growing
AIJ-102439,HR Specialist,Energy,UK,Master,25,0.22,0.51,Yes,185145,High,0,37,Enterprise,High,2.79,Yes,1.23,Declining
AIJ-102440,Business Analyst,Government,Pakistan,PhD,4,0.09,0.71,Hybrid,201677,Medium,29,37,Enterprise,Moderate,2.71,Yes,1.1,Growing
AIJ-102441,Business Analyst,Retail,Singapore,High School,5,0.45,0.97,Hybrid,113875,Medium,26,42,Medium,High,3.85,Yes,1.94,Growing
AIJ-102442,Financial Analyst,Retail,India,Master,17,0.07,0.2,No,59334,Medium,28,34,Startup,Moderate,2.81,No,1.42,Growing
AIJ-102443,Teacher,Technology,UK,Master,24,0.64,0.56,No,191308,High,30,49,Enterprise,Low,3.72,Yes,4.84,Declining
AIJ-102444,Product Manager,Healthcare,USA,Bachelor,24,0.1,0.71,Hybrid,64403,Medium,1,49,Medium,Moderate,2.98,No,4.54,Declining
AIJ-102445,DevOps Engineer,Education,Germany,High School,25,0.63,0.59,Yes,189186,Low,12,33,Medium,Moderate,3.29,Yes,1.47,Declining
AIJ-102446,Financial Analyst,Media,UK,Master,12,0.24,0.49,No,217966,Medium,0,32,Enterprise,Low,3.79,No,4.38,Declining
AIJ-102447,Business Analyst,Transportation,Singapore,Bachelor,11,0.88,0.8,No,142091,Medium,39,46,Medium,High,3.29,No,4.98,Stable
AIJ-102448,AI Engineer,Energy,UAE,PhD,8,0.34,0.64,No,125775,Low,-4,41,Enterprise,High,2.02,Yes,4.49,Stable
AIJ-102449,IoT Specialist,Government,Pakistan,High School,23,0.43,0.5,Hybrid,190001,Low,40,54,Medium,High,3.19,Yes,3.77,Growing
AIJ-102450,Blockchain Developer,Manufacturing,USA,Bachelor,0,0.69,0.28,Hybrid,67281,High,0,35,Medium,Low,2.33,Yes,3.24,Declining
AIJ-102451,Cloud Architect,Retail,Singapore,PhD,8,0.39,0.46,Hybrid,218465,Medium,30,32,Medium,High,2.29,No,2.1,Growing
AIJ-102452,Product Manager,Retail,Japan,High School,13,0.62,0.88,Hybrid,116899,Medium,4,60,Medium,High,3.94,No,1.57,Growing
AIJ-102453,Robotics Engineer,Government,UAE,Bachelor,24,0.09,0.63,Yes,160164,Low,-5,39,Enterprise,Moderate,2.72,No,4.4,Growing
AIJ-102454,Teacher,Energy,Canada,PhD,20,0.3,0.99,No,114469,Low,-9,57,Enterprise,Moderate,3.85,No,4.11,Declining
AIJ-102455,Product Manager,Retail,Canada,Bachelor,17,0.06,0.44,Hybrid,34376,Medium,10,38,Enterprise,Low,4.5,No,1.7,Stable
AIJ-102456,AI Engineer,Government,Germany,PhD,11,0.35,0.9,No,188916,Medium,-10,56,Medium,High,4.99,Yes,4.95,Growing
AIJ-102457,UX Designer,Media,Germany,PhD,19,0.38,0.28,No,172075,Medium,27,56,Medium,High,4.91,No,2.85,Declining
AIJ-102458,UX Designer,Government,USA,PhD,0,0.15,0.5,Hybrid,177679,High,1,45,Medium,Low,2.06,Yes,3.85,Stable
AIJ-102459,HR Specialist,Healthcare,Pakistan,PhD,6,0.38,0.66,Hybrid,130595,Medium,28,38,Startup,High,3.04,No,1.8,Stable
AIJ-102460,Product Manager,Transportation,USA,High School,17,0.54,0.57,Hybrid,215266,Low,30,55,Enterprise,High,4.57,Yes,1.48,Declining
AIJ-102461,UX Designer,Healthcare,UAE,High School,21,0.23,0.41,No,73627,Low,-1,45,Enterprise,Moderate,4.32,No,1.96,Growing
AIJ-102462,Software Developer,Finance,USA,Master,9,0.21,0.24,Hybrid,163035,Medium,32,56,Enterprise,Low,4.58,Yes,3.41,Growing
AIJ-102463,Robotics Engineer,Finance,Pakistan,High School,0,0.48,0.83,Hybrid,39014,High,1,46,Medium,Low,2.4,Yes,2.99,Growing
AIJ-102464,Business Analyst,Retail,USA,Bachelor,1,0.26,0.59,No,102291,High,32,45,Enterprise,Low,3,Yes,2.99,Declining
AIJ-102465,AI Engineer,Healthcare,Pakistan,Bachelor,19,0.42,0.33,Hybrid,72533,Medium,29,43,Enterprise,Moderate,5,No,1.7,Declining
AIJ-102466,UX Designer,Technology,UAE,PhD,13,0.51,0.95,No,64791,High,30,50,Medium,High,4.45,No,1.61,Growing
AIJ-102467,UX Designer,Retail,Japan,PhD,17,0.62,0.28,Hybrid,92867,High,10,30,Enterprise,Low,4.46,Yes,4.37,Growing
AIJ-102468,Blockchain Developer,Finance,Pakistan,Master,14,0.87,0.66,Yes,185660,High,38,31,Medium,Moderate,2.75,No,4.97,Growing
AIJ-102469,UX Designer,Energy,Pakistan,High School,9,0.26,0.4,No,30496,Medium,9,43,Enterprise,Moderate,3.45,Yes,4.19,Growing
AIJ-102470,Robotics Engineer,Energy,Pakistan,High School,17,0.73,0.62,Hybrid,133259,Low,-9,38,Startup,Low,3.43,No,1.62,Declining
AIJ-102471,Business Analyst,Transportation,UAE,PhD,4,0.36,0.62,Hybrid,191283,Medium,37,33,Medium,Moderate,4.51,Yes,2.03,Declining
AIJ-102472,Machine Learning Engineer,Education,UAE,Bachelor,1,0.14,0.43,No,66030,Medium,-6,49,Medium,Moderate,2.65,No,1.2,Growing
AIJ-102473,Data Engineer,Media,UAE,PhD,6,0.26,0.92,Yes,188369,Medium,0,33,Startup,High,3.02,Yes,4.87,Stable
AIJ-102474,Financial Analyst,Healthcare,USA,Master,24,0.9,0.62,Hybrid,103701,High,35,52,Enterprise,High,4.92,Yes,3.11,Declining
AIJ-102475,Data Scientist,Energy,India,Bachelor,6,0.55,0.43,Hybrid,198434,High,37,50,Medium,Moderate,2.56,No,1.78,Stable
AIJ-102476,Business Analyst,Finance,India,Bachelor,8,0.1,0.93,Yes,178139,High,39,56,Startup,Low,3.84,Yes,3.72,Stable
AIJ-102477,Product Manager,Transportation,UK,Master,8,0.17,0.71,No,30996,High,5,56,Enterprise,High,2.09,No,1.48,Declining
AIJ-102478,DevOps Engineer,Government,Canada,High School,4,0.61,0.63,No,184154,Low,26,46,Enterprise,Low,3.41,Yes,4.99,Stable
AIJ-102479,Software Developer,Media,Germany,High School,2,0.57,0.84,Hybrid,123234,Medium,21,46,Enterprise,Moderate,2.32,No,2.43,Declining
AIJ-102480,Software Developer,Transportation,UAE,PhD,1,0.39,0.43,Yes,35463,High,45,34,Startup,Low,3.17,No,4.37,Stable
AIJ-102481,Financial Analyst,Transportation,India,Bachelor,18,0.24,0.88,No,170887,High,5,47,Medium,Moderate,4.91,Yes,3.98,Growing
AIJ-102482,Cloud Architect,Finance,Japan,High School,17,0.25,0.24,Yes,76231,Low,16,36,Medium,Low,2.99,Yes,1.37,Growing
AIJ-102483,Data Scientist,Manufacturing,USA,PhD,25,0.19,0.32,No,145516,High,8,47,Enterprise,Low,4.03,Yes,4.46,Declining
AIJ-102484,UX Designer,Transportation,Australia,Bachelor,25,0.91,0.8,Yes,206266,Medium,28,32,Medium,Moderate,3.06,Yes,1.83,Stable
AIJ-102485,DevOps Engineer,Energy,UAE,PhD,23,0.89,0.55,Yes,97013,Low,16,59,Enterprise,Moderate,3.17,No,2.22,Stable
AIJ-102486,Machine Learning Engineer,Technology,Pakistan,PhD,8,0.9,0.8,Yes,107134,Medium,8,49,Medium,High,2.16,No,1.92,Declining
AIJ-102487,Cybersecurity Analyst,Healthcare,Australia,High School,3,0.51,0.58,No,88226,Medium,44,40,Startup,High,3.81,Yes,4.71,Declining
AIJ-102488,Business Analyst,Transportation,Japan,High School,22,0.36,0.73,Hybrid,98449,Medium,43,47,Startup,High,4.41,Yes,2.35,Growing
AIJ-102489,Financial Analyst,Government,UAE,PhD,8,0.34,0.7,Yes,147527,Medium,36,39,Startup,High,3.74,Yes,3.92,Stable
AIJ-102490,HR Specialist,Transportation,Singapore,Master,1,0.48,0.52,Hybrid,97060,Medium,23,57,Enterprise,Moderate,4.72,No,4.71,Stable
AIJ-102491,Blockchain Developer,Media,Japan,Master,11,0.53,0.63,Yes,135920,Low,44,60,Enterprise,Low,4.04,Yes,4.21,Stable
AIJ-102492,Software Developer,Government,Pakistan,PhD,6,0.45,0.28,No,32213,Low,41,54,Enterprise,Moderate,3.05,Yes,2.46,Declining
AIJ-102493,Robotics Engineer,Retail,Australia,Master,25,0.25,0.7,Yes,47065,High,20,35,Enterprise,High,4.49,No,1.28,Declining
AIJ-102494,Digital Marketer,Finance,Singapore,Master,1,0.91,0.51,Yes,218748,Low,19,32,Startup,Low,4.25,No,1.11,Stable
AIJ-102495,Blockchain Developer,Transportation,Germany,PhD,6,0.8,0.67,Hybrid,174674,Low,16,55,Enterprise,Low,3.34,Yes,2.96,Stable
AIJ-102496,Blockchain Developer,Transportation,India,High School,0,0.92,0.7,Hybrid,200869,High,19,31,Startup,High,2.65,No,3.52,Growing
AIJ-102497,Blockchain Developer,Technology,USA,PhD,1,0.52,0.47,Yes,93877,Low,-10,59,Startup,Low,2.4,Yes,1.68,Stable
AIJ-102498,Data Engineer,Healthcare,Australia,Bachelor,25,0.72,0.3,No,50094,High,27,33,Startup,Moderate,4.75,No,3.46,Stable
AIJ-102499,Digital Marketer,Finance,Singapore,Bachelor,23,0.6,0.26,Yes,141554,Medium,-3,48,Medium,Moderate,4.32,No,3.03,Stable
AIJ-102500,Data Scientist,Finance,Pakistan,Master,9,0.15,0.91,Hybrid,157056,Medium,10,40,Startup,Low,4.12,Yes,4.6,Declining
AIJ-102501,Healthcare Analyst,Technology,UK,Master,4,0.68,0.95,No,191923,High,39,34,Medium,Low,2.74,No,1.72,Declining
AIJ-102502,Data Scientist,Energy,Canada,Bachelor,19,0.92,0.32,Hybrid,70519,Low,-10,37,Startup,High,3.25,No,4.33,Stable
AIJ-102503,Business Analyst,Government,USA,High School,9,0.72,0.64,Hybrid,160809,Medium,4,31,Enterprise,High,4.74,No,2.57,Stable
AIJ-102504,Robotics Engineer,Government,Japan,High School,20,0.69,0.87,Yes,200588,Medium,40,52,Medium,Low,4.95,No,4.29,Growing
AIJ-102505,Cloud Architect,Education,UAE,High School,11,0.87,0.47,Yes,151062,Medium,0,44,Enterprise,High,3.75,Yes,3.08,Stable
AIJ-102506,Data Engineer,Retail,UK,PhD,9,0.39,0.96,Hybrid,97386,Medium,17,52,Medium,Moderate,3.88,Yes,1.76,Growing
AIJ-102507,Healthcare Analyst,Government,India,Master,6,0.81,0.38,Hybrid,138977,High,1,36,Startup,Low,2.92,No,3.89,Declining
AIJ-102508,Financial Analyst,Transportation,Pakistan,Master,19,0.74,0.67,Hybrid,138892,Low,32,30,Startup,High,3.84,Yes,1.45,Declining
AIJ-102509,Robotics Engineer,Healthcare,Canada,High School,11,0.46,0.97,Hybrid,56030,High,-4,50,Medium,Low,2.64,No,1.97,Stable
AIJ-102510,Healthcare Analyst,Technology,Japan,High School,12,0.54,0.89,Yes,136171,High,18,58,Enterprise,Moderate,2.07,No,4.28,Growing
AIJ-102511,AI Engineer,Technology,Japan,Master,9,0.64,0.68,Yes,54242,Low,-8,34,Medium,Moderate,2.68,Yes,3.71,Stable
AIJ-102512,Product Manager,Finance,Australia,Bachelor,5,0.22,0.21,No,195911,Medium,16,53,Startup,High,3.92,Yes,2.24,Declining
AIJ-102513,Cybersecurity Analyst,Retail,Canada,Master,5,0.82,0.6,No,154712,High,8,34,Enterprise,Low,2.09,No,3.68,Stable
AIJ-102514,DevOps Engineer,Transportation,India,Bachelor,22,0.8,0.77,Hybrid,46578,High,28,56,Medium,Moderate,4.62,No,3.13,Growing
AIJ-102515,Machine Learning Engineer,Retail,Pakistan,PhD,18,0.77,0.95,Hybrid,156962,High,24,35,Startup,Moderate,3.02,No,1.11,Growing
AIJ-102516,Cloud Architect,Healthcare,UAE,PhD,16,0.32,0.67,No,134714,Medium,13,36,Enterprise,High,4.51,Yes,3.89,Stable
AIJ-102517,Data Scientist,Technology,UK,Master,23,0.24,0.65,No,93239,Low,28,40,Enterprise,Low,4.6,No,2.6,Declining
AIJ-102518,IoT Specialist,Technology,Canada,Bachelor,3,0.19,0.49,Hybrid,218584,Low,-6,44,Medium,Low,3.47,Yes,2.46,Declining
AIJ-102519,Digital Marketer,Media,UAE,PhD,2,0.36,0.66,No,111648,Low,4,40,Enterprise,High,2.65,Yes,4.65,Stable
AIJ-102520,DevOps Engineer,Retail,Germany,Bachelor,3,0.7,0.58,No,190146,Low,39,34,Startup,High,3.8,Yes,4.73,Stable
AIJ-102521,Prompt Engineer,Transportation,UK,High School,22,0.48,0.28,Hybrid,88256,Medium,45,60,Enterprise,Moderate,2.11,No,2.5,Growing
AIJ-102522,Robotics Engineer,Healthcare,Australia,Master,18,0.52,0.65,Yes,102165,Low,-4,54,Startup,Low,2.96,No,2.25,Declining
AIJ-102523,Data Scientist,Education,Australia,Bachelor,5,0.09,0.77,Yes,202052,High,13,53,Startup,High,2.98,Yes,1.58,Growing
AIJ-102524,Blockchain Developer,Education,Japan,PhD,2,0.13,0.75,Hybrid,46209,High,8,46,Medium,High,2.96,No,2.23,Declining
AIJ-102525,IoT Specialist,Transportation,India,High School,20,0.75,0.84,No,148155,Medium,42,56,Enterprise,Moderate,4.6,Yes,1.39,Declining
AIJ-102526,DevOps Engineer,Education,USA,Master,14,0.76,0.9,Hybrid,215018,Medium,19,52,Enterprise,Moderate,3.21,Yes,2.81,Declining
AIJ-102527,Prompt Engineer,Government,Pakistan,High School,16,0.94,0.54,No,41694,High,-1,43,Startup,Low,3.26,No,2.49,Growing
AIJ-102528,UX Designer,Healthcare,UK,Master,0,0.29,0.28,Hybrid,215896,Medium,2,48,Medium,High,2.85,Yes,2.27,Stable
AIJ-102529,Product Manager,Transportation,Canada,PhD,20,0.55,0.74,Yes,32026,High,25,33,Enterprise,Low,4.13,Yes,2.91,Growing
AIJ-102530,Software Developer,Healthcare,Australia,Master,0,0.91,0.62,Yes,188317,High,-6,44,Enterprise,Moderate,3.37,Yes,1.41,Declining
AIJ-102531,Software Developer,Media,Japan,Bachelor,5,0.33,0.82,Hybrid,117501,Low,40,56,Medium,Moderate,3.01,Yes,2.95,Stable
AIJ-102532,HR Specialist,Education,Canada,Bachelor,10,0.6,0.84,Yes,105928,High,40,53,Medium,High,4.85,Yes,4.13,Stable
AIJ-102533,Healthcare Analyst,Energy,Australia,Master,3,0.11,0.88,No,63433,Low,28,33,Medium,Low,3.41,No,2.01,Growing
AIJ-102534,Cloud Architect,Education,Pakistan,High School,6,0.71,0.95,Yes,105320,Medium,15,30,Enterprise,Moderate,2.93,No,4.38,Growing
AIJ-102535,UX Designer,Media,UK,High School,16,0.44,0.45,No,215823,Low,29,47,Enterprise,Low,2.32,Yes,4.58,Stable
AIJ-102536,Cybersecurity Analyst,Education,India,PhD,11,0.1,0.81,Yes,119244,High,35,51,Medium,Moderate,4.08,No,3.76,Declining
AIJ-102537,Digital Marketer,Media,Germany,Master,2,0.26,0.27,Yes,118988,Medium,13,54,Medium,Low,3.83,No,2.69,Stable
AIJ-102538,Teacher,Education,Germany,PhD,14,0.79,0.7,Hybrid,91947,Medium,19,38,Medium,Low,2.1,No,1.81,Stable
AIJ-102539,Business Analyst,Retail,USA,Bachelor,10,0.94,0.24,Hybrid,33209,High,1,45,Enterprise,High,2.34,No,1.79,Growing
AIJ-102540,DevOps Engineer,Manufacturing,Canada,Master,15,0.06,0.51,Hybrid,103777,High,21,52,Enterprise,High,3.4,No,2.4,Growing
AIJ-102541,Robotics Engineer,Energy,Canada,High School,12,0.84,0.27,Hybrid,187710,High,1,55,Startup,High,4.15,No,1.39,Growing
AIJ-102542,Teacher,Government,Singapore,Master,4,0.52,0.54,Yes,203088,Low,4,35,Medium,Moderate,2.18,Yes,4.98,Stable
AIJ-102543,DevOps Engineer,Manufacturing,Canada,Bachelor,6,0.73,0.23,No,146124,Low,43,48,Medium,High,3.12,No,1.21,Growing
AIJ-102544,IoT Specialist,Technology,India,Master,6,0.56,0.8,Hybrid,184819,Medium,24,44,Medium,Low,2.43,No,2.64,Stable
AIJ-102545,UX Designer,Education,Canada,Master,23,0.62,0.52,Yes,47890,High,22,50,Startup,High,4.64,No,1.98,Declining
AIJ-102546,Machine Learning Engineer,Retail,Canada,PhD,1,0.88,0.45,Yes,37742,Medium,35,38,Startup,Low,4.39,Yes,1.87,Declining
AIJ-102547,IoT Specialist,Energy,UK,High School,24,0.45,0.83,No,180036,Medium,28,57,Enterprise,High,4.18,No,3.91,Growing
AIJ-102548,Software Developer,Healthcare,Pakistan,High School,15,0.17,0.9,No,172077,Low,36,59,Medium,High,3.7,Yes,1.32,Declining
AIJ-102549,Healthcare Analyst,Healthcare,Japan,PhD,12,0.61,0.53,Yes,198787,Medium,-5,38,Medium,Moderate,2.15,No,2.27,Growing
AIJ-102550,Blockchain Developer,Healthcare,UAE,High School,5,0.45,0.49,Yes,147586,High,27,48,Startup,High,3.97,Yes,2.97,Growing
AIJ-102551,Machine Learning Engineer,Retail,India,Master,5,0.63,0.66,No,141121,High,44,39,Startup,Low,4.1,Yes,1.88,Growing
AIJ-102552,Robotics Engineer,Government,Canada,PhD,17,0.86,0.47,Hybrid,177858,High,42,56,Medium,High,3.95,No,3.79,Growing
AIJ-102553,Prompt Engineer,Media,UAE,High School,20,0.57,0.33,Hybrid,174941,Low,20,41,Medium,High,4.38,No,4.14,Stable
AIJ-102554,Robotics Engineer,Education,USA,High School,7,0.57,0.41,Yes,139720,Low,1,41,Medium,Moderate,2.06,Yes,1.55,Stable
AIJ-102555,Financial Analyst,Transportation,Germany,High School,9,0.56,0.86,Hybrid,112627,Low,32,60,Medium,Moderate,2.53,No,2.97,Stable
AIJ-102556,Software Developer,Retail,Pakistan,PhD,8,0.48,0.26,Yes,42833,High,19,50,Enterprise,Low,3.79,No,3.45,Growing
AIJ-102557,DevOps Engineer,Media,Singapore,Bachelor,17,0.23,0.35,Hybrid,146944,Medium,23,48,Enterprise,Low,3.04,Yes,4.84,Declining
AIJ-102558,Teacher,Government,Germany,PhD,17,0.18,0.46,No,158753,Low,36,50,Medium,Low,2.34,Yes,2.51,Growing
AIJ-102559,Financial Analyst,Technology,Singapore,PhD,14,0.89,0.34,Yes,191690,High,-1,43,Enterprise,High,3.3,Yes,4.59,Stable
AIJ-102560,Digital Marketer,Government,UAE,High School,17,0.82,0.96,Yes,205817,High,-8,41,Enterprise,High,3.31,No,3.01,Growing
AIJ-102561,DevOps Engineer,Finance,India,Bachelor,12,0.67,0.42,Yes,205278,Low,35,37,Startup,Low,2.84,No,2.99,Stable
AIJ-102562,Prompt Engineer,Healthcare,Germany,Bachelor,18,0.15,0.62,No,137179,Low,15,37,Medium,Moderate,2.55,No,2.61,Declining
AIJ-102563,Software Developer,Media,India,Bachelor,16,0.52,0.23,Hybrid,151916,High,34,41,Enterprise,Low,2.08,No,2.73,Growing
AIJ-102564,Data Scientist,Retail,Singapore,PhD,23,0.34,0.89,Yes,191570,Medium,36,49,Medium,Moderate,2.82,No,4.81,Stable
AIJ-102565,HR Specialist,Government,UAE,PhD,4,0.69,0.58,Yes,219162,Low,-1,52,Medium,Moderate,4.61,No,3.92,Declining
AIJ-102566,AI Engineer,Transportation,Australia,PhD,24,0.5,0.31,Hybrid,125241,Medium,34,48,Startup,High,4.08,No,1.43,Stable
AIJ-102567,Software Developer,Technology,UAE,Master,0,0.89,0.61,Yes,48447,Low,15,49,Enterprise,High,2.24,No,2.46,Stable
AIJ-102568,Machine Learning Engineer,Education,UK,Bachelor,3,0.34,0.95,No,118793,High,24,49,Medium,Moderate,4.3,Yes,3.49,Growing
AIJ-102569,Data Engineer,Healthcare,Pakistan,PhD,18,0.23,0.94,No,92513,High,-8,45,Startup,Moderate,4.21,No,3.39,Growing
AIJ-102570,Software Developer,Media,UAE,Master,1,0.42,0.29,Hybrid,46699,High,31,33,Startup,Moderate,4.48,Yes,3.75,Growing
AIJ-102571,HR Specialist,Government,Japan,PhD,4,0.33,0.63,Hybrid,166169,High,5,30,Enterprise,Low,3.66,Yes,2.44,Declining
AIJ-102572,HR Specialist,Healthcare,UK,PhD,1,0.55,0.35,No,58006,High,36,47,Medium,High,5,No,2.3,Growing
AIJ-102573,Data Engineer,Energy,Pakistan,Master,14,0.92,0.67,Yes,93389,High,39,35,Medium,High,4.53,Yes,3.75,Stable
AIJ-102574,Digital Marketer,Technology,USA,Master,12,0.08,0.52,Yes,70154,High,31,39,Medium,High,3.17,Yes,2.44,Declining
AIJ-102575,DevOps Engineer,Technology,Pakistan,High School,11,0.41,0.5,Hybrid,128605,Low,43,46,Medium,High,3.12,No,2.71,Stable
AIJ-102576,Blockchain Developer,Finance,Japan,High School,22,0.59,0.59,Yes,89179,Medium,45,34,Startup,High,4.37,No,4.23,Declining
AIJ-102577,Cybersecurity Analyst,Retail,UK,Master,21,0.43,0.82,Hybrid,160309,Low,0,32,Startup,Low,4.44,Yes,1.52,Growing
AIJ-102578,Digital Marketer,Technology,Japan,Bachelor,3,0.89,0.29,No,87463,Medium,0,37,Medium,High,4.76,Yes,1.83,Stable
AIJ-102579,Healthcare Analyst,Energy,Singapore,PhD,13,0.62,0.83,Hybrid,139273,Low,37,51,Medium,High,2.12,Yes,3.86,Growing
AIJ-102580,Healthcare Analyst,Retail,Germany,Master,14,0.39,0.91,Hybrid,54256,Low,25,50,Startup,Moderate,3.36,No,3.48,Growing
AIJ-102581,Cloud Architect,Retail,India,PhD,13,0.36,0.8,Yes,196357,High,32,49,Medium,Moderate,2.33,Yes,1.14,Stable
AIJ-102582,Healthcare Analyst,Education,Australia,Bachelor,15,0.53,0.49,No,112235,Medium,17,41,Enterprise,High,4.67,Yes,1.67,Declining
AIJ-102583,Machine Learning Engineer,Energy,Australia,Master,16,0.55,0.86,No,77449,High,31,33,Enterprise,High,3.18,No,2.54,Declining
AIJ-102584,Business Analyst,Healthcare,Pakistan,High School,20,0.9,0.72,Yes,84168,Low,33,36,Medium,Moderate,2.34,Yes,4.78,Declining
AIJ-102585,Business Analyst,Transportation,UK,Bachelor,7,0.22,0.44,Hybrid,181424,High,-3,45,Medium,Low,3.83,No,3.23,Declining
AIJ-102586,IoT Specialist,Retail,USA,PhD,9,0.16,0.7,No,112336,Medium,-9,57,Medium,Low,3.83,Yes,3.3,Stable
AIJ-102587,AI Engineer,Energy,Canada,Bachelor,23,0.36,0.58,No,179877,Medium,-1,40,Startup,Low,3.52,No,2.04,Stable
AIJ-102588,Digital Marketer,Retail,Singapore,Master,0,0.38,0.3,Yes,143243,Medium,44,54,Startup,High,3.35,No,2.01,Declining
AIJ-102589,Data Scientist,Healthcare,Pakistan,PhD,19,0.67,0.48,Yes,76980,Medium,17,60,Enterprise,Low,3.14,No,4.97,Stable
AIJ-102590,UX Designer,Healthcare,UAE,High School,0,0.06,0.69,Hybrid,82850,Low,21,33,Enterprise,Moderate,3.45,Yes,3.63,Stable
AIJ-102591,Healthcare Analyst,Media,Germany,PhD,6,0.57,0.75,No,124146,High,-8,60,Medium,Low,3.78,No,3.91,Growing
AIJ-102592,Prompt Engineer,Media,India,Bachelor,14,0.86,0.61,Hybrid,47978,Low,2,50,Startup,High,3.81,No,4.71,Stable
AIJ-102593,UX Designer,Manufacturing,Canada,High School,16,0.65,0.5,Yes,30676,High,20,37,Startup,Low,2.09,No,3.55,Stable
AIJ-102594,Teacher,Manufacturing,USA,Master,6,0.24,0.59,Yes,141862,High,14,58,Startup,Moderate,3.76,No,2.86,Stable
AIJ-102595,UX Designer,Government,Germany,High School,25,0.73,0.72,No,125958,Low,26,44,Startup,Moderate,4.53,Yes,1.78,Growing
AIJ-102596,Data Scientist,Government,Singapore,PhD,5,0.62,0.85,No,217436,Medium,-10,52,Medium,Low,2.78,Yes,1.46,Stable
AIJ-102597,AI Engineer,Finance,Pakistan,Master,5,0.44,0.53,No,218005,Low,-8,43,Startup,High,4.26,Yes,1.67,Growing
AIJ-102598,HR Specialist,Retail,Pakistan,Bachelor,4,0.22,0.71,No,113674,Low,31,45,Medium,Moderate,2.97,No,3.49,Stable
AIJ-102599,Teacher,Manufacturing,Australia,Bachelor,17,0.51,0.81,Yes,164502,Medium,21,43,Medium,Moderate,4.32,Yes,1.84,Growing
AIJ-102600,Product Manager,Transportation,Pakistan,Bachelor,20,0.61,0.39,Hybrid,198823,Medium,1,32,Medium,Moderate,4.21,Yes,4.3,Stable
AIJ-102601,DevOps Engineer,Media,Germany,Bachelor,11,0.52,0.7,Yes,192118,Medium,45,39,Startup,Low,3.87,Yes,4.75,Growing
AIJ-102602,Prompt Engineer,Energy,USA,PhD,17,0.11,0.35,Hybrid,105111,High,30,48,Enterprise,High,4.95,No,2.88,Stable
AIJ-102603,Data Scientist,Finance,UK,High School,22,0.65,0.26,Yes,85925,Low,27,40,Medium,Low,2.54,No,3.39,Declining
AIJ-102604,Machine Learning Engineer,Energy,Germany,Bachelor,13,0.28,0.41,Hybrid,63178,High,-2,33,Medium,Moderate,2.96,No,1.43,Growing
AIJ-102605,Blockchain Developer,Transportation,Singapore,High School,24,0.8,0.51,Yes,172491,High,-3,50,Medium,High,2.3,Yes,2.69,Stable
AIJ-102606,Teacher,Technology,Germany,Bachelor,22,0.35,0.83,No,138664,High,26,52,Startup,Low,2.11,No,2.78,Growing
AIJ-102607,Blockchain Developer,Media,UAE,PhD,20,0.37,0.47,Yes,66083,High,14,30,Startup,Low,2.99,No,1.09,Growing
AIJ-102608,Data Engineer,Energy,UAE,PhD,18,0.7,0.21,Hybrid,212416,High,26,36,Enterprise,High,4.85,Yes,4.55,Growing
AIJ-102609,Teacher,Technology,USA,Bachelor,9,0.21,0.96,Yes,51881,Medium,11,33,Medium,Moderate,3.56,No,4.62,Stable
AIJ-102610,HR Specialist,Government,Australia,PhD,13,0.84,0.23,Hybrid,162302,Medium,41,58,Enterprise,Moderate,4.44,No,1.85,Declining
AIJ-102611,Robotics Engineer,Government,India,PhD,6,0.41,0.88,Hybrid,52080,Medium,36,41,Enterprise,Moderate,4.25,Yes,1.07,Stable
AIJ-102612,Blockchain Developer,Manufacturing,Japan,PhD,1,0.1,0.72,Hybrid,67722,High,24,48,Medium,High,3.15,No,3.43,Stable
AIJ-102613,Machine Learning Engineer,Healthcare,UK,Master,22,0.29,0.42,Hybrid,117404,Medium,-8,43,Startup,High,4.91,Yes,4.03,Growing
AIJ-102614,Teacher,Government,Canada,Master,3,0.09,0.65,No,218890,High,-4,39,Startup,Moderate,4.36,No,1.06,Declining
AIJ-102615,Digital Marketer,Energy,India,High School,5,0.2,0.68,Yes,135261,Medium,9,44,Startup,Moderate,4.08,Yes,3.8,Growing
AIJ-102616,Software Developer,Retail,USA,High School,14,0.89,0.51,No,105821,High,30,38,Startup,Moderate,4.02,No,3.11,Stable
AIJ-102617,Cloud Architect,Finance,UK,Master,25,0.56,0.63,No,173897,Medium,-3,59,Medium,Low,4.34,Yes,3.42,Stable
AIJ-102618,Digital Marketer,Manufacturing,Canada,Master,19,0.58,0.21,Yes,144116,Low,20,40,Enterprise,Low,2.71,No,1.22,Growing
AIJ-102619,Digital Marketer,Transportation,UAE,Master,17,0.05,0.51,No,110839,Low,39,41,Startup,Moderate,2.26,Yes,1.14,Declining
AIJ-102620,Prompt Engineer,Government,Australia,Master,14,0.23,0.89,No,118254,Low,2,59,Startup,Low,4.77,No,1.37,Stable
AIJ-102621,Financial Analyst,Retail,Germany,High School,18,0.42,0.54,Hybrid,52783,Low,3,50,Enterprise,Moderate,4.07,Yes,1.99,Stable
AIJ-102622,Business Analyst,Manufacturing,Canada,Master,10,0.24,0.44,Yes,215033,Low,22,54,Enterprise,Low,2.64,No,3.75,Stable
AIJ-102623,Blockchain Developer,Manufacturing,Singapore,Bachelor,20,0.59,0.52,Yes,144852,Medium,1,33,Enterprise,High,3.49,No,2.18,Stable
AIJ-102624,Healthcare Analyst,Retail,USA,Bachelor,9,0.9,0.78,No,50000,Medium,22,36,Startup,Moderate,4.67,Yes,1.43,Declining
AIJ-102625,Data Scientist,Manufacturing,UK,PhD,19,0.29,0.29,Hybrid,56792,Medium,2,56,Medium,Moderate,2.5,Yes,3.92,Declining
AIJ-102626,Teacher,Energy,UAE,Master,12,0.43,0.71,No,156107,High,44,59,Startup,Moderate,3.79,No,3.84,Declining
AIJ-102627,Data Engineer,Finance,Canada,PhD,0,0.17,0.69,Yes,177047,High,16,51,Medium,Low,3.81,No,1.28,Growing
AIJ-102628,DevOps Engineer,Technology,Germany,Master,18,0.46,0.53,No,62291,High,-1,42,Startup,Moderate,3.55,Yes,4.36,Growing
AIJ-102629,Prompt Engineer,Healthcare,Pakistan,Bachelor,19,0.73,0.65,Yes,129709,Low,36,40,Medium,High,3.8,No,4.19,Declining
AIJ-102630,Cybersecurity Analyst,Healthcare,UK,High School,4,0.25,0.78,No,156520,Low,-9,56,Enterprise,Low,4.71,No,3.55,Stable
AIJ-102631,Business Analyst,Education,Pakistan,Bachelor,7,0.47,0.32,Yes,41982,High,24,49,Enterprise,Moderate,2.2,Yes,4.83,Growing
AIJ-102632,Data Engineer,Finance,Germany,PhD,0,0.55,0.57,Hybrid,144717,High,35,39,Startup,Low,3.78,No,4.24,Stable
AIJ-102633,UX Designer,Education,USA,PhD,4,0.77,0.5,Yes,150457,Medium,23,32,Medium,High,4.03,No,4.24,Growing
AIJ-102634,Cybersecurity Analyst,Healthcare,Germany,High School,24,0.1,0.87,Yes,164724,High,7,37,Enterprise,Low,3.76,No,4.59,Growing
AIJ-102635,Healthcare Analyst,Technology,UAE,Master,18,0.27,0.35,No,194010,Low,45,39,Medium,Low,4.54,Yes,2.76,Growing
AIJ-102636,UX Designer,Healthcare,Australia,High School,21,0.52,0.97,No,200356,High,3,51,Medium,Low,2.82,Yes,3.08,Growing
AIJ-102637,Healthcare Analyst,Transportation,India,High School,1,0.51,0.35,Yes,33656,Medium,16,59,Startup,Low,3.24,No,3.4,Declining
AIJ-102638,IoT Specialist,Media,Canada,High School,13,0.13,0.54,No,112528,Medium,35,43,Medium,High,2.82,No,1.43,Declining
AIJ-102639,Healthcare Analyst,Media,Pakistan,High School,3,0.21,0.68,Hybrid,56476,Medium,23,32,Startup,Low,2.28,No,1.18,Declining
AIJ-102640,AI Engineer,Media,Canada,Bachelor,22,0.51,0.21,Yes,100957,Medium,17,37,Startup,Moderate,3.49,No,2.58,Declining
AIJ-102641,Product Manager,Transportation,Canada,High School,19,0.55,0.42,Yes,152823,High,4,39,Medium,High,4.69,Yes,2.39,Declining
AIJ-102642,Data Scientist,Finance,Singapore,Bachelor,3,0.94,0.98,Yes,175424,Low,35,32,Enterprise,Moderate,4.52,Yes,2.24,Declining
AIJ-102643,HR Specialist,Retail,UK,Master,18,0.33,0.65,No,169598,Low,9,48,Startup,Low,4.79,No,2.68,Growing
AIJ-102644,Cybersecurity Analyst,Healthcare,Germany,High School,6,0.11,0.28,Yes,125428,Medium,39,42,Medium,Low,3.43,No,3.81,Declining
AIJ-102645,Data Scientist,Government,Singapore,PhD,4,0.53,0.92,Hybrid,198026,Medium,39,46,Startup,High,2.32,No,3.3,Growing
AIJ-102646,Software Developer,Retail,UAE,PhD,5,0.28,0.46,Yes,145325,Low,39,48,Medium,Low,3.95,No,1.61,Growing
AIJ-102647,IoT Specialist,Finance,Germany,High School,19,0.58,0.93,Yes,58708,Low,18,31,Enterprise,Moderate,3.27,No,1.97,Stable
AIJ-102648,AI Engineer,Retail,UAE,High School,24,0.36,0.94,No,218642,High,19,32,Startup,Moderate,2.95,No,2.54,Growing
AIJ-102649,Cloud Architect,Healthcare,Canada,Bachelor,1,0.43,0.28,No,150163,Low,-4,46,Enterprise,High,2.05,No,3.5,Growing
AIJ-102650,Machine Learning Engineer,Manufacturing,Pakistan,Bachelor,11,0.58,0.35,No,137290,Medium,-5,41,Startup,High,4.14,Yes,1.75,Growing
AIJ-102651,Product Manager,Education,USA,Master,6,0.44,0.8,No,211193,Low,0,48,Enterprise,High,4.52,No,1.87,Declining
AIJ-102652,Data Scientist,Government,USA,Master,0,0.86,0.63,Yes,86940,Low,21,59,Medium,Moderate,3.66,Yes,1.42,Stable
AIJ-102653,Blockchain Developer,Media,UAE,High School,21,0.71,0.32,Hybrid,122260,High,-8,49,Medium,High,2.17,No,3.94,Growing
AIJ-102654,HR Specialist,Healthcare,Singapore,Bachelor,24,0.41,0.88,Hybrid,185944,Medium,7,46,Enterprise,Low,3.14,No,3.35,Stable
AIJ-102655,Cybersecurity Analyst,Transportation,UAE,Master,5,0.91,0.73,Hybrid,154522,Medium,35,59,Enterprise,High,4.12,Yes,3.76,Growing
AIJ-102656,UX Designer,Healthcare,UK,Master,10,0.88,0.63,Yes,53050,Medium,38,56,Medium,Low,3.08,No,2.35,Stable
AIJ-102657,Cybersecurity Analyst,Media,Singapore,PhD,14,0.29,0.87,Hybrid,170056,High,35,41,Startup,Low,2.68,Yes,4.68,Declining
AIJ-102658,Digital Marketer,Retail,Japan,Master,6,0.32,0.33,Hybrid,56537,High,1,47,Enterprise,Low,4.81,No,1.07,Stable
AIJ-102659,Machine Learning Engineer,Education,Australia,Bachelor,15,0.7,0.83,Yes,145355,Low,-7,46,Enterprise,High,2.03,No,2.27,Stable
AIJ-102660,AI Engineer,Government,Pakistan,Master,19,0.92,0.34,No,46473,High,16,33,Medium,Moderate,4.41,Yes,1.23,Stable
AIJ-102661,Data Scientist,Government,Japan,Master,3,0.41,0.53,Yes,151994,Low,3,52,Medium,Moderate,4.19,Yes,2.27,Growing
AIJ-102662,Blockchain Developer,Government,Pakistan,Master,0,0.08,0.62,Yes,120819,Low,38,38,Medium,Moderate,2.22,No,4.41,Stable
AIJ-102663,Machine Learning Engineer,Technology,UK,High School,14,0.19,0.49,No,70568,High,26,35,Enterprise,Low,3.69,Yes,2.28,Stable
AIJ-102664,Blockchain Developer,Finance,USA,Bachelor,4,0.69,0.75,Hybrid,37568,Medium,23,49,Startup,Low,2.68,No,4.56,Stable
AIJ-102665,Healthcare Analyst,Education,UK,Master,3,0.89,0.51,No,172944,High,8,34,Medium,High,4.93,Yes,4.55,Stable
AIJ-102666,Data Engineer,Manufacturing,Australia,Master,11,0.53,0.73,Yes,145078,High,27,35,Medium,Low,3.35,Yes,2.06,Growing
AIJ-102667,IoT Specialist,Education,Pakistan,High School,2,0.36,0.35,Hybrid,166674,Medium,20,46,Medium,Low,2.78,Yes,2.09,Growing
AIJ-102668,Cybersecurity Analyst,Technology,Germany,High School,16,0.23,0.55,Hybrid,219021,Medium,44,54,Startup,Moderate,3.46,No,4.87,Stable
AIJ-102669,IoT Specialist,Media,India,PhD,5,0.68,0.73,Yes,115041,Low,15,36,Medium,Moderate,2.99,No,4.43,Declining
AIJ-102670,Product Manager,Finance,Japan,PhD,19,0.85,0.73,Yes,91195,High,37,56,Enterprise,Moderate,3.98,No,2.26,Declining
AIJ-102671,HR Specialist,Education,Japan,PhD,14,0.14,0.21,Yes,121733,Low,42,52,Medium,Moderate,4.08,Yes,1.74,Stable
AIJ-102672,Teacher,Manufacturing,UAE,PhD,25,0.91,0.5,Yes,70416,Medium,-3,42,Enterprise,Low,2.42,Yes,1.64,Stable
AIJ-102673,UX Designer,Government,Singapore,High School,1,0.5,0.25,Hybrid,51564,High,6,44,Enterprise,Moderate,4.45,No,2.44,Growing
AIJ-102674,Software Developer,Healthcare,Singapore,Bachelor,13,0.26,0.68,No,79344,High,41,53,Medium,High,3.55,No,3.35,Growing
AIJ-102675,Business Analyst,Finance,Japan,PhD,10,0.59,0.84,Hybrid,160351,Medium,38,40,Medium,Low,3.42,Yes,2.86,Growing
AIJ-102676,Data Engineer,Government,USA,High School,12,0.6,0.42,No,177839,Low,26,39,Medium,High,2.6,Yes,4.27,Declining
AIJ-102677,UX Designer,Retail,Australia,Bachelor,2,0.58,0.59,Yes,100147,High,23,51,Medium,Low,4.06,Yes,3.32,Declining
AIJ-102678,Machine Learning Engineer,Healthcare,Pakistan,High School,4,0.67,0.31,Hybrid,39977,High,22,41,Startup,Low,3.15,No,1.13,Stable
AIJ-102679,Data Engineer,Transportation,UAE,PhD,11,0.95,0.59,Yes,30320,High,-7,54,Startup,Low,2.53,No,1.11,Declining
AIJ-102680,Robotics Engineer,Energy,India,Bachelor,2,0.43,0.95,Yes,169444,Low,-2,36,Startup,High,4.8,No,4.24,Declining
AIJ-102681,Teacher,Energy,India,Master,19,0.54,0.63,Hybrid,50226,Medium,24,34,Startup,Moderate,2.62,Yes,3.72,Declining
AIJ-102682,IoT Specialist,Media,Canada,Master,3,0.61,0.74,Yes,35494,Medium,19,30,Enterprise,Moderate,3.35,Yes,2.83,Growing
AIJ-102683,Teacher,Transportation,Canada,High School,7,0.71,0.95,Yes,115427,Medium,41,54,Enterprise,Moderate,4.4,No,1.84,Growing
AIJ-102684,DevOps Engineer,Education,Japan,Master,13,0.4,0.43,Hybrid,187649,Medium,13,46,Startup,High,2.3,Yes,4.2,Declining
AIJ-102685,IoT Specialist,Manufacturing,USA,Bachelor,15,0.39,0.74,Hybrid,212204,Low,28,34,Medium,Moderate,2.55,Yes,1.69,Growing
AIJ-102686,Robotics Engineer,Government,UAE,High School,12,0.93,0.94,Hybrid,217187,High,42,40,Enterprise,High,3.86,Yes,3.25,Stable
AIJ-102687,Machine Learning Engineer,Healthcare,Canada,High School,16,0.22,0.46,No,36978,Low,33,31,Startup,Low,3.61,Yes,1.72,Declining
AIJ-102688,Prompt Engineer,Technology,Singapore,High School,9,0.58,0.65,No,124204,Medium,-6,57,Medium,Low,4.51,Yes,4.46,Stable
AIJ-102689,Cloud Architect,Transportation,Germany,High School,25,0.86,0.68,No,56115,Medium,10,31,Enterprise,Moderate,3.54,No,2.85,Stable
AIJ-102690,AI Engineer,Finance,India,Master,0,0.16,0.22,No,121327,Low,-2,53,Medium,Low,4.8,No,1.62,Stable
AIJ-102691,DevOps Engineer,Energy,UAE,PhD,24,0.44,0.44,Hybrid,170734,High,36,52,Medium,Moderate,3.84,Yes,2.11,Growing
AIJ-102692,Blockchain Developer,Retail,Germany,PhD,16,0.06,0.75,No,85503,Medium,36,33,Startup,Moderate,2.72,Yes,1.76,Declining
AIJ-102693,Software Developer,Education,Germany,Master,10,0.43,0.81,Yes,73105,Low,11,38,Startup,Moderate,3.48,No,2.85,Stable
AIJ-102694,Product Manager,Energy,UK,Master,15,0.59,0.87,Hybrid,62133,Low,29,36,Enterprise,Low,4.87,Yes,2.14,Declining
AIJ-102695,Data Scientist,Media,UAE,Master,15,0.62,0.73,No,42541,Medium,11,33,Enterprise,Low,2.33,Yes,3.94,Growing
AIJ-102696,Prompt Engineer,Media,Pakistan,High School,3,0.72,0.42,Hybrid,97140,Low,30,47,Startup,Low,3.52,No,4.41,Growing
AIJ-102697,Cybersecurity Analyst,Transportation,UAE,Bachelor,7,0.3,0.46,No,42041,High,-8,32,Startup,Moderate,3.08,No,1.18,Stable
AIJ-102698,Machine Learning Engineer,Transportation,UAE,Master,13,0.61,0.62,Hybrid,131729,High,28,52,Enterprise,High,2,Yes,2.2,Growing
AIJ-102699,Machine Learning Engineer,Media,Japan,Bachelor,2,0.13,0.78,Hybrid,175784,Low,20,40,Enterprise,Moderate,2.91,No,3.25,Declining
AIJ-102700,Cloud Architect,Retail,Japan,Bachelor,16,0.94,0.75,Hybrid,81964,High,16,48,Startup,High,4.06,Yes,3.64,Stable
AIJ-102701,UX Designer,Finance,UK,High School,13,0.3,0.67,Hybrid,130151,High,32,34,Medium,Moderate,3.59,Yes,1.22,Declining
AIJ-102702,Robotics Engineer,Government,Canada,High School,16,0.61,0.95,Hybrid,96574,Medium,43,37,Medium,High,4.74,Yes,4.69,Growing
AIJ-102703,Business Analyst,Retail,USA,PhD,18,0.9,0.92,Hybrid,162664,High,41,36,Startup,High,2.24,Yes,2.54,Stable
AIJ-102704,Machine Learning Engineer,Technology,UAE,Bachelor,13,0.16,0.38,Yes,41392,Medium,9,40,Medium,Moderate,2.32,Yes,3.01,Growing
AIJ-102705,Digital Marketer,Education,USA,Bachelor,23,0.73,0.89,Yes,53652,Medium,42,47,Enterprise,Low,2.77,Yes,1.32,Growing
AIJ-102706,HR Specialist,Finance,UAE,PhD,4,0.62,0.88,No,50450,Medium,5,50,Medium,High,3.26,No,2.29,Declining
AIJ-102707,Business Analyst,Energy,Pakistan,PhD,9,0.62,0.79,No,81396,Low,30,60,Enterprise,Low,2.87,No,3.97,Growing
AIJ-102708,Prompt Engineer,Manufacturing,Australia,High School,18,0.25,0.61,No,64420,High,30,55,Enterprise,Moderate,3.63,Yes,1.54,Stable
AIJ-102709,Product Manager,Energy,Australia,Master,14,0.83,0.73,No,206965,High,36,43,Medium,High,3.35,No,3.4,Stable
AIJ-102710,Blockchain Developer,Manufacturing,USA,PhD,16,0.78,0.6,Yes,40285,Low,31,53,Startup,Moderate,2.71,Yes,3.26,Stable
AIJ-102711,AI Engineer,Transportation,Germany,Master,8,0.5,0.84,No,147649,Low,37,53,Medium,Low,2.24,No,4.98,Declining
AIJ-102712,Data Engineer,Government,UK,High School,5,0.62,0.61,Hybrid,145032,High,0,48,Enterprise,Moderate,3,No,2.59,Declining
AIJ-102713,Teacher,Government,Canada,High School,13,0.5,0.74,Yes,144986,Low,33,51,Enterprise,Low,3.04,No,1.9,Stable
AIJ-102714,Data Engineer,Energy,UAE,High School,3,0.46,0.7,Hybrid,104781,Medium,38,54,Startup,Moderate,3.83,No,4.31,Stable
AIJ-102715,Teacher,Retail,Canada,PhD,4,0.8,0.97,Hybrid,42324,High,39,52,Medium,Moderate,2.54,Yes,3.02,Stable
AIJ-102716,Financial Analyst,Energy,Australia,PhD,1,0.85,0.39,Yes,56487,High,45,49,Startup,High,3.4,No,1.44,Stable
AIJ-102717,Data Scientist,Finance,UK,High School,7,0.87,0.88,Yes,174263,High,27,50,Medium,Low,2.94,Yes,4.68,Stable
AIJ-102718,UX Designer,Healthcare,India,PhD,11,0.32,0.94,No,156477,Medium,10,32,Startup,Low,4.58,No,2.46,Declining
AIJ-102719,Business Analyst,Education,Singapore,PhD,22,0.22,0.75,No,130098,High,15,40,Startup,Low,3.34,No,2.05,Stable
AIJ-102720,UX Designer,Transportation,USA,PhD,20,0.13,0.49,No,134233,High,17,57,Enterprise,High,3.44,Yes,4.29,Declining
AIJ-102721,UX Designer,Government,Canada,Master,6,0.9,0.42,No,143560,Low,26,30,Enterprise,Moderate,2.59,No,3.94,Declining
AIJ-102722,Financial Analyst,Healthcare,Germany,Bachelor,14,0.59,0.4,Yes,135913,Low,-8,39,Enterprise,High,3.75,Yes,2.72,Stable
AIJ-102723,HR Specialist,Finance,USA,Master,1,0.07,0.68,Hybrid,55692,Low,14,57,Startup,Low,3.7,Yes,3.64,Stable
AIJ-102724,Cloud Architect,Government,UK,Master,18,0.55,0.49,Hybrid,61384,Low,-2,46,Enterprise,Low,2.01,Yes,2.71,Declining
AIJ-102725,HR Specialist,Healthcare,UAE,PhD,12,0.29,0.29,Yes,159465,High,35,48,Medium,Low,3.47,Yes,1.38,Declining
AIJ-102726,Business Analyst,Healthcare,Pakistan,Bachelor,11,0.16,0.78,No,124732,Low,35,54,Enterprise,Moderate,4.16,No,4.93,Growing
AIJ-102727,IoT Specialist,Healthcare,Australia,Bachelor,17,0.14,0.83,Hybrid,204359,High,24,35,Startup,High,3.95,No,2.14,Growing
AIJ-102728,Product Manager,Energy,India,PhD,7,0.17,0.59,Yes,85557,High,0,36,Startup,Low,2.76,No,1.8,Growing
AIJ-102729,Software Developer,Media,UAE,Master,15,0.36,0.28,No,119746,High,-10,38,Medium,Moderate,2.85,Yes,2.77,Stable
AIJ-102730,AI Engineer,Energy,Pakistan,Bachelor,24,0.36,0.66,No,205041,Low,1,48,Startup,High,2.38,No,4.34,Growing
AIJ-102731,Data Engineer,Government,UAE,PhD,10,0.91,0.49,No,31352,Medium,-2,52,Enterprise,Low,4.23,No,1.11,Stable
AIJ-102732,Business Analyst,Transportation,UAE,High School,8,0.89,0.35,Hybrid,108841,Medium,25,59,Medium,Low,2.85,No,3.34,Declining
AIJ-102733,Healthcare Analyst,Energy,Singapore,Bachelor,23,0.67,0.74,Yes,31522,High,44,31,Enterprise,Low,2.06,No,3.57,Declining
AIJ-102734,HR Specialist,Retail,UK,Bachelor,20,0.21,0.29,No,199539,High,6,45,Enterprise,Low,2.63,Yes,2.96,Growing
AIJ-102735,Machine Learning Engineer,Transportation,Japan,Bachelor,11,0.07,0.83,No,73994,High,40,48,Enterprise,High,2.74,No,4.71,Declining
AIJ-102736,Blockchain Developer,Transportation,USA,High School,7,0.09,0.2,No,200078,High,-4,45,Startup,Moderate,2.15,No,3.17,Declining
AIJ-102737,Healthcare Analyst,Healthcare,Pakistan,High School,24,0.2,0.73,Yes,171912,Low,31,57,Enterprise,Moderate,4.75,Yes,1.09,Growing
AIJ-102738,Digital Marketer,Energy,India,PhD,7,0.15,0.98,No,46369,Low,34,41,Enterprise,High,4.41,Yes,4.02,Declining
AIJ-102739,Software Developer,Government,UAE,PhD,20,0.23,0.8,No,213146,Low,11,39,Enterprise,Low,4.43,No,3.69,Growing
AIJ-102740,Blockchain Developer,Healthcare,Japan,High School,23,0.83,0.59,Hybrid,41656,High,37,59,Startup,Low,3.1,Yes,2.61,Declining
AIJ-102741,Cybersecurity Analyst,Manufacturing,Pakistan,PhD,13,0.29,0.96,Yes,195500,Low,32,50,Medium,High,2.66,No,1.23,Declining
AIJ-102742,Product Manager,Media,Japan,Master,19,0.82,0.99,No,59471,High,35,58,Startup,High,2.44,No,2.3,Growing
AIJ-102743,Cloud Architect,Retail,Germany,High School,6,0.64,0.53,No,173842,Medium,-9,54,Enterprise,Low,4.1,Yes,4.56,Declining
AIJ-102744,Machine Learning Engineer,Energy,Pakistan,Master,18,0.21,0.86,Hybrid,91656,Medium,-5,51,Enterprise,High,3.88,Yes,3.57,Stable
AIJ-102745,HR Specialist,Media,USA,Bachelor,8,0.36,0.89,No,135042,High,35,38,Enterprise,High,2.61,No,3.47,Declining
AIJ-102746,Data Engineer,Healthcare,Japan,Bachelor,6,0.42,0.46,Yes,190753,Low,15,45,Enterprise,Low,3.17,No,2.15,Growing
AIJ-102747,Data Scientist,Energy,India,High School,16,0.35,0.85,Yes,178604,Low,14,44,Startup,Low,3.73,No,3.5,Stable
AIJ-102748,Healthcare Analyst,Education,UAE,Master,18,0.8,0.22,No,130267,Medium,34,41,Enterprise,High,2.59,Yes,1.34,Stable
AIJ-102749,Cloud Architect,Finance,Australia,High School,0,0.28,0.57,No,163704,High,41,50,Enterprise,High,4.62,Yes,1.7,Declining
AIJ-102750,Software Developer,Education,UK,Master,10,0.52,0.57,Hybrid,141102,High,-3,32,Enterprise,High,4.15,Yes,1.66,Stable
AIJ-102751,Robotics Engineer,Finance,India,PhD,14,0.08,0.99,No,99753,High,40,30,Startup,Moderate,4.61,Yes,4.22,Stable
AIJ-102752,Robotics Engineer,Transportation,Japan,Master,2,0.28,0.89,Hybrid,172885,Medium,-6,38,Enterprise,High,2.05,Yes,4.95,Growing
AIJ-102753,Machine Learning Engineer,Manufacturing,UK,High School,13,0.32,0.88,No,140828,Low,25,58,Enterprise,Moderate,4.45,Yes,4.18,Growing
AIJ-102754,Software Developer,Retail,India,Bachelor,0,0.72,0.58,Yes,213912,Low,43,54,Medium,Moderate,3.77,No,1.04,Stable
AIJ-102755,Blockchain Developer,Media,Germany,PhD,7,0.38,0.25,No,153941,Low,33,55,Enterprise,Moderate,4.2,Yes,4.5,Growing
AIJ-102756,Teacher,Education,Pakistan,Bachelor,13,0.75,0.53,Yes,84084,Low,19,50,Medium,Low,4.58,No,2.34,Declining
AIJ-102757,Blockchain Developer,Technology,Canada,Bachelor,6,0.35,0.83,Yes,65794,High,39,57,Startup,High,3.88,Yes,1.21,Stable
AIJ-102758,Cloud Architect,Media,Pakistan,Bachelor,7,0.71,0.21,Yes,148794,Low,11,42,Medium,High,3.52,No,4.4,Declining
AIJ-102759,Digital Marketer,Energy,India,Bachelor,3,0.54,0.94,No,92075,Low,42,52,Enterprise,Moderate,2.76,No,4.01,Stable
AIJ-102760,Product Manager,Technology,UAE,High School,3,0.14,0.8,Hybrid,174724,Low,45,32,Enterprise,Moderate,3.01,No,4.88,Growing
AIJ-102761,Business Analyst,Retail,USA,High School,15,0.21,0.63,Hybrid,79921,High,-6,48,Medium,Moderate,4.98,No,3.52,Stable
AIJ-102762,Cloud Architect,Finance,USA,Bachelor,9,0.46,0.28,No,157273,High,20,52,Medium,Low,3.9,No,2.36,Stable
AIJ-102763,Software Developer,Education,UAE,High School,12,0.17,0.43,No,76730,Medium,4,36,Enterprise,High,2.58,No,4.66,Growing
AIJ-102764,Data Scientist,Government,Japan,Bachelor,23,0.91,0.68,Yes,145849,Medium,41,45,Medium,High,2.77,Yes,3.54,Growing
AIJ-102765,Cloud Architect,Technology,India,PhD,1,0.12,0.26,Yes,190576,Medium,1,50,Startup,Moderate,3.76,No,4.59,Growing
AIJ-102766,Machine Learning Engineer,Finance,UAE,Bachelor,18,0.37,0.57,Yes,195911,High,28,30,Startup,Moderate,4.37,Yes,2.23,Growing
AIJ-102767,Healthcare Analyst,Retail,Germany,Master,19,0.37,0.57,Yes,134571,High,26,33,Medium,Moderate,2.71,Yes,1.66,Growing
AIJ-102768,Cybersecurity Analyst,Energy,USA,Master,21,0.57,0.74,No,47250,High,33,60,Startup,High,2.47,Yes,1.85,Growing
AIJ-102769,Robotics Engineer,Media,Pakistan,PhD,24,0.77,0.83,Hybrid,170474,High,9,39,Medium,Low,4.1,Yes,1.47,Stable
AIJ-102770,HR Specialist,Healthcare,India,Bachelor,17,0.1,0.25,Yes,83210,Medium,15,55,Medium,High,3.19,Yes,1.85,Growing
AIJ-102771,HR Specialist,Healthcare,Germany,PhD,5,0.88,0.91,Yes,219895,Medium,40,44,Medium,High,4.58,Yes,1.24,Growing
AIJ-102772,Prompt Engineer,Finance,USA,PhD,10,0.7,0.4,Yes,176619,High,-3,56,Enterprise,Low,4.28,Yes,3.2,Declining
AIJ-102773,Robotics Engineer,Media,Pakistan,Master,0,0.06,0.39,No,161167,Low,15,46,Startup,Moderate,2.28,Yes,2.06,Declining
AIJ-102774,Prompt Engineer,Finance,UAE,Bachelor,9,0.19,0.57,Yes,215133,High,43,33,Medium,Moderate,4.62,No,4.47,Stable
AIJ-102775,UX Designer,Energy,Germany,Bachelor,17,0.23,0.23,No,107608,Medium,10,39,Medium,Low,2.27,Yes,1.56,Growing
AIJ-102776,Digital Marketer,Technology,Singapore,Bachelor,0,0.92,0.96,Hybrid,189026,High,-1,50,Startup,Low,4.14,Yes,3.87,Stable
AIJ-102777,Prompt Engineer,Media,Germany,Bachelor,17,0.87,0.67,Yes,41961,Medium,35,43,Medium,Moderate,2.18,Yes,3.66,Growing
AIJ-102778,Teacher,Manufacturing,Japan,High School,23,0.57,0.52,Yes,125773,Low,-5,36,Medium,Moderate,4.75,Yes,1.47,Stable
AIJ-102779,Blockchain Developer,Technology,Australia,PhD,20,0.28,0.54,No,88367,Medium,9,39,Startup,Low,3.89,No,3.06,Declining
AIJ-102780,Machine Learning Engineer,Technology,Pakistan,Master,10,0.91,0.8,Yes,159442,Low,-4,42,Enterprise,High,3.95,No,4.52,Stable
AIJ-102781,Product Manager,Education,Australia,High School,14,0.31,0.49,Yes,122442,Low,25,46,Medium,High,3.73,Yes,4.17,Growing
AIJ-102782,Machine Learning Engineer,Media,Pakistan,Master,9,0.62,0.47,Hybrid,219737,Low,-8,40,Startup,High,2.63,No,1.41,Stable
AIJ-102783,UX Designer,Finance,USA,High School,21,0.07,0.7,Hybrid,160181,Medium,-7,35,Enterprise,High,2.88,Yes,4.55,Stable
AIJ-102784,Cloud Architect,Manufacturing,Japan,High School,23,0.89,0.6,No,183537,Medium,0,58,Medium,High,4.27,No,3.53,Stable
AIJ-102785,Blockchain Developer,Transportation,Japan,Master,25,0.28,0.74,Yes,165840,Medium,34,60,Medium,High,3.77,Yes,1.54,Declining
AIJ-102786,Robotics Engineer,Transportation,Australia,Bachelor,7,0.55,0.42,Yes,33615,High,34,59,Enterprise,Moderate,3.41,Yes,2.22,Stable
AIJ-102787,Blockchain Developer,Retail,Canada,PhD,10,0.84,0.99,Yes,158537,Medium,7,59,Medium,High,3.13,No,3.22,Stable
AIJ-102788,Cloud Architect,Healthcare,Australia,Master,18,0.26,0.25,No,215048,Low,9,32,Medium,Low,3.29,No,2.2,Growing
AIJ-102789,Cybersecurity Analyst,Technology,Canada,High School,0,0.71,0.36,Yes,115104,High,41,59,Enterprise,High,2.61,Yes,4.14,Growing
AIJ-102790,Cybersecurity Analyst,Transportation,India,PhD,8,0.13,0.79,Hybrid,41913,High,-5,40,Enterprise,Moderate,3.71,Yes,4.98,Stable
AIJ-102791,Data Engineer,Finance,India,PhD,23,0.72,0.34,Yes,114440,High,-9,53,Medium,Low,3.75,No,3.07,Stable
AIJ-102792,Blockchain Developer,Technology,UK,PhD,19,0.35,0.34,Yes,111157,High,10,56,Enterprise,Moderate,3.2,No,3.43,Declining
AIJ-102793,Cloud Architect,Media,UAE,High School,16,0.18,0.82,No,91733,High,5,36,Medium,High,2.83,Yes,3.33,Stable
AIJ-102794,Healthcare Analyst,Energy,Japan,High School,4,0.67,0.95,Hybrid,218558,Medium,7,30,Startup,Moderate,3.55,No,3.77,Growing
AIJ-102795,Teacher,Technology,India,Master,14,0.84,0.84,No,150008,Low,12,37,Medium,High,3.82,No,4.58,Declining
AIJ-102796,Machine Learning Engineer,Government,UAE,High School,13,0.06,0.74,Hybrid,33614,Medium,36,55,Enterprise,Low,3.88,No,2.26,Stable
AIJ-102797,Data Engineer,Healthcare,Australia,High School,6,0.91,0.3,No,164747,High,42,36,Startup,High,4.69,Yes,1.67,Declining
AIJ-102798,AI Engineer,Media,Germany,High School,8,0.11,0.81,Hybrid,132744,High,31,49,Medium,High,4.81,Yes,4.96,Declining
AIJ-102799,Cloud Architect,Government,Japan,PhD,2,0.9,0.44,Yes,133596,High,35,33,Enterprise,Moderate,2.59,Yes,1.96,Declining
AIJ-102800,Blockchain Developer,Finance,UK,PhD,0,0.65,0.85,Hybrid,97464,Low,45,38,Enterprise,High,4.76,No,4.21,Stable
AIJ-102801,Financial Analyst,Technology,Singapore,Bachelor,25,0.08,0.59,No,165033,Medium,44,37,Startup,High,2.15,Yes,2.6,Declining
AIJ-102802,IoT Specialist,Manufacturing,Singapore,Master,18,0.91,0.79,Hybrid,130095,Medium,21,60,Startup,High,4.2,No,2.87,Declining
AIJ-102803,AI Engineer,Finance,Germany,Master,25,0.24,0.81,Hybrid,184618,Low,10,43,Enterprise,High,2.87,No,2.52,Declining
AIJ-102804,Teacher,Energy,UK,Master,17,0.72,0.91,Yes,150957,High,41,49,Medium,Low,2.48,Yes,4.02,Stable
AIJ-102805,Data Scientist,Healthcare,Canada,PhD,10,0.1,0.58,Hybrid,211748,Medium,11,52,Medium,Moderate,3.38,No,2.92,Stable
AIJ-102806,Teacher,Government,Singapore,High School,25,0.69,0.88,Hybrid,98268,Medium,-3,52,Medium,Moderate,3.88,Yes,1.94,Declining
AIJ-102807,Data Engineer,Transportation,Canada,Master,22,0.55,0.38,No,61630,High,-9,55,Startup,High,3.88,Yes,4.11,Declining
AIJ-102808,Blockchain Developer,Education,Canada,Bachelor,22,0.24,0.85,Hybrid,95349,Medium,40,52,Startup,Moderate,3.65,Yes,4.08,Growing
AIJ-102809,Product Manager,Technology,Japan,Bachelor,16,0.63,0.31,Yes,156085,High,32,48,Enterprise,Moderate,2.63,Yes,3.52,Stable
AIJ-102810,AI Engineer,Education,Singapore,High School,12,0.46,0.53,Hybrid,81516,Low,26,54,Medium,High,3.18,Yes,2.87,Stable
AIJ-102811,Healthcare Analyst,Retail,UK,PhD,24,0.54,0.26,Yes,57732,Medium,11,58,Medium,Low,2.04,Yes,4.97,Growing
AIJ-102812,Data Scientist,Finance,UK,PhD,25,0.35,0.44,Yes,88786,Medium,34,59,Medium,Low,2.34,No,4.37,Declining
AIJ-102813,Prompt Engineer,Education,Singapore,Bachelor,13,0.29,0.43,No,131213,Medium,38,41,Enterprise,Moderate,2.4,No,2.86,Growing
AIJ-102814,Blockchain Developer,Retail,USA,PhD,25,0.88,0.95,Hybrid,116864,Low,6,52,Enterprise,High,4.86,No,1.38,Growing
AIJ-102815,Prompt Engineer,Technology,Pakistan,Bachelor,24,0.74,0.58,Hybrid,80602,Low,24,59,Startup,Low,4.35,Yes,1.13,Growing
AIJ-102816,UX Designer,Healthcare,Japan,PhD,21,0.71,0.36,Hybrid,197606,Low,3,59,Startup,Low,2.95,Yes,3.5,Declining
AIJ-102817,Financial Analyst,Retail,India,PhD,5,0.31,0.49,No,202965,High,21,52,Enterprise,Low,2.87,No,4.27,Growing
AIJ-102818,UX Designer,Finance,USA,PhD,3,0.55,0.55,Yes,181481,Medium,17,49,Enterprise,Low,2.57,No,1.34,Growing
AIJ-102819,HR Specialist,Technology,Japan,High School,5,0.49,0.88,Hybrid,159433,Low,1,60,Startup,Low,4.69,Yes,2.26,Growing
AIJ-102820,Machine Learning Engineer,Finance,Pakistan,High School,19,0.12,0.34,Yes,131914,Low,10,43,Startup,High,4.6,No,1.92,Growing
AIJ-102821,Financial Analyst,Finance,USA,High School,8,0.7,0.28,Yes,73982,Low,-8,48,Startup,High,2.47,Yes,1.61,Stable
AIJ-102822,Teacher,Retail,USA,Bachelor,15,0.22,0.28,No,74430,Low,3,45,Medium,High,3.61,No,3.12,Stable
AIJ-102823,Teacher,Finance,USA,Master,19,0.55,0.84,Hybrid,47900,Medium,12,37,Enterprise,Moderate,2.27,No,1.16,Stable
AIJ-102824,Data Engineer,Transportation,Japan,PhD,5,0.09,0.56,Yes,75768,Medium,20,55,Enterprise,High,4.12,Yes,1.52,Declining
AIJ-102825,UX Designer,Retail,Japan,Master,10,0.22,0.58,Hybrid,127732,Low,5,51,Startup,Moderate,3.73,Yes,2.32,Stable
AIJ-102826,Data Scientist,Transportation,Pakistan,High School,13,0.65,0.61,Yes,177727,High,-10,42,Medium,Low,3.21,No,3.49,Stable
AIJ-102827,Cloud Architect,Transportation,Australia,Master,17,0.47,0.31,Yes,191815,Low,15,32,Medium,High,4,No,2.21,Declining
AIJ-102828,UX Designer,Media,India,High School,20,0.07,0.85,No,166993,High,1,55,Startup,High,2.67,No,3.85,Declining
AIJ-102829,Product Manager,Energy,Germany,PhD,19,0.11,0.72,Yes,108659,High,37,31,Medium,High,2.76,Yes,2.9,Growing
AIJ-102830,DevOps Engineer,Healthcare,USA,Master,10,0.6,0.26,No,72074,Low,31,32,Medium,Moderate,4.05,No,1.42,Declining
AIJ-102831,HR Specialist,Government,UAE,High School,13,0.78,0.35,Hybrid,153927,Medium,22,50,Startup,High,3.21,Yes,1.42,Growing
AIJ-102832,Healthcare Analyst,Retail,Pakistan,PhD,9,0.13,0.71,No,163394,High,19,30,Medium,Low,3.56,No,3.95,Growing
AIJ-102833,Blockchain Developer,Manufacturing,India,High School,2,0.73,0.77,Hybrid,73681,Medium,17,41,Startup,Moderate,3.36,Yes,4.72,Stable
AIJ-102834,Financial Analyst,Finance,UAE,Bachelor,0,0.56,0.26,Yes,44899,High,10,38,Medium,Low,4.45,No,3.88,Stable
AIJ-102835,IoT Specialist,Manufacturing,Pakistan,Bachelor,16,0.75,0.88,Hybrid,92587,Low,36,55,Startup,Low,3.96,No,3.33,Growing
AIJ-102836,Machine Learning Engineer,Technology,Australia,PhD,13,0.57,0.33,No,195197,Low,6,45,Enterprise,Moderate,4.75,Yes,1.14,Declining
AIJ-102837,DevOps Engineer,Energy,Australia,High School,14,0.09,0.36,Hybrid,73988,Low,22,52,Enterprise,Moderate,4.39,No,3.78,Growing
AIJ-102838,Data Scientist,Finance,Japan,Master,24,0.68,0.81,Yes,120619,Medium,-7,54,Startup,Low,2.4,Yes,2.45,Declining
AIJ-102839,Blockchain Developer,Energy,Australia,High School,12,0.93,0.26,Yes,185278,Medium,-2,49,Startup,Low,3.59,Yes,4.28,Declining
AIJ-102840,Robotics Engineer,Media,Australia,Master,18,0.33,0.22,Yes,87946,Medium,37,40,Startup,Moderate,3.64,Yes,1.38,Declining
AIJ-102841,Prompt Engineer,Finance,Canada,PhD,9,0.66,0.42,Yes,160721,High,-9,56,Enterprise,Low,3.36,Yes,2.19,Stable
AIJ-102842,Teacher,Transportation,Germany,Bachelor,14,0.57,0.35,Hybrid,79702,Medium,-8,35,Enterprise,Moderate,4.09,No,1.86,Stable
AIJ-102843,Cybersecurity Analyst,Retail,Japan,Master,4,0.64,0.73,No,178565,Low,11,48,Medium,Low,4.83,Yes,4.09,Stable
AIJ-102844,Financial Analyst,Government,Japan,High School,8,0.92,0.88,No,97158,Low,39,59,Startup,Low,2.41,Yes,3.02,Growing
AIJ-102845,Software Developer,Healthcare,UK,High School,25,0.62,0.22,Yes,105506,Low,8,43,Enterprise,Moderate,3.83,No,1.58,Declining
AIJ-102846,Healthcare Analyst,Energy,Singapore,PhD,4,0.33,0.34,Yes,207657,Low,29,31,Enterprise,High,2.97,No,2.13,Declining
AIJ-102847,Business Analyst,Energy,Japan,High School,14,0.24,0.78,Yes,192543,Medium,6,51,Enterprise,High,3.48,Yes,2.34,Growing
AIJ-102848,Robotics Engineer,Transportation,UAE,High School,1,0.84,0.7,No,44256,High,2,52,Startup,High,4.85,No,1.52,Declining
AIJ-102849,Business Analyst,Media,Germany,Bachelor,22,0.19,0.87,No,110470,Low,45,34,Medium,Low,3.28,Yes,2.22,Declining
AIJ-102850,DevOps Engineer,Transportation,Pakistan,High School,7,0.28,0.95,Hybrid,97269,Low,40,49,Medium,High,2.89,Yes,3.17,Growing
AIJ-102851,Data Scientist,Retail,India,Bachelor,6,0.81,0.84,Yes,61698,Medium,38,31,Enterprise,High,2.16,Yes,4.28,Declining
AIJ-102852,Healthcare Analyst,Media,India,Bachelor,5,0.31,0.62,No,127920,Low,44,44,Medium,Moderate,3.57,No,2.34,Growing
AIJ-102853,Business Analyst,Finance,Pakistan,Bachelor,22,0.49,0.22,No,188073,Medium,9,49,Medium,Low,4.57,Yes,1.36,Stable
AIJ-102854,Teacher,Media,UAE,High School,22,0.51,0.28,No,101987,Low,37,30,Enterprise,High,2.67,No,2.83,Stable
AIJ-102855,Business Analyst,Energy,UK,Bachelor,2,0.58,0.61,No,216436,Medium,30,41,Startup,Low,4.19,Yes,3.53,Stable
AIJ-102856,Financial Analyst,Media,UK,PhD,25,0.91,0.45,No,170590,Medium,9,59,Enterprise,Moderate,4.57,Yes,2.38,Growing
AIJ-102857,Cloud Architect,Retail,India,Bachelor,18,0.51,0.45,Hybrid,168286,High,2,43,Enterprise,Moderate,3.23,Yes,2.84,Declining
AIJ-102858,Cloud Architect,Technology,UAE,Master,25,0.36,0.81,Hybrid,125371,High,24,33,Enterprise,High,3.2,No,4.54,Declining
AIJ-102859,HR Specialist,Transportation,USA,High School,23,0.11,0.6,Yes,63048,Medium,22,36,Enterprise,Low,3.07,No,1.67,Stable
AIJ-102860,Prompt Engineer,Government,UAE,PhD,19,0.63,0.97,Yes,55302,Medium,7,37,Medium,Low,4.56,Yes,3.94,Declining
AIJ-102861,Cloud Architect,Technology,UAE,Bachelor,4,0.65,0.34,No,215145,Medium,13,49,Startup,Low,4.81,Yes,4.25,Declining
AIJ-102862,Blockchain Developer,Finance,Canada,High School,20,0.28,0.83,Hybrid,51401,Medium,43,42,Startup,Low,4.37,No,4.05,Growing
AIJ-102863,Robotics Engineer,Manufacturing,Japan,Bachelor,3,0.36,0.74,Hybrid,108881,Low,4,33,Startup,Moderate,2.88,No,1.01,Growing
AIJ-102864,UX Designer,Technology,UAE,PhD,8,0.81,0.22,No,119658,Low,31,47,Enterprise,Moderate,4.08,No,1.77,Growing
AIJ-102865,Teacher,Retail,Singapore,High School,24,0.84,0.91,No,91316,Low,39,30,Medium,High,4.55,No,3.67,Growing
AIJ-102866,Data Scientist,Finance,Canada,High School,13,0.2,0.77,No,129315,Medium,-2,40,Startup,Moderate,3.77,No,2.02,Stable
AIJ-102867,Data Engineer,Education,USA,PhD,6,0.32,0.31,Hybrid,32036,Medium,8,36,Enterprise,Moderate,2.31,No,1.67,Stable
AIJ-102868,Blockchain Developer,Finance,India,PhD,16,0.35,0.74,Hybrid,178246,High,43,60,Enterprise,High,4.25,Yes,1.66,Stable
AIJ-102869,Prompt Engineer,Government,USA,Bachelor,7,0.45,0.55,Hybrid,200667,Medium,21,57,Startup,Low,4.78,Yes,2.36,Stable
AIJ-102870,Machine Learning Engineer,Technology,USA,Master,0,0.81,0.9,Hybrid,205050,Low,3,51,Medium,Low,4.9,Yes,1.75,Growing
AIJ-102871,Software Developer,Healthcare,Pakistan,PhD,7,0.37,0.23,Hybrid,44242,Low,15,42,Medium,High,2.84,Yes,2.63,Stable
AIJ-102872,Robotics Engineer,Retail,Pakistan,Master,7,0.82,0.29,Hybrid,87633,Low,28,42,Medium,Moderate,2.57,No,3.33,Declining
AIJ-102873,Digital Marketer,Retail,UK,High School,19,0.41,0.53,Yes,90182,Low,11,38,Enterprise,Low,3.14,Yes,2.18,Stable
AIJ-102874,UX Designer,Technology,Australia,Master,20,0.11,0.73,No,207066,Medium,15,41,Startup,Low,4.78,No,2.93,Growing
AIJ-102875,UX Designer,Manufacturing,Australia,Bachelor,18,0.36,0.36,Yes,95082,Low,9,51,Enterprise,Moderate,3.27,No,1.43,Growing
AIJ-102876,AI Engineer,Manufacturing,Japan,PhD,14,0.79,0.44,No,135149,High,42,41,Enterprise,Moderate,2.25,No,3.26,Growing
AIJ-102877,Prompt Engineer,Government,Germany,Bachelor,11,0.33,0.58,Hybrid,182045,Low,44,49,Startup,Moderate,3.93,Yes,4.7,Declining
AIJ-102878,Product Manager,Energy,UAE,Master,8,0.71,0.75,No,210460,High,17,56,Enterprise,Moderate,2.6,Yes,2.83,Growing
AIJ-102879,Software Developer,Energy,Japan,PhD,21,0.28,0.29,Yes,173804,High,35,54,Medium,High,2.17,Yes,2.37,Growing
AIJ-102880,HR Specialist,Retail,Japan,Master,21,0.57,0.66,Yes,183567,Low,20,39,Startup,Moderate,2.24,Yes,1.57,Stable
AIJ-102881,Product Manager,Government,Germany,PhD,0,0.8,0.61,Hybrid,116263,Low,-7,53,Startup,Moderate,3.36,No,1.9,Declining
AIJ-102882,UX Designer,Energy,USA,High School,4,0.63,0.66,Hybrid,77037,High,12,38,Enterprise,High,3.71,No,4.6,Stable
AIJ-102883,Blockchain Developer,Technology,India,Bachelor,23,0.11,0.64,Hybrid,144675,Medium,42,51,Medium,High,2.06,Yes,2.29,Growing
AIJ-102884,Financial Analyst,Government,Singapore,Master,25,0.72,0.62,Hybrid,88252,High,21,42,Enterprise,High,2.24,No,2.13,Growing
AIJ-102885,Teacher,Education,UAE,High School,22,0.3,0.5,No,121794,Low,19,34,Startup,Moderate,2.42,No,3.85,Declining
AIJ-102886,Healthcare Analyst,Transportation,Canada,PhD,5,0.85,0.57,Hybrid,215445,High,7,45,Enterprise,Moderate,4.75,No,4.86,Growing
AIJ-102887,UX Designer,Media,Germany,Master,12,0.16,0.5,Hybrid,189876,Low,-3,43,Medium,High,3.02,No,2.82,Stable
AIJ-102888,Business Analyst,Technology,Germany,PhD,2,0.74,0.83,Hybrid,190735,High,26,36,Startup,Moderate,4.19,Yes,4.14,Growing
AIJ-102889,Prompt Engineer,Media,Germany,PhD,23,0.95,0.98,Hybrid,79616,Low,33,36,Medium,Low,3.4,No,2.29,Growing
AIJ-102890,UX Designer,Energy,Pakistan,Master,10,0.75,0.75,No,40304,Medium,17,42,Startup,High,3.16,Yes,2.56,Growing
AIJ-102891,Robotics Engineer,Finance,Canada,High School,7,0.85,0.37,No,45235,High,37,60,Enterprise,High,4.45,Yes,2.21,Growing
AIJ-102892,HR Specialist,Education,UAE,PhD,22,0.21,0.36,Hybrid,147271,Medium,28,30,Startup,Low,3.8,Yes,3.48,Declining
AIJ-102893,UX Designer,Technology,Singapore,Master,1,0.06,0.43,Hybrid,154334,Medium,35,39,Enterprise,High,2.23,Yes,4.93,Growing
AIJ-102894,Teacher,Education,Singapore,Bachelor,24,0.93,0.66,No,111826,High,4,32,Startup,High,2.04,Yes,3.86,Declining
AIJ-102895,Prompt Engineer,Healthcare,India,High School,9,0.44,0.56,No,82094,High,16,32,Enterprise,Moderate,4.66,No,1.35,Growing
AIJ-102896,Teacher,Retail,UK,Bachelor,5,0.06,0.75,Yes,189788,Low,37,49,Medium,High,3.51,No,3.86,Growing
AIJ-102897,Teacher,Media,Canada,High School,15,0.77,0.99,Yes,176680,Low,-1,53,Startup,High,4.68,No,2.2,Growing
AIJ-102898,Data Engineer,Education,India,Master,8,0.33,0.3,Yes,163419,Medium,5,45,Medium,Low,2.8,No,1.37,Stable
AIJ-102899,Product Manager,Education,Canada,High School,19,0.09,0.37,Yes,64233,Medium,18,59,Startup,High,4.6,Yes,2.17,Declining
AIJ-102900,Software Developer,Manufacturing,USA,Master,19,0.65,0.88,Hybrid,108856,Medium,3,33,Startup,Moderate,4.29,No,4.36,Stable
AIJ-102901,DevOps Engineer,Healthcare,UAE,PhD,20,0.8,0.93,Hybrid,190165,Medium,34,35,Enterprise,Moderate,2.38,Yes,2.21,Growing
AIJ-102902,Software Developer,Manufacturing,Japan,Bachelor,6,0.11,0.77,Yes,168178,Medium,12,33,Startup,Moderate,3.24,Yes,4.38,Stable
AIJ-102903,Data Scientist,Manufacturing,India,PhD,18,0.94,0.44,Yes,139195,Medium,43,31,Enterprise,Moderate,3.93,No,3.63,Declining
AIJ-102904,Product Manager,Transportation,Singapore,PhD,10,0.3,0.37,Yes,35729,Medium,4,35,Startup,High,3.57,No,2.18,Declining
AIJ-102905,Business Analyst,Transportation,UAE,High School,0,0.21,0.93,Yes,45626,Low,42,36,Medium,High,2.42,No,4.22,Declining
AIJ-102906,AI Engineer,Media,Singapore,Bachelor,5,0.78,0.82,Hybrid,154088,Medium,44,31,Medium,Low,3.14,No,1.9,Stable
AIJ-102907,Blockchain Developer,Retail,Australia,Master,23,0.33,0.47,Yes,112672,Low,4,31,Medium,Low,2.65,Yes,3.67,Growing
AIJ-102908,Data Scientist,Energy,UK,Bachelor,11,0.51,0.48,Hybrid,119964,High,-8,53,Enterprise,High,4.41,No,3.45,Growing
AIJ-102909,Business Analyst,Media,Australia,Master,10,0.11,0.84,No,191194,High,11,57,Enterprise,Low,4.57,Yes,1.04,Growing
AIJ-102910,HR Specialist,Finance,UAE,Master,2,0.73,0.95,Yes,206733,Low,39,53,Medium,Moderate,2.98,Yes,3.73,Growing
AIJ-102911,AI Engineer,Transportation,Japan,Bachelor,8,0.62,0.24,Yes,99562,Low,18,56,Medium,Low,4.4,No,3.52,Declining
AIJ-102912,Robotics Engineer,Government,Japan,PhD,6,0.82,0.55,Yes,93332,Low,13,41,Startup,High,4.28,No,4.45,Stable
AIJ-102913,Prompt Engineer,Healthcare,UK,Bachelor,8,0.79,0.94,Yes,173212,High,32,31,Startup,Low,2.94,Yes,2.98,Growing
AIJ-102914,IoT Specialist,Retail,USA,PhD,11,0.63,0.35,Hybrid,176967,Medium,35,46,Enterprise,Moderate,4.61,Yes,2.39,Growing
AIJ-102915,Software Developer,Media,Singapore,Master,2,0.21,0.7,No,183462,High,4,60,Enterprise,Moderate,4.63,No,2.87,Growing
AIJ-102916,Financial Analyst,Manufacturing,Canada,Master,23,0.65,0.85,Hybrid,31500,Medium,-10,55,Medium,Moderate,4.6,Yes,3.95,Declining
AIJ-102917,HR Specialist,Media,Singapore,Bachelor,22,0.61,0.64,No,124808,High,20,39,Medium,Low,2.72,No,4.63,Declining
AIJ-102918,AI Engineer,Media,Canada,High School,7,0.6,0.38,Hybrid,35272,Low,-6,33,Enterprise,Moderate,2.04,No,2.49,Growing
AIJ-102919,Robotics Engineer,Education,USA,Master,6,0.87,0.4,No,110126,Medium,38,50,Medium,Moderate,4.68,Yes,4.17,Declining
AIJ-102920,Cybersecurity Analyst,Government,Pakistan,High School,15,0.4,0.38,Yes,149844,Low,21,33,Medium,Moderate,2.67,No,2.18,Growing
AIJ-102921,Blockchain Developer,Finance,USA,Bachelor,5,0.87,0.76,Yes,172342,High,4,54,Startup,Low,3.44,No,3.44,Declining
AIJ-102922,Teacher,Finance,India,Master,17,0.39,0.47,Yes,114862,Low,5,53,Enterprise,Low,2.36,Yes,3.02,Growing
AIJ-102923,Product Manager,Media,UK,PhD,7,0.76,0.4,No,202856,High,39,56,Medium,High,2.14,No,3.63,Stable
AIJ-102924,DevOps Engineer,Finance,Canada,Master,13,0.79,0.31,Yes,40011,Low,3,41,Medium,Moderate,2.57,Yes,2.89,Declining
AIJ-102925,Cloud Architect,Manufacturing,UAE,PhD,21,0.62,0.29,Yes,99505,High,-7,53,Medium,Moderate,3.69,Yes,4.01,Growing
AIJ-102926,UX Designer,Healthcare,Japan,High School,16,0.53,0.49,Yes,57546,Medium,7,40,Enterprise,Moderate,2.83,No,2.4,Growing
AIJ-102927,Digital Marketer,Energy,India,Bachelor,11,0.83,0.98,Yes,154531,Medium,-3,35,Startup,Moderate,3.18,Yes,3,Growing
AIJ-102928,Prompt Engineer,Education,UK,Bachelor,2,0.78,0.4,Yes,171374,Low,15,41,Enterprise,Moderate,4.83,No,2.13,Stable
AIJ-102929,Data Scientist,Media,Germany,Master,1,0.34,0.31,Yes,134870,High,27,44,Medium,Low,3.85,Yes,2.07,Growing
AIJ-102930,Machine Learning Engineer,Healthcare,Pakistan,Master,4,0.69,0.89,Hybrid,132121,Medium,-2,56,Medium,Moderate,4.54,Yes,4.72,Growing
AIJ-102931,Machine Learning Engineer,Finance,Canada,PhD,20,0.13,0.51,No,87352,Medium,27,38,Startup,Moderate,2.8,No,3.95,Declining
AIJ-102932,Teacher,Healthcare,Australia,Bachelor,14,0.76,0.67,No,149634,Low,40,56,Medium,Low,3.73,Yes,4.01,Declining
AIJ-102933,HR Specialist,Healthcare,UAE,PhD,24,0.24,0.37,Yes,175636,High,30,41,Medium,Low,3.87,Yes,1.43,Stable
AIJ-102934,IoT Specialist,Transportation,Germany,Master,23,0.63,0.88,Hybrid,167874,Low,-7,41,Enterprise,High,3.87,Yes,2.2,Stable
AIJ-102935,HR Specialist,Finance,Japan,Bachelor,20,0.66,0.56,No,204529,High,-4,42,Medium,Low,4.72,Yes,3.18,Growing
AIJ-102936,Blockchain Developer,Energy,Germany,PhD,12,0.78,0.54,Yes,158431,Medium,-2,45,Startup,Moderate,2.03,No,2.44,Declining
AIJ-102937,HR Specialist,Technology,Canada,High School,14,0.91,0.38,No,161204,Low,40,47,Enterprise,Low,2.01,No,3.39,Stable
AIJ-102938,DevOps Engineer,Retail,USA,Bachelor,17,0.39,0.76,Hybrid,138582,Low,-2,58,Enterprise,Low,2.43,Yes,3.72,Stable
AIJ-102939,Prompt Engineer,Energy,UK,PhD,11,0.68,0.48,No,143481,Low,9,59,Startup,High,4.44,Yes,1.79,Growing
AIJ-102940,Prompt Engineer,Government,Canada,PhD,12,0.61,0.76,No,79084,High,25,41,Medium,Moderate,4.93,No,1.67,Declining
AIJ-102941,Healthcare Analyst,Retail,UAE,Bachelor,1,0.66,0.89,Hybrid,36771,Low,17,38,Medium,High,2.98,Yes,3.35,Stable
AIJ-102942,IoT Specialist,Education,Canada,High School,0,0.68,0.52,Yes,41409,Medium,26,45,Medium,Moderate,3.15,Yes,1.21,Declining
AIJ-102943,Machine Learning Engineer,Finance,Germany,Master,10,0.33,0.3,Yes,164119,Low,-9,49,Medium,Low,2.5,No,4.89,Growing
AIJ-102944,Data Scientist,Government,India,High School,2,0.37,0.99,Yes,199530,High,40,42,Medium,Moderate,3.04,No,3.78,Declining
AIJ-102945,Healthcare Analyst,Technology,Japan,Bachelor,13,0.25,0.44,Yes,187802,High,29,55,Medium,Moderate,4.03,No,1.61,Growing
AIJ-102946,Machine Learning Engineer,Media,Singapore,Master,16,0.06,0.28,Hybrid,91953,High,8,44,Startup,High,3.98,Yes,2.66,Growing
AIJ-102947,UX Designer,Retail,Japan,High School,15,0.76,0.57,Yes,45695,High,-4,37,Enterprise,Moderate,2.76,Yes,4.51,Stable
AIJ-102948,Teacher,Technology,Pakistan,Bachelor,21,0.18,0.83,Hybrid,156863,High,21,40,Startup,High,4.08,No,1.85,Stable
AIJ-102949,Business Analyst,Education,Singapore,High School,0,0.72,0.57,No,159399,Low,6,51,Startup,Low,3.96,No,3.92,Growing
AIJ-102950,Data Scientist,Technology,Singapore,PhD,11,0.74,0.95,Hybrid,66977,Medium,1,52,Enterprise,Low,4.82,No,3.25,Growing
AIJ-102951,Blockchain Developer,Retail,Australia,PhD,10,0.86,0.25,No,104639,Low,0,52,Medium,Low,4.12,No,1.44,Stable
AIJ-102952,HR Specialist,Transportation,Japan,Bachelor,8,0.21,0.38,No,60357,High,34,42,Startup,Moderate,2.82,Yes,2.31,Growing
AIJ-102953,Blockchain Developer,Finance,UAE,Bachelor,8,0.4,0.98,Yes,62449,Medium,26,56,Medium,Moderate,2.79,Yes,4.96,Declining
AIJ-102954,HR Specialist,Finance,UK,Bachelor,1,0.89,0.92,Hybrid,174565,Low,-1,32,Startup,Low,4.64,Yes,2.01,Stable
AIJ-102955,Robotics Engineer,Education,USA,PhD,4,0.92,0.59,Hybrid,192376,Medium,2,54,Medium,Moderate,2.37,No,4.31,Growing
AIJ-102956,AI Engineer,Finance,UAE,PhD,6,0.61,0.39,Hybrid,129461,High,8,47,Medium,Moderate,4.33,No,3.88,Growing
AIJ-102957,Financial Analyst,Manufacturing,UK,High School,3,0.94,0.94,Yes,188899,High,42,49,Medium,Low,2.24,Yes,2.34,Stable
AIJ-102958,Teacher,Finance,Singapore,High School,0,0.29,0.29,No,64189,Low,44,36,Enterprise,High,4.01,Yes,2.01,Growing
AIJ-102959,Product Manager,Manufacturing,Japan,High School,12,0.5,0.46,Hybrid,171750,Low,9,37,Enterprise,High,3.43,No,3.49,Growing
AIJ-102960,HR Specialist,Manufacturing,Japan,Master,1,0.76,0.66,No,39160,High,31,34,Startup,High,3.58,Yes,1.75,Declining
AIJ-102961,Machine Learning Engineer,Government,Germany,Bachelor,6,0.84,0.46,No,35240,Medium,18,31,Medium,Low,3.69,Yes,2.41,Growing
AIJ-102962,Digital Marketer,Education,UK,Master,16,0.14,0.38,Hybrid,127979,High,40,38,Enterprise,High,2.05,Yes,2.69,Stable
AIJ-102963,Robotics Engineer,Retail,India,Master,0,0.79,0.27,Yes,115472,High,9,54,Medium,High,2.22,Yes,2.56,Growing
AIJ-102964,HR Specialist,Transportation,Germany,High School,19,0.27,0.58,Hybrid,207823,High,11,60,Startup,High,2.91,No,1.04,Declining
AIJ-102965,Data Scientist,Retail,India,High School,3,0.21,0.73,Yes,108212,Low,18,47,Medium,Moderate,4.89,Yes,4.6,Stable
AIJ-102966,Teacher,Technology,India,Bachelor,2,0.38,0.23,Yes,70992,High,17,47,Medium,Moderate,3.37,No,2.53,Stable
AIJ-102967,Product Manager,Healthcare,Australia,Master,6,0.95,0.23,Yes,103984,High,27,51,Enterprise,Low,4.06,No,4.79,Declining
AIJ-102968,Machine Learning Engineer,Transportation,Germany,Bachelor,8,0.89,0.57,No,44901,Medium,24,54,Startup,Low,2.91,No,2.12,Stable
AIJ-102969,Business Analyst,Government,Australia,PhD,20,0.26,0.81,Hybrid,195776,Medium,35,51,Medium,High,4.46,Yes,4.8,Declining
AIJ-102970,Data Scientist,Energy,Canada,PhD,21,0.13,0.38,Hybrid,110157,High,8,42,Startup,Moderate,3.19,Yes,4.65,Stable
AIJ-102971,DevOps Engineer,Government,Canada,Bachelor,8,0.65,0.33,Yes,51880,High,38,46,Enterprise,Low,2.47,No,3.24,Declining
AIJ-102972,AI Engineer,Retail,India,High School,9,0.59,0.41,Yes,144249,Medium,-4,39,Startup,High,4.03,No,2.5,Stable
AIJ-102973,Data Scientist,Transportation,UK,Master,14,0.41,0.39,No,218524,Medium,34,30,Medium,High,2.65,Yes,3.47,Stable
AIJ-102974,IoT Specialist,Transportation,UAE,Bachelor,9,0.39,0.77,Hybrid,88788,Low,6,35,Medium,High,2.94,Yes,1.7,Growing
AIJ-102975,UX Designer,Government,Japan,PhD,14,0.18,0.97,Hybrid,71802,High,28,57,Medium,High,4.97,Yes,3.33,Growing
AIJ-102976,Data Scientist,Retail,USA,PhD,15,0.81,0.47,Yes,53660,Low,10,55,Enterprise,Moderate,3.51,No,3.08,Declining
AIJ-102977,Data Engineer,Energy,Pakistan,High School,5,0.87,0.69,Yes,194869,Medium,6,33,Medium,Low,3.51,No,3,Stable
AIJ-102978,Digital Marketer,Education,Australia,Bachelor,15,0.95,0.93,Yes,69572,Medium,13,54,Startup,High,3.68,Yes,4.25,Growing
AIJ-102979,Machine Learning Engineer,Government,USA,Master,11,0.83,0.49,Hybrid,47790,High,41,43,Startup,High,3.65,No,1.55,Declining
AIJ-102980,Prompt Engineer,Energy,Australia,High School,11,0.76,0.79,Hybrid,35747,High,-8,48,Medium,High,2.47,No,1.84,Growing
AIJ-102981,AI Engineer,Finance,Canada,High School,13,0.2,0.95,Hybrid,158218,High,14,42,Enterprise,Low,2.48,Yes,3.1,Declining
AIJ-102982,IoT Specialist,Media,Canada,Master,8,0.82,0.67,Hybrid,54771,High,34,36,Medium,Low,4.22,Yes,2.26,Growing
AIJ-102983,HR Specialist,Education,India,PhD,22,0.63,0.81,No,104686,Low,-7,37,Medium,High,2.43,No,3.19,Stable
AIJ-102984,Cybersecurity Analyst,Energy,USA,PhD,9,0.35,0.48,Hybrid,177394,Low,13,44,Enterprise,Moderate,4.55,No,1.11,Growing
AIJ-102985,IoT Specialist,Education,USA,PhD,9,0.82,0.88,Hybrid,104518,High,-9,34,Medium,High,3.49,Yes,4.78,Stable
AIJ-102986,Financial Analyst,Finance,Canada,PhD,9,0.76,0.66,No,133617,High,15,40,Enterprise,High,4.73,No,1.78,Growing
AIJ-102987,UX Designer,Healthcare,India,Master,14,0.55,0.73,Hybrid,166973,Medium,12,60,Enterprise,High,4.4,No,1.79,Declining
AIJ-102988,Cybersecurity Analyst,Education,USA,Bachelor,25,0.53,0.47,Hybrid,141251,Low,44,35,Medium,Moderate,2.65,Yes,2.58,Growing
AIJ-102989,HR Specialist,Energy,India,PhD,3,0.47,0.75,Hybrid,126070,Low,33,59,Medium,Moderate,4.91,No,1.16,Stable
AIJ-102990,Business Analyst,Retail,India,High School,13,0.13,0.58,Yes,139883,Low,-3,31,Enterprise,Low,4.66,Yes,2.73,Stable
AIJ-102991,Machine Learning Engineer,Finance,Australia,Bachelor,15,0.8,0.97,Yes,86278,Low,26,43,Enterprise,Low,2.91,No,3.33,Declining
AIJ-102992,DevOps Engineer,Transportation,Canada,Master,13,0.55,0.69,Hybrid,71406,Low,30,39,Enterprise,High,3.41,Yes,1.29,Growing
AIJ-102993,Data Scientist,Transportation,Canada,Master,1,0.84,0.5,Yes,131350,Medium,30,52,Enterprise,Moderate,3.04,Yes,3.19,Declining
AIJ-102994,Prompt Engineer,Media,Pakistan,Bachelor,4,0.39,0.75,Yes,163485,Low,45,53,Startup,Low,4.31,No,3.88,Growing
AIJ-102995,Data Scientist,Education,India,Bachelor,0,0.62,0.27,Hybrid,202565,Medium,36,59,Enterprise,Moderate,4.54,Yes,1.27,Stable
AIJ-102996,Data Engineer,Healthcare,UAE,PhD,4,0.52,0.57,Yes,37215,Low,17,45,Startup,Low,2.71,No,2.56,Stable
AIJ-102997,DevOps Engineer,Energy,Pakistan,High School,7,0.72,0.7,No,55179,Medium,34,35,Startup,Low,4.88,Yes,3.17,Declining
AIJ-102998,Data Scientist,Government,Australia,Bachelor,19,0.82,0.76,Hybrid,125291,Medium,21,47,Startup,Moderate,3.59,Yes,3.78,Stable
AIJ-102999,HR Specialist,Retail,Germany,Master,9,0.68,0.44,No,152792,Low,32,44,Medium,Moderate,3.29,No,1.36,Growing
